CustomerID,recency,frequency,monetary,average_order_value,total_quantity,unique_products,cluster
12346,325,12,77556.46,6463.038333333334,74285,27,0
12347,1,8,4921.53,615.19125,2967,126,0
12348,74,5,2019.4,403.88,2714,25,0
12349,18,4,4428.6900000000005,1107.1725,1624,138,0
12350,309,1,334.40000000000003,334.40000000000003,197,17,1
12351,374,1,300.93,300.93,261,21,1
12352,35,10,2849.84,284.98400000000004,724,70,0
12353,203,2,406.76,203.38,212,23,1
12354,231,1,1079.4,1079.4,530,58,1
12355,213,2,947.61,473.805,543,35,1
12356,22,6,6371.7300000000005,1061.9550000000002,3416,104,0
12357,32,3,18287.66,6095.886666666666,6587,261,0
12358,1,5,3887.07,777.414,1079,56,0
12359,57,10,8873.39,887.3389999999999,2739,305,0
12360,51,8,4252.89,531.61125,2459,160,0
12361,286,4,511.25,127.8125,235,18,1
12362,2,11,5356.2300000000005,486.93000000000006,2230,201,0
12363,109,2,552.0,276.0,408,23,1
12364,7,4,1313.1,328.275,1506,70,0
12365,290,2,641.38,320.69,174,22,1
12366,633,1,500.24,500.24,296,3,1
12367,3,1,168.9,168.9,173,11,1
12368,627,1,917.7,917.7,330,18,1
12369,412,3,1791.15,597.0500000000001,1241,90,0
12370,50,7,4316.56,616.6514285714286,2604,168,0
12371,44,5,4067.38,813.476,1436,134,0
12372,71,3,1298.04,432.68,794,34,0
12373,310,3,1127.65,375.8833333333334,516,36,1
12374,24,4,2989.2200000000003,747.3050000000001,1362,79,0
12375,10,2,457.5,228.75,178,14,1
12376,389,2,503.15,251.575,240,11,1
12377,314,4,3426.32,856.58,2105,129,0
12378,129,2,5416.32,2708.16,3316,281,0
12379,81,4,1620.22,405.055,815,58,0
12380,21,11,9676.3,879.6636363636364,3355,156,0
12381,4,5,1845.31,369.062,808,70,0
12383,184,5,1850.56,370.112,1532,84,0
12384,28,2,585.27,292.635,126,26,1
12385,378,1,1938.4,1938.4,612,65,0
12386,337,2,401.9,200.95,354,10,1
12387,414,1,143.94,143.94,134,9,1
12388,15,8,3901.11,487.63875,2001,83,0
12389,402,3,1433.33,477.7766666666666,614,41,1
12390,79,1,549.84,549.84,353,32,1
12391,21,6,2724.84,454.14,1204,241,0
12392,590,1,234.75000000000003,234.75000000000003,73,7,1
12393,71,6,2399.45,399.9083333333333,1311,63,0
12394,63,2,1272.48,636.24,819,26,0
12395,18,15,4721.17,314.74466666666666,3205,145,0
12396,673,1,931.43,931.43,591,65,1
12397,35,2,2409.9,1204.95,1263,110,0
12398,45,1,1635.66,1635.66,1394,85,0
12399,118,7,1962.3,280.3285714285714,2198,67,0
12400,413,1,205.25,205.25,91,11,1
12401,302,1,84.3,84.3,11,5,1
12402,322,6,1256.9,209.48333333333332,584,43,1
12403,49,2,1019.36,509.68,260,5,1
12404,681,1,63.24,63.24,1,1,1
12405,148,1,1710.39,1710.39,857,54,0
12406,21,5,6390.36,1278.072,3416,114,0
12407,49,5,1708.12,341.624,1416,57,0
12408,32,8,4340.77,542.59625,2229,104,0
12409,78,7,23419.29,3345.612857142857,13143,177,0
12410,308,3,1013.71,337.90333333333336,341,36,1
12411,409,1,346.9,346.9,138,22,1
12412,74,6,2596.93,432.82166666666666,1997,82,0
12413,66,4,999.45,249.8625,319,41,1
12414,216,6,952.41,158.735,495,21,1
12415,23,28,144458.37,5159.2275,91447,498,0
12416,656,1,202.56,202.56,132,11,1
12417,2,20,6797.41,339.8705,2884,270,0
12418,112,4,2021.2,505.3,1088,90,0
12419,385,2,503.01,251.505,231,23,1
12420,63,1,600.39,600.39,345,29,1
12421,15,6,1098.6,183.1,652,44,0
12422,95,17,5231.8,307.7529411764706,2596,137,0
12423,0,10,2622.39,262.239,1793,128,0
12424,162,4,3340.03,835.0074999999999,2025,78,0
12425,77,2,1741.41,870.705,1147,87,0
12426,194,2,1345.21,672.605,584,73,0
12427,21,3,825.8000000000001,275.2666666666667,533,26,1
12428,25,9,7956.46,884.0511111111111,3536,258,0
12429,8,8,6204.41,775.55125,2890,124,0
12430,42,1,256.4,256.4,117,11,1
12431,35,27,10432.22,386.37851851851855,4600,244,0
12432,42,5,5059.32,1011.864,1801,107,0
12433,0,10,16794.14,1679.414,13534,285,0
12434,84,3,1103.43,367.81,532,62,0
12435,79,6,13925.93,2320.988333333333,4958,88,0
12436,99,1,509.01,509.01,211,16,1
12437,1,39,12683.4,325.2153846153846,8000,273,0
12438,13,2,2906.85,1453.425,1180,84,0
12439,682,2,1142.88,571.44,478,69,1
12440,461,2,859.2,429.6,331,21,1
12441,366,1,173.55,173.55,121,11,1
12442,2,1,172.06,172.06,182,12,1
12443,731,1,485.31,485.31,182,21,1
12444,20,5,5005.46,1001.092,1153,138,0
12445,21,2,434.98,217.49,206,24,1
12446,57,1,1002.31,1002.31,351,57,1
12447,242,1,476.49,476.49,190,26,1
12448,43,1,449.45,449.45,243,22,1
12449,21,6,4835.89,805.9816666666667,2282,125,0
12450,155,5,688.2,137.64,442,31,1
12451,10,8,12669.88,1583.735,9359,352,0
12452,16,2,430.5700000000001,215.28500000000005,185,21,1
12453,133,1,707.09,707.09,473,43,1
12454,55,5,16679.78,3335.956,7703,24,0
12455,72,10,5879.95,587.995,3302,199,0
12456,43,3,3181.04,1060.3466666666666,1633,105,0
12457,65,8,2995.91,374.48875,1094,63,0
12458,70,4,1777.49,444.3725,986,71,0
12459,604,1,454.36,454.36,258,23,1
12460,455,1,326.65,326.65,170,18,1
12461,93,2,826.88,413.44,287,35,1
12462,18,2,1189.59,594.795,536,51,0
12463,52,4,1344.78,336.195,776,65,0
12464,9,8,1212.05,151.50625,112,6,1
12465,16,2,742.19,371.095,479,46,1
12466,681,1,56.73,56.73,1,1,1
12467,422,1,132.8,132.8,129,9,1
12468,187,5,3670.74,734.148,2201,127,0
12469,522,2,3070.54,1535.27,2552,76,0
12470,689,1,211.95,211.95,95,23,1
12471,1,79,39918.19,505.2935443037975,16858,255,0
12472,31,19,16249.29,855.2257894736842,10378,397,0
12473,28,5,3928.05,785.61,2414,140,0
12474,16,31,12372.75,399.1209677419355,7940,369,0
12475,53,2,1149.64,574.82,771,54,0
12476,15,23,14083.91,612.3439130434782,5631,358,0
12477,22,9,20276.37,2252.93,6119,295,0
12478,3,1,680.99,680.99,236,36,1
12479,10,1,527.2,527.2,385,31,1
12480,27,7,5464.85,780.6928571428572,2952,177,0
12481,22,15,12185.51,812.3673333333334,7158,248,0
12482,575,29,23691.4,816.944827586207,27042,42,0
12483,16,19,5097.18,268.27263157894737,2160,68,0
12484,32,12,6354.1,529.5083333333333,3266,329,0
12485,528,1,708.1,708.1,414,34,1
12486,431,1,1037.28,1037.28,523,49,1
12487,730,1,285.3,285.3,174,2,1
12488,9,3,1298.66,432.8866666666667,529,46,0
12489,335,1,334.93,334.93,105,15,1
12490,4,21,9823.64,467.79238095238094,5906,195,0
12491,38,1,460.4,460.4,260,25,1
12492,62,3,715.21,238.4033333333333,444,38,1
12493,165,2,433.74,216.87,207,20,1
12494,15,9,1815.27,201.69666666666663,979,83,0
12495,640,1,357.4,357.4,130,17,1
12496,619,2,45.34,22.67,30,10,1
12497,81,3,6248.5,2082.833333333333,5685,41,0
12498,20,3,403.7000000000001,134.5666666666667,159,21,1
12499,559,1,393.72,393.72,302,27,1
12500,22,19,5955.21,313.4321052631579,3377,88,0
12501,336,1,2169.39,2169.39,1783,149,0
12502,95,5,3723.87,744.774,820,102,0
12503,583,1,1126.0,1126.0,561,2,1
12504,17,4,779.05,194.7625,458,11,1
12505,408,1,955.2,955.2,324,42,1
12506,232,1,73.5,73.5,23,23,1
12507,133,4,1844.06,461.015,1256,46,0
12508,25,2,397.88,198.94,271,57,1
12509,283,1,176.5,176.5,55,7,1
12510,142,9,5178.02,575.3355555555556,2049,94,0
12511,428,1,3084.02,3084.02,1753,190,0
12512,65,2,132.18,66.09,96,31,1
12513,112,1,612.29,612.29,462,35,1
12514,266,2,1597.76,798.88,840,76,0
12515,352,1,383.7,383.7,131,16,1
12516,77,4,2648.62,662.155,1952,49,0
12517,27,5,2481.6,496.32,1361,232,0
12518,0,5,2056.89,411.378,1318,84,0
12519,63,2,716.54,358.27,387,34,1
12520,78,5,2634.26,526.8520000000001,1439,121,0
12521,142,1,599.68,599.68,309,38,1
12522,38,2,192.72,96.36,194,11,1
12523,18,23,4352.35,189.2326086956522,2263,176,0
12524,8,17,11126.11,654.4770588235294,7178,157,0
12525,497,3,973.73,324.57666666666665,509,56,1
12526,0,3,1316.66,438.8866666666667,632,64,0
12527,81,5,735.51,147.102,526,26,1
12528,8,6,1933.48,322.24666666666667,756,50,0
12529,527,1,316.48,316.48,192,21,1
12530,59,9,3759.26,417.6955555555556,2713,94,0
12531,14,2,1933.2,966.6,1119,126,0
12532,29,1,349.83000000000004,349.83000000000004,153,16,1
12533,627,2,1367.89,683.945,704,63,1
12534,130,1,1089.18,1089.18,651,63,0
12535,91,2,716.35,358.175,219,28,1
12536,42,3,12601.830000000002,4200.610000000001,2803,260,0
12537,408,1,732.94,732.94,449,43,1
12538,28,2,640.45,320.225,336,33,1
12539,21,7,11214.75,1602.107142857143,4535,276,0
12540,19,33,22254.49,674.3784848484848,11019,354,0
12541,29,3,981.18,327.06,680,46,0
12542,483,2,481.88,240.94,522,39,1
12543,447,1,980.25,980.25,688,43,1
12544,35,1,372.7,372.7,136,19,1
12545,74,2,1000.39,500.195,523,42,1
12546,46,2,1161.5,580.75,633,59,0
12547,197,3,383.58,127.86,309,13,1
12548,165,1,95.2,95.2,49,5,1
12549,575,6,1575.68,262.61333333333334,1366,38,0
12550,78,1,964.83,964.83,569,57,1
12551,357,1,168.0,168.0,100,10,1
12552,38,2,437.82,218.91,88,20,1
12553,7,12,4608.75,384.0625,2325,109,0
12554,448,1,468.5,468.5,240,26,1
12555,681,1,129.23,129.23,1,1,1
12556,49,2,599.56,299.78,355,100,1
12557,15,8,18096.14,2262.0175,6382,15,0
12558,7,1,269.96,269.96,196,11,1
12559,310,2,561.71,280.855,283,21,1
12560,4,3,2134.01,711.3366666666667,1110,91,0
12561,302,1,238.85,238.85,177,16,1
12562,7,9,4966.92,551.88,2327,113,0
12563,408,1,249.24,249.24,113,13,1
12564,260,1,456.9,456.9,133,21,1
12565,288,1,145.92000000000002,145.92000000000002,80,9,1
12566,85,1,351.65,351.65,265,19,1
12567,22,15,11767.48,784.4986666666666,5308,365,0
12568,644,1,70.0,70.0,48,5,1
12569,1,32,4124.6900000000005,128.89656250000002,1801,92,0
12570,681,1,77.52,77.52,1,1,1
12571,39,2,519.61,259.805,523,31,1
12572,8,2,1020.42,510.21,452,53,0
12573,226,5,717.41,143.482,479,107,1
12574,315,1,218.45,218.45,61,11,1
12575,456,2,622.82,311.41,315,34,1
12576,35,8,2142.7200000000003,267.84000000000003,1494,114,0
12577,34,8,1617.1,202.1375,1191,259,0
12578,20,4,4642.45,1160.6125,2380,149,0
12579,77,1,440.42,440.42,285,29,1
12580,246,2,1052.9,526.45,569,52,1
12581,39,1,197.71,197.71,161,15,1
12582,238,4,1980.4,495.1,985,88,0
12583,2,27,13591.58,503.3918518518519,8535,141,0
12584,3,9,2338.15,259.7944444444445,416,44,0
12585,233,2,2040.1,1020.05,1279,77,0
12586,16,4,2062.67,515.6675,687,82,0
12587,7,1,144.0,144.0,51,4,1
12588,38,4,958.78,239.695,438,31,1
12589,28,8,4695.66,586.9575,1764,121,0
12590,210,2,9864.26,4932.13,4283,68,0
12591,316,3,1338.95,446.31666666666666,653,63,1
12592,91,5,2582.66,516.5319999999999,1875,42,0
12593,108,3,418.1,139.36666666666667,206,14,1
12594,37,15,5090.110000000001,339.3406666666667,2768,78,0
12595,504,1,299.02,299.02,271,19,1
12596,50,2,618.27,309.135,474,25,1
12597,18,4,3811.22,952.805,2236,184,0
12598,9,11,4534.09,412.19,2906,130,0
12599,28,13,2296.72,176.67076923076922,2189,47,0
12600,28,21,4967.42,236.54380952380956,1383,53,0
12601,189,6,681.26,113.54333333333334,290,24,1
12602,58,1,153.12,153.12,162,12,1
12603,21,1,739.1999999999999,739.1999999999999,63,2,1
12604,78,2,254.18,127.09,201,15,1
12605,375,4,1232.95,308.2375,929,63,0
12606,681,1,21.0,21.0,1,1,1
12607,59,1,1579.51,1579.51,1228,101,0
12608,404,1,415.79,415.79,323,16,1
12609,77,9,3435.86,381.7622222222223,1553,129,0
12610,22,5,2099.54,419.908,1049,85,0
12611,51,1,1193.32,1193.32,846,65,0
12612,73,1,704.04,704.04,262,19,1
12613,56,10,6817.37,681.737,4157,218,0
12614,277,1,315.6,315.6,76,20,1
12615,1,8,5740.9800000000005,717.6225000000001,3317,198,0
12616,94,3,1131.1,377.0333333333333,498,32,1
12617,28,1,352.98,352.98,210,39,1
12618,21,1,177.31,177.31,96,11,1
12619,15,10,3781.38,378.138,3518,55,0
12620,14,3,1339.41,446.47,1181,89,0
12621,1,35,24311.2,694.6057142857143,13706,344,0
12622,231,1,180.1,180.1,69,11,1
12623,275,7,3747.84,535.4057142857143,1971,112,0
12624,105,2,641.13,320.565,355,36,1
12625,211,4,5164.88,1291.22,3309,144,0
12626,22,9,6620.4800000000005,735.6088888888889,3453,232,0
12627,10,7,4478.53,639.79,2752,162,0
12628,3,3,786.46,262.15333333333336,448,34,0
12629,385,2,1558.22,779.11,722,40,1
12630,9,2,1270.88,635.44,548,60,0
12631,56,6,3481.57,580.2616666666667,1607,131,0
12632,520,2,804.88,402.44,694,32,1
12633,58,7,5678.16,811.1657142857142,3238,220,0
12634,535,2,490.0,245.0,337,20,1
12635,89,4,2930.41,732.6025,1949,159,0
12636,738,1,141.0,141.0,1,1,1
12637,66,12,8283.81,690.3175,4257,295,0
12638,32,2,921.49,460.745,663,47,0
12639,238,3,1312.37,437.4566666666667,631,58,1
12640,23,3,1174.58,391.5266666666666,311,47,0
12641,114,1,185.9,185.9,72,10,1
12642,24,3,1013.26,337.75333333333333,552,39,0
12643,127,12,8304.82,692.0683333333333,4665,14,0
12644,129,4,1918.49,479.6225,1032,106,0
12645,33,8,3539.3,442.4125,2125,111,0
12646,4,2,1346.97,673.485,897,43,0
12647,21,36,16955.55,470.9875,6633,240,0
12648,154,4,1112.0,278.0,518,38,1
12649,106,8,2294.65,286.83125,1959,94,0
12650,2,1,314.44,314.44,254,20,1
12651,334,4,377.75,94.4375,265,30,1
12652,330,2,1017.03,508.515,536,51,1
12653,148,3,4160.83,1386.9433333333334,1681,76,0
12654,10,5,601.98,120.396,264,31,1
12655,423,1,261.35,261.35,80,16,1
12656,16,8,6407.83,800.97875,2860,174,0
12657,10,4,1643.18,410.795,1044,35,0
12658,18,1,686.05,686.05,320,36,1
12659,29,1,91.68,91.68,105,5,1
12660,10,1,245.1,245.1,127,13,1
12661,435,1,162.0,162.0,216,11,1
12662,0,20,6726.54,336.327,3424,163,0
12663,624,2,239.4,119.7,181,9,1
12664,7,11,6070.04,551.8218181818182,1495,10,0
12665,324,3,313.6,104.53333333333336,165,13,1
12666,393,1,1248.42,1248.42,370,31,1
12667,57,1,620.13,620.13,395,33,1
12668,11,10,11383.03,1138.303,5049,263,0
12669,150,3,2744.03,914.6766666666666,1115,98,0
12670,9,7,3760.29,537.1842857142857,1627,71,0
12671,605,1,2622.481,2622.481,1460,45,0
12672,329,2,437.05,218.525,138,22,1
12673,4,3,1230.02,410.00666666666666,700,68,0
12674,38,4,1970.6,492.65,1133,52,0
12675,553,2,957.25,478.625,336,111,1
12676,24,11,2843.09,258.4627272727273,1867,67,0
12677,554,2,395.1,197.55,176,13,1
12678,41,21,34281.18,1632.4371428571428,22372,199,0
12679,58,4,1113.02,278.255,554,43,0
12680,0,4,880.81,220.2025,444,33,0
12681,14,45,29834.76,662.9946666666667,17011,459,0
12682,3,52,22950.22,441.3503846153847,10522,327,0
12683,3,21,11633.7,553.9857142857143,7019,236,0
12684,7,7,2283.63,326.23285714285714,1985,61,0
12685,27,6,2863.08,477.18,1523,117,0
12686,371,1,89.14,89.14,107,7,1
12687,480,2,2138.91,1069.455,1403,126,0
12688,113,1,4873.81,4873.81,3028,171,0
12689,25,2,1247.61,623.8050000000001,628,57,0
12690,205,1,389.01,389.01,106,16,1
12691,27,7,1170.4,167.20000000000002,445,24,0
12692,636,1,110.95,110.95,36,13,1
12693,126,7,1703.02,243.28857142857143,536,63,0
12694,69,3,1843.35,614.4499999999999,1355,69,0
12695,6,7,1407.12,201.0171428571429,454,46,0
12696,434,2,851.91,425.955,564,43,1
12697,28,3,957.59,319.19666666666666,508,37,1
12698,589,1,339.75,339.75,111,16,1
12699,417,1,638.11,638.11,373,41,1
12700,7,4,4939.99,1234.9975,2967,193,0
12701,79,6,2446.41,407.735,1727,118,0
12702,19,1,219.0,219.0,53,12,1
12703,70,4,1006.53,251.6325,595,56,0
12704,6,8,2340.84,292.605,1006,64,0
12705,14,14,11762.1,840.15,7188,320,0
12707,291,1,603.42,603.42,256,33,1
12708,29,18,5117.66,284.31444444444446,2432,130,0
12709,14,34,30291.76,890.9341176470588,13772,189,0
12710,96,3,1149.02,383.00666666666666,851,75,0
12711,611,2,1339.05,669.525,770,56,1
12712,28,21,6723.03,320.14428571428573,2205,126,0
12713,0,1,848.55,848.55,508,38,0
12714,8,12,14093.71,1174.4758333333334,8774,436,0
12715,105,1,343.36,343.36,192,20,1
12716,3,2,1053.49,526.745,708,60,0
12717,150,3,1308.91,436.3033333333333,600,60,0
12718,70,1,238.25,238.25,203,19,1
12719,4,2,644.95,322.475,374,34,1
12720,2,30,7787.28,259.576,6018,262,0
12721,31,8,4013.08,501.635,2655,183,0
12722,84,4,997.63,249.4075,566,50,1
12723,3,5,725.07,145.014,434,53,0
12724,4,7,2317.52,331.07428571428574,1379,94,0
12725,370,4,2266.76,566.69,1142,92,0
12726,27,11,4014.6,364.96363636363634,4618,63,0
12727,10,10,5679.53,567.953,2832,132,0
12728,70,5,1070.17,214.034,543,48,0
12729,113,1,453.01,453.01,233,26,1
12730,521,1,829.25,829.25,234,47,1
12731,23,17,25775.71,1516.2182352941177,11641,137,0
12732,179,1,236.26,236.26,111,12,1
12733,233,4,2424.87,606.2175,896,117,0
12734,352,3,639.65,213.21666666666667,265,17,1
12735,314,2,779.5699999999999,389.785,368,38,1
12736,332,1,234.0,234.0,173,4,1
12737,498,2,3710.5,1855.25,2,2,1
12738,371,1,155.35,155.35,148,11,1
12739,77,4,2726.73,681.6825,951,85,0
12740,63,1,427.6,427.6,342,27,1
12741,528,2,406.07,203.035,214,16,1
12742,625,1,1201.52,1201.52,1359,67,0
12743,133,2,540.13,270.065,315,114,1
12744,51,11,25317.06,2301.550909090909,6994,245,0
12745,486,3,925.41,308.47,468,21,1
12746,540,1,254.55,254.55,97,17,1
12747,1,26,8898.48,342.24923076923073,2640,85,0
12748,0,336,53539.64,159.34416666666667,37109,2286,0
12749,3,9,6897.36,766.3733333333333,2360,260,0
12750,128,1,275.88,275.88,137,15,1
12751,444,1,268.27,268.27,189,61,1
12752,80,1,4366.78,4366.78,2262,53,0
12753,22,6,21429.39,3571.565,11421,132,0
12754,235,3,3010.74,1003.58,6481,49,0
12755,280,11,5236.26,476.0236363636364,2293,34,0
12756,86,1,112.08,112.08,144,4,1
12757,15,13,7834.650000000001,602.6653846153847,2395,237,0
12758,116,7,9903.24,1414.7485714285715,6155,187,0
12759,51,8,5020.74,627.5925,3202,206,0
12760,455,1,347.8,347.8,198,21,1
12761,457,2,782.95,391.475,281,27,1
12762,7,2,1898.52,949.26,1227,62,0
12763,137,2,494.08,247.04,316,16,1
12764,316,1,1693.88,1693.88,386,45,1
12765,471,6,1404.58,234.09666666666664,1009,49,0
12766,3,9,8918.99,990.9988888888888,5022,253,0
12767,375,1,949.82,949.82,598,43,1
12768,450,1,168.69,168.69,102,10,1
12769,238,1,1143.6,1143.6,356,32,1
12770,210,2,3246.45,1623.225,1843,19,0
12771,485,1,282.3,282.3,104,15,1
12772,59,1,892.47,892.47,556,55,1
12773,563,1,124.25,124.25,109,6,1
12774,535,1,98.7,98.7,53,6,1
12775,16,7,1686.12,240.8742857142857,1083,55,0
12776,667,1,55.5,55.5,46,4,1
12777,457,1,519.45,519.45,458,26,1
12778,19,9,1775.68,197.29777777777775,1735,77,0
12779,37,14,6474.11,462.43642857142856,3501,142,0
12780,598,1,337.4,337.4,285,20,1
12781,63,2,826.74,413.37,671,25,1
12782,4,11,4618.24,419.84,2017,142,0
12783,1,6,2225.91,370.985,624,76,0
12784,8,3,1763.15,587.7166666666667,862,121,0
12785,363,3,1100.4,366.8,453,42,1
12786,609,1,728.5000000000001,728.5000000000001,324,18,1
12787,9,4,862.1800000000001,215.545,510,30,0
12788,462,4,444.9,111.225,194,20,1
12789,64,3,273.35,91.11666666666667,36,5,1
12790,191,2,591.85,295.925,306,36,1
12791,373,6,863.51,143.91833333333332,353,17,1
12792,256,2,827.01,413.505,394,39,1
12793,334,3,885.53,295.1766666666667,461,34,1
12794,52,2,860.41,430.205,592,43,1
12795,18,1,430.48,430.48,68,14,1
12796,627,1,381.0,381.0,182,7,1
12797,365,2,552.08,276.04,215,27,1
12798,9,4,8510.93,2127.7325,8455,27,0
12799,528,1,219.35,219.35,137,15,1
12800,469,3,584.25,194.75,284,31,1
12801,500,1,1071.82,1071.82,505,50,1
12802,186,7,2416.42,345.2028571428572,1972,108,0
12803,392,1,1092.81,1092.81,872,55,1
12804,465,2,325.37,162.685,270,60,1
12805,381,4,1434.95,358.7375,593,44,1
12806,434,4,2878.96,719.74,2087,58,0
12807,382,1,330.35,330.35,145,16,1
12808,36,5,776.7,155.34,322,46,1
12809,177,3,1755.94,585.3133333333334,518,75,0
12810,534,2,534.99,267.495,389,32,1
12811,260,5,1033.9,206.78000000000003,435,47,1
12812,44,1,229.64,229.64,164,15,1
12813,501,3,1687.8,562.6,1141,37,0
12814,101,1,125.92,125.92,49,2,1
12815,147,2,1063.46,531.73,379,38,1
12816,95,2,572.2,286.1,128,27,1
12817,280,3,690.98,230.32666666666668,219,16,1
12818,261,1,1542.08,1542.08,929,14,1
12819,457,1,540.52,540.52,344,19,1
12820,2,11,2689.52,244.50181818181815,1964,131,0
12821,213,2,220.8,110.4,162,13,1
12822,70,2,948.88,474.44,550,41,1
12823,74,18,6501.5,361.19444444444446,930,1,0
12824,59,1,397.12,397.12,232,25,1
12825,520,2,518.63,259.315,139,20,1
12826,2,12,2800.75,233.39583333333331,1915,93,0
12827,5,3,430.15,143.38333333333333,197,19,1
12828,2,6,1018.71,169.785,494,46,0
12829,336,3,385.3,128.43333333333334,550,17,1
12830,37,6,6814.64,1135.7733333333333,9848,13,0
12831,261,3,451.11,150.37,303,16,1
12832,31,2,383.03,191.515,195,27,1
12833,144,1,417.38,417.38,156,24,1
12834,282,1,312.38,312.38,110,18,1
12835,427,41,5996.83,146.2641463414634,2349,138,0
12836,58,15,6559.7300000000005,437.3153333333333,2231,280,0
12837,172,2,662.66,331.33,194,83,1
12838,33,10,2975.91,297.591,1606,230,0
12839,2,26,9669.12,371.8892307692308,6578,156,0
12840,143,7,4041.97,577.4242857142857,2258,109,0
12841,4,40,6958.2,173.95499999999998,5008,307,0
12842,69,4,1917.99,479.4975,887,45,0
12843,65,30,6583.36,219.4453333333333,3028,130,0
12844,28,4,648.6,162.15,223,88,1
12845,266,4,354.09000000000003,88.52250000000001,204,26,1
12846,681,1,15.58,15.58,1,1,1
12847,21,2,1609.0,804.5,1497,100,0
12848,675,1,208.0,208.0,58,16,1
12849,30,6,3042.4700000000003,507.0783333333334,1855,123,0
12850,445,1,330.0,330.0,200,2,1
12851,96,2,280.76,140.38,157,71,1
12852,294,1,311.55,311.55,149,17,1
12853,134,11,3907.5,355.22727272727275,1668,111,0
12854,78,7,2970.9700000000003,424.42428571428576,1630,188,0
12855,372,4,612.84,153.21,240,65,1
12856,7,6,2170.78,361.7966666666667,1076,155,0
12857,210,6,3688.0,614.6666666666666,1420,71,0
12858,382,1,147.27,147.27,51,36,1
12859,458,1,575.1,575.1,292,21,1
12860,692,1,54.22,54.22,26,16,1
12861,619,1,68.25,68.25,27,4,1
12862,425,2,984.62,492.31,611,119,1
12863,51,6,2792.55,465.425,895,24,0
12864,137,2,299.57,149.785,447,5,1
12865,25,4,3323.4700000000003,830.8675000000001,1973,156,0
12866,282,3,1227.35,409.1166666666666,553,58,1
12867,25,13,7829.26,602.2507692307693,7876,365,0
12868,185,8,2043.76,255.47,1170,86,0
12869,681,1,337.67,337.67,144,35,1
12870,374,3,1676.95,558.9833333333333,906,85,0
12871,83,3,744.02,248.00666666666663,484,13,1
12872,326,12,3283.96,273.66333333333336,1642,217,0
12873,281,3,2027.3,675.7666666666667,786,33,0
12874,384,2,948.42,474.21,623,44,1
12875,142,5,1356.9900000000002,271.398,5187,2,1
12876,57,4,4081.79,1020.4475,3047,117,0
12877,3,20,2942.14,147.107,2237,149,0
12878,235,2,854.99,427.495,547,38,1
12879,44,3,573.22,191.07333333333332,370,7,1
12880,381,2,640.13,320.065,279,32,1
12881,275,1,298.0,298.0,21,7,1
12882,8,2,1463.04,731.52,246,12,1
12883,24,4,703.47,175.8675,196,39,1
12884,87,1,309.05,309.05,43,7,1
12885,62,3,1175.22,391.74,655,66,0
12886,67,2,1378.4,689.2,770,75,0
12887,383,1,222.4,222.4,100,13,1
12888,213,2,354.12,177.06,76,4,1
12889,380,4,385.46,96.365,124,25,1
12890,23,2,706.02,353.01,457,124,0
12891,185,11,840.5,76.4090909090909,2325,2,1
12892,396,1,263.38,263.38,140,18,1
12893,30,1,176.55,176.55,90,27,1
12894,574,1,157.35,157.35,33,21,1
12895,41,2,372.8,186.4,210,22,1
12897,204,4,514.25,128.5625,249,10,1
12898,463,2,296.21,148.105,235,27,1
12899,413,1,366.4,366.4,108,17,1
12900,421,1,340.33000000000004,340.33000000000004,139,13,1
12901,8,28,17654.54,630.5192857142857,23075,30,0
12902,264,1,138.68,138.68,66,10,1
12903,428,1,833.5300000000001,833.5300000000001,493,41,1
12904,17,2,496.06,248.03,294,59,1
12905,576,2,1018.42,509.21,532,52,1
12906,11,5,2919.81,583.962,1749,55,0
12907,395,2,508.91,254.455,177,23,1
12908,175,5,1776.0,355.2,3000,1,1
12909,39,8,3103.19,387.89875,1948,120,0
12910,22,13,5796.52,445.8861538461539,3632,75,0
12911,551,1,1651.72,1651.72,807,220,0
12912,2,5,1662.3,332.46,670,17,0
12913,4,13,6283.24,483.3261538461538,3086,52,0
12914,400,1,223.98,223.98,336,9,1
12915,148,4,975.1,243.775,411,46,1
12916,138,7,4479.73,639.9614285714285,1681,82,0
12917,127,6,4359.2,726.5333333333333,1104,45,0
12918,625,1,10953.5,10953.5,1,1,1
12919,7,6,1335.19,222.53166666666667,673,34,0
12920,16,4,486.64,121.66,420,59,1
12921,8,74,35233.24,476.1248648648648,21328,322,0
12922,160,1,405.38,405.38,370,28,1
12923,63,3,770.42,256.8066666666667,230,54,1
12924,87,12,2469.4,205.78333333333333,1423,56,0
12925,4,3,729.33,243.11,649,46,0
12926,410,4,1523.97,380.9925,754,202,0
12927,394,1,197.31,197.31,145,11,1
12928,34,12,4304.89,358.74083333333334,2899,94,0
12929,311,1,117.85,117.85,37,8,1
12930,77,2,415.8,207.9,252,20,1
12931,21,57,92347.34,1620.1287719298246,62906,37,0
12932,538,8,1698.56,212.32,1609,69,0
12933,23,8,1636.63,204.57875,949,227,0
12934,736,1,181.65,181.65,31,2,1
12935,1,15,4243.86,282.924,3201,113,0
12936,16,4,1063.9,265.975,559,56,0
12937,14,9,3097.61,344.1788888888889,1983,128,0
12938,25,1,114.14,114.14,140,9,1
12939,63,20,25264.8,1263.24,10328,24,0
12940,54,2,899.69,449.845,404,87,0
12941,723,1,377.49,377.49,381,27,1
12942,130,3,675.6,225.2,198,68,1
12943,557,2,496.5,248.25,222,22,1
12944,35,2,604.51,302.255,289,29,1
12945,287,2,900.11,450.055,446,47,1
12946,436,1,324.45,324.45,149,20,1
12947,143,6,1603.99,267.33166666666665,1165,83,0
12948,15,9,2317.43,257.4922222222222,1304,89,0
12949,30,22,15526.7,705.7590909090909,8233,347,0
12950,1,3,1843.0,614.3333333333334,1380,13,0
12951,8,15,3213.7200000000003,214.248,1662,110,0
12952,5,4,1387.79,346.9475,653,64,0
12953,9,2,828.8100000000001,414.405,364,45,0
12954,638,1,162.45,162.45,83,10,1
12955,0,11,4757.16,432.4690909090909,3664,81,0
12956,305,4,521.89,130.4725,340,42,1
12957,9,13,8706.97,669.766923076923,4686,402,0
12958,399,2,467.34,233.67,118,45,1
12959,483,1,150.95,150.95,109,8,1
12960,413,4,1322.0700000000002,330.51750000000004,1379,49,0
12961,378,1,211.99,211.99,180,37,1
12962,6,2,266.39,133.195,129,15,1
12963,7,12,3235.79,269.64916666666664,1637,129,0
12964,436,1,132.24,132.24,56,26,1
12965,88,1,769.8100000000001,769.8100000000001,282,108,1
12966,9,1,160.18,160.18,75,10,1
12967,357,3,2938.52,979.5066666666668,912,47,0
12968,111,1,135.95,135.95,73,5,1
12969,602,1,122.45,122.45,55,5,1
12970,6,10,1453.6,145.36,954,280,0
12971,3,116,15704.6,135.3844827586207,14306,102,0
12972,413,4,1161.2,290.3,844,69,1
12973,413,1,385.55,385.55,31,6,1
12974,197,2,408.95,204.475,104,27,1
12975,436,6,2100.09,350.01500000000004,911,92,0
12976,211,8,3156.38,394.5475,2684,106,0
12977,155,4,513.88,128.47,128,54,1
12978,384,5,2502.82,500.564,1394,126,0
12979,728,1,517.7,517.7,520,56,1
12980,157,21,16245.78,773.6085714285715,1910,7,0
12981,29,2,372.22,186.11,242,12,1
12982,242,8,2744.81,343.10125,1729,139,0
12983,597,1,490.08,490.08,638,30,1
12984,18,1,97.5,97.5,26,4,1
12985,0,2,1239.38,619.69,1533,73,0
12986,428,10,2729.84,272.98400000000004,1164,61,0
12987,73,5,1312.21,262.442,585,61,0
12988,291,1,505.82,505.82,126,75,1
12989,2,33,13551.75,410.6590909090909,6935,50,0
12990,30,7,955.5,136.5,480,9,1
12991,22,3,764.82,254.94000000000003,483,45,1
12992,724,1,93.35,93.35,21,6,1
12993,22,8,1259.63,157.45375,751,57,0
12994,3,3,974.42,324.8066666666667,459,52,0
12995,84,1,211.32,211.32,108,3,1
12996,375,1,355.5,355.5,122,22,1
12997,21,8,2110.91,263.86375,1186,65,0
12998,492,3,920.08,306.6933333333333,1124,58,1
12999,195,3,455.88,151.96,342,25,1
13000,106,4,1032.5,258.125,548,57,1
13001,3,33,24042.65,728.5651515151516,13448,300,0
13002,317,3,414.13,138.04333333333332,201,19,1
13003,105,3,149.05,49.68333333333334,103,4,1
13004,11,36,11650.85,323.63472222222225,8768,417,0
13005,173,4,999.68,249.92,462,41,1
13006,55,1,81.57,81.57,55,4,1
13007,579,1,175.25,175.25,59,11,1
13008,322,3,612.13,204.0433333333333,379,31,1
13009,672,1,234.0,234.0,120,4,1
13010,373,2,330.12,165.06,323,10,1
13011,371,1,50.55,50.55,13,3,1
13012,8,11,2957.83,268.89363636363635,1559,95,0
13013,0,29,11097.43,382.67,5661,289,0
13014,10,11,5381.08,489.1890909090909,1979,140,0
13015,52,11,6579.78,598.1618181818181,3527,260,0
13016,72,3,789.89,263.2966666666667,527,39,1
13017,6,1,204.0,204.0,48,1,1
13018,15,35,9763.16,278.9474285714286,6746,401,0
13019,378,6,1229.95,204.99166666666667,397,46,1
13020,562,2,618.96,309.48,278,38,1
13021,3,17,4887.24,287.48470588235296,2546,166,0
13022,429,1,65.3,65.3,35,5,1
13023,63,3,1449.03,483.01,585,69,0
13024,470,2,555.87,277.935,181,26,1
13025,731,1,323.39,323.39,241,13,1
13026,0,9,1733.08,192.56444444444443,2466,52,0
13027,113,19,17239.2,907.3263157894736,42840,7,0
13028,22,2,661.3199999999999,330.66,798,40,1
13029,30,5,1927.3,385.46,194,13,1
13030,10,2,752.44,376.22,348,76,0
13031,406,5,3292.84,658.568,2309,275,0
13032,51,9,2815.96,312.88444444444445,1274,147,0
13033,356,2,220.55,110.275,98,12,1
13034,54,3,756.82,252.2733333333333,406,42,1
13035,73,3,1364.2,454.73333333333335,926,27,0
13036,684,1,307.1,307.1,38,6,1
13037,137,12,3914.95,326.24583333333334,2130,181,0
13038,79,3,908.46,302.82,360,24,1
13039,583,4,1010.73,252.6825,290,37,1
13040,8,2,676.99,338.495,355,38,1
13041,450,4,799.13,199.7825,335,23,1
13042,597,3,1488.59,496.19666666666666,812,164,0
13043,272,1,516.42,516.42,254,13,1
13044,290,11,4848.05,440.7318181818182,2548,356,0
13045,98,3,808.9200000000001,269.64000000000004,405,41,1
13046,30,3,949.25,316.4166666666667,505,50,0
13047,31,24,8428.53,351.18875,3328,190,0
13048,13,9,4049.13,449.90333333333336,2661,125,0
13049,63,4,1408.24,352.06,620,19,1
13050,14,35,11986.52,342.47200000000004,7015,513,0
13051,578,2,155.8,77.9,72,4,1
13052,211,7,3119.33,445.6185714285714,1424,161,0
13053,621,1,127.65,127.65,47,17,1
13055,77,4,2321.11,580.2775,1821,145,0
13056,550,1,209.48,209.48,158,18,1
13057,529,3,709.59,236.53,456,34,1
13058,24,3,271.40000000000003,90.46666666666668,52,5,1
13059,249,10,2291.77,229.177,860,155,0
13060,253,1,307.53000000000003,307.53000000000003,123,15,1
13061,71,1,248.61,248.61,107,10,1
13062,190,1,346.98,346.98,343,11,1
13063,480,1,188.4,188.4,116,12,1
13064,12,6,1666.84,277.8066666666667,668,58,0
13065,372,5,1055.05,211.01,381,49,1
13066,23,2,470.8,235.4,322,48,1
13067,81,3,508.51,169.50333333333333,131,24,1
13068,9,2,344.0,172.0,200,1,1
13069,0,38,9284.45,244.32763157894735,15171,573,0
13070,191,4,751.7,187.925,372,12,1
13071,611,1,129.22,129.22,30,12,1
13072,266,1,177.15,177.15,69,7,1
13073,410,2,418.08,209.04,261,25,1
13074,510,4,1378.74,344.685,826,26,1
13075,129,1,919.61,919.61,485,22,1
13076,457,1,135.4,135.4,44,9,1
13077,0,11,2740.65,249.15,2468,208,0
13078,2,57,29018.06,509.0887719298246,12032,153,0
13079,3,6,419.18,69.86333333333333,158,11,1
13080,178,4,280.73,70.1825,193,17,1
13081,11,28,56838.37,2029.9417857142855,40077,738,0
13082,125,21,7335.75,349.32142857142856,8466,99,0
13083,3,3,395.43,131.81,307,19,1
13084,491,1,122.4,122.4,144,2,1
13085,157,8,2433.28,304.16,944,50,0
13086,382,1,439.33,439.33,155,47,1
13087,725,1,313.64,313.64,86,15,1
13088,416,1,236.11,236.11,76,19,1
13089,2,203,113416.91,558.7039901477833,58932,857,0
13090,8,24,13091.74,545.4891666666666,3247,163,0
13091,27,3,2321.82,773.94,1339,41,0
13092,70,12,2140.28,178.35666666666668,664,52,0
13093,275,55,54144.25,984.4409090909091,25971,199,0
13094,20,13,2209.44,169.9569230769231,1896,5,0
13095,70,1,74.39999999999999,74.39999999999999,144,6,1
13096,393,1,419.7000000000001,419.7000000000001,6,1,1
13097,32,28,13324.1,475.8607142857143,5345,390,0
13098,0,28,28882.44,1031.5157142857142,15968,156,0
13099,98,1,207.36,207.36,288,1,1
13101,233,4,695.4,173.85,478,48,1
13102,0,37,11380.1,307.57027027027027,6366,212,0
13103,39,3,709.64,236.54666666666665,426,27,1
13104,2,9,1709.1,189.9,834,15,0
13105,435,1,72.0,72.0,100,1,1
13106,132,2,603.46,301.73,231,15,1
13107,43,9,5253.07,583.6744444444444,4316,142,0
13108,372,2,748.46,374.23,745,27,1
13109,59,3,1134.03,378.01,757,57,0
13110,30,12,2957.4700000000003,246.45583333333332,763,167,0
13111,718,1,321.88000000000005,321.88000000000005,180,12,1
13112,540,1,20.6,20.6,11,2,1
13113,0,37,18230.07,492.7045945945946,4435,166,0
13114,730,1,234.38,234.38,74,16,1
13115,11,10,5494.7,549.47,3934,178,0
13116,137,1,501.14,501.14,291,30,1
13117,21,18,2255.66,125.31444444444443,1852,122,0
13118,19,9,2415.41,268.37888888888887,834,111,0
13119,668,1,134.9,134.9,110,11,1
13120,238,1,30.6,30.6,12,1,1
13121,268,1,283.73,283.73,252,50,1
13122,93,2,922.39,461.195,585,54,1
13123,472,2,506.75,253.375,268,36,1
13124,89,4,4641.66,1160.415,2738,216,0
13125,523,1,148.62,148.62,53,20,1
13126,4,13,3774.81,290.37,3289,183,0
13127,77,1,259.17,259.17,127,15,1
13128,630,1,263.5,263.5,31,1,1
13129,451,2,233.25,116.625,296,10,1
13130,93,1,64.0,64.0,32,2,1
13131,22,7,3313.77,473.3957142857143,1523,107,0
13132,261,1,77.3,77.3,20,3,1
13133,273,3,200.45,66.81666666666666,55,12,1
13134,85,6,2475.23,412.53833333333336,1364,110,0
13135,196,2,3371.45,1685.725,4423,18,0
13136,55,13,6274.56,482.6584615384616,3109,204,0
13137,10,16,7586.94,474.18375,4238,628,0
13138,21,7,1274.01,182.00142857142856,593,41,0
13139,15,8,8202.98,1025.3725,4614,214,0
13140,107,5,1054.92,210.984,572,89,0
13141,84,17,7656.08,450.3576470588236,5159,285,0
13142,18,1,307.09000000000003,307.09000000000003,258,23,1
13143,584,1,405.1,405.1,198,23,1
13144,332,2,135.35,67.675,29,6,1
13145,39,7,1128.52,161.21714285714285,265,5,1
13146,25,1,228.91,228.91,154,16,1
13147,9,4,712.8,178.2,144,1,1
13148,28,26,8497.82,326.8392307692308,4487,451,0
13149,13,4,1676.06,419.015,1280,76,0
13150,483,3,449.97,149.98999999999998,171,7,1
13151,295,3,2465.21,821.7366666666667,813,131,0
13152,416,7,2146.38,306.6257142857143,977,114,0
13153,5,1,486.22,486.22,418,15,1
13154,398,3,1624.84,541.6133333333333,976,78,0
13155,32,6,1370.48,228.41333333333333,741,79,0
13156,384,3,1586.54,528.8466666666667,914,94,0
13157,48,9,5687.36,631.9288888888889,4762,173,0
13158,94,5,1508.18,301.636,992,70,0
13159,8,4,1429.35,357.3375,1058,114,0
13160,21,1,91.8,91.8,56,4,1
13161,312,2,472.13,236.065,105,30,1
13162,121,16,9275.49,579.718125,5755,186,0
13163,609,1,17.65,17.65,3,2,1
13164,568,2,372.2,186.1,120,7,1
13165,45,3,1451.16,483.72,1736,47,0
13166,282,2,875.93,437.965,522,55,1
13167,18,5,1125.15,225.03000000000003,1007,64,0
13168,35,5,1840.73,368.146,898,127,0
13169,63,3,840.08,280.0266666666667,296,16,1
13170,26,1,108.81,108.81,141,29,1
13171,21,3,468.41,156.13666666666668,229,37,1
13172,399,1,69.6,69.6,48,1,1
13173,3,11,2399.82,218.16545454545457,1481,160,0
13174,15,12,7995.36,666.28,3794,602,0
13175,581,2,831.45,415.725,423,40,1
13176,45,1,481.49,481.49,448,66,1
13177,64,2,512.2,256.1,180,23,1
13178,25,21,14059.19,669.4852380952382,8778,194,0
13179,618,1,572.3100000000001,572.3100000000001,368,34,1
13180,606,1,86.10000000000001,86.10000000000001,42,4,1
13181,380,1,359.69,359.69,171,19,1
13182,44,1,121.18,121.18,201,11,1
13183,7,15,7036.18,469.07866666666666,4027,64,0
13184,14,10,1668.95,166.895,1662,138,0
13185,267,1,71.4,71.4,12,1,1
13186,39,3,1575.89,525.2966666666667,820,69,0
13187,336,4,341.36,85.34,296,51,1
13188,10,1,114.6,114.6,25,2,1
13189,18,2,260.68,130.34,842,29,1
13190,543,3,570.66,190.22,308,16,1
13191,657,1,164.69,164.69,115,58,1
13192,94,6,2558.58,426.43,1629,135,0
13193,60,1,112.08,112.08,46,22,1
13194,135,2,472.78,236.39,326,10,1
13195,413,1,136.73,136.73,70,43,1
13196,10,7,3068.84,438.4057142857143,2006,141,0
13197,609,1,373.0100000000001,373.0100000000001,204,19,1
13198,9,8,4974.2300000000005,621.7787500000001,3449,265,0
13199,3,67,15964.21,238.2717910447761,11567,61,0
13200,18,4,870.09,217.5225,516,42,0
13201,501,4,1233.06,308.265,1036,65,0
13202,393,7,1580.3,225.75714285714284,572,55,0
13203,9,10,2648.25,264.825,2413,158,0
13204,730,1,966.66,966.66,428,57,1
13205,442,1,2803.2,2803.2,256,1,1
13206,399,13,8308.19,639.0915384615384,7086,393,0
13207,14,4,535.86,133.965,178,10,1
13208,58,9,1976.3,219.58888888888887,1343,198,0
13209,29,13,8509.51,654.5776923076924,5781,284,0
13210,93,1,353.48,353.48,316,22,1
13211,9,10,2618.77,261.877,1845,98,0
13212,19,3,786.83,262.2766666666667,309,128,0
13213,56,11,3851.52,350.1381818181818,2962,181,0
13214,417,7,3264.23,466.3185714285714,2966,207,0
13215,401,1,81.6,81.6,96,1,1
13216,267,1,333.74,333.74,297,5,1
13217,121,4,666.48,166.62,512,3,1
13218,126,1,62.64,62.64,88,5,1
13219,617,1,76.23,76.23,11,11,1
13220,77,5,1336.09,267.218,396,46,0
13221,239,2,847.41,423.705,244,62,1
13222,576,1,88.5,88.5,30,1,1
13223,199,6,969.12,161.52,568,8,1
13224,59,2,2155.95,1077.975,1518,101,0
13225,2,16,16260.07,1016.254375,7401,60,0
13226,272,2,312.46,156.23,179,28,1
13227,201,1,257.7,257.7,99,9,1
13228,80,1,358.0,358.0,200,2,1
13229,225,1,160.95,160.95,63,10,1
13230,3,30,6120.01,204.00033333333332,3520,653,0
13232,12,7,1328.35,189.7642857142857,773,147,0
13233,73,4,1176.46,294.115,1604,74,0
13234,672,2,346.5,173.25,159,56,1
13235,211,1,1031.07,1031.07,441,53,1
13236,24,2,744.85,372.425,416,34,1
13237,387,1,643.0,643.0,128,24,1
13238,16,6,1006.63,167.77166666666668,442,24,0
13239,261,5,1594.69,318.938,1151,86,0
13240,95,8,1475.79,184.47375,709,160,0
13241,411,1,112.53,112.53,46,40,1
13242,111,7,699.4,99.91428571428573,350,19,1
13243,202,5,1220.38,244.076,554,165,0
13244,92,1,121.74,121.74,38,27,1
13245,50,2,989.22,494.61,371,43,1
13246,17,11,3351.75,304.70454545454544,2796,229,0
13247,17,4,501.12,125.28,328,18,1
13248,124,2,465.68,232.84,305,25,1
13249,91,9,1608.9299999999998,178.76999999999998,1246,21,0
13250,460,2,253.09,126.545,107,17,1
13251,401,1,252.68,252.68,215,25,1
13252,393,2,399.3,199.65,134,19,1
13253,156,4,2951.11,737.7775,3015,73,0
13254,375,1,51.41,51.41,43,4,1
13255,8,3,678.76,226.25333333333333,407,26,1
13257,435,1,149.75,149.75,33,7,1
13258,11,5,1009.43,201.886,446,29,0
13259,61,9,1402.54,155.83777777777777,503,234,0
13260,60,1,557.62,557.62,142,8,1
13261,268,2,944.1,472.05,210,8,1
13262,262,3,573.45,191.15,247,48,1
13263,0,39,8676.2,222.4666666666667,5372,507,0
13264,442,1,722.5600000000001,722.5600000000001,375,38,1
13265,52,5,2092.66,418.532,1740,66,0
13266,10,19,6135.04,322.89684210526315,6837,154,0
13267,2,36,9429.81,261.93916666666667,3959,152,0
13268,17,11,3174.75,288.6136363636364,3624,257,0
13269,0,28,8537.32,304.9042857142857,6366,238,0
13270,365,1,590.0,590.0,200,1,1
13271,36,1,211.49,211.49,240,79,1
13272,30,2,276.56,138.28,96,15,1
13273,112,1,138.98,138.98,153,16,1
13274,408,1,360.85,360.85,199,19,1
13275,383,2,238.86,119.43,138,48,1
13276,63,5,1891.91,378.382,840,209,0
13277,15,7,523.3,74.75714285714285,382,10,1
13278,40,4,1435.85,358.9625,1358,80,0
13279,77,1,137.75,137.75,73,9,1
13280,121,7,2293.33,327.61857142857144,1489,159,0
13281,438,1,350.85,350.85,201,22,1
13282,17,4,1313.19,328.2975,410,42,0
13283,59,4,373.36,93.34,204,19,1
13284,330,1,201.19,201.19,91,13,1
13285,22,6,3364.59,560.765,2457,182,0
13286,599,1,734.91,734.91,274,46,1
13287,602,3,781.59,260.53000000000003,429,46,1
13288,442,5,927.61,185.522,379,7,1
13289,723,1,307.95,307.95,119,16,1
13290,437,1,208.63,208.63,1,1,1
13291,155,11,3270.79,297.3445454545454,1600,155,0
13292,38,5,994.51,198.902,530,55,0
13293,391,6,1192.94,198.82333333333332,555,51,1
13294,189,3,1689.53,563.1766666666666,996,93,0
13295,359,4,1101.97,275.4925,733,56,1
13296,136,6,792.51,132.085,653,50,1
13297,7,7,4368.62,624.0885714285714,2694,108,0
13298,0,1,360.0,360.0,96,2,1
13299,267,3,1218.7,406.23333333333335,416,56,1
13300,168,3,1285.51,428.5033333333333,455,44,1
13301,103,4,618.09,154.5225,345,75,1
13302,154,2,159.2,79.6,12,3,1
13303,399,1,61.72,61.72,26,4,1
13304,350,4,1217.99,304.4975,716,59,1
13305,3,16,3616.41,226.025625,2228,153,0
13306,429,1,53.65,53.65,74,4,1
13307,119,3,273.34,91.11333333333332,140,15,1
13308,22,4,1670.37,417.5925,1073,65,0
13309,6,6,1706.37,284.39500000000004,1914,95,0
13310,27,5,1541.2,308.24,816,80,0
13311,3,2,598.57,299.285,305,25,1
13312,450,1,124.75,124.75,41,5,1
13313,21,12,3445.32,287.11,2308,105,0
13314,1,3,775.94,258.6466666666667,560,55,0
13315,688,1,310.26000000000005,310.26000000000005,232,22,1
13316,36,10,12940.82,1294.082,19931,115,0
13317,65,19,6486.091,341.3732105263158,3149,222,0
13318,0,3,640.76,213.58666666666667,304,14,1
13319,4,58,21323.22,367.6417241379311,8974,345,0
13320,77,6,2211.6,368.6,1509,98,0
13321,71,2,567.36,283.68,372,10,1
13322,16,1,199.48,199.48,117,25,1
13323,2,5,787.85,157.57,175,6,1
13324,35,18,10513.47,584.0816666666666,8448,36,0
13325,81,1,675.3,675.3,240,12,1
13326,431,1,281.76,281.76,140,13,1
13327,38,20,9134.48,456.724,4203,175,0
13328,315,1,1308.48,1308.48,680,17,1
13329,31,8,4808.77,601.0962499999999,3311,68,0
13330,92,6,2796.1,466.01666666666665,1951,80,0
13331,401,1,262.4,262.4,54,12,1
13332,13,1,350.90000000000003,350.90000000000003,179,21,1
13333,410,3,1015.74,338.58,685,54,1
13334,81,5,6201.8,1240.36,3198,307,0
13336,76,1,795.12,795.12,559,51,1
13337,545,1,1575.26,1575.26,980,87,0
13338,157,4,2445.62,611.405,1151,113,0
13339,200,1,860.12,860.12,326,54,1
13340,44,12,22100.56,1841.7133333333331,9636,190,0
13341,260,1,775.85,775.85,301,42,1
13343,177,1,353.43,353.43,135,19,1
13344,67,3,2511.69,837.23,952,115,0
13345,287,1,389.5,389.5,141,20,1
13346,462,6,299.4,49.9,180,4,1
13347,69,1,341.36,341.36,205,8,1
13348,63,1,233.76,233.76,136,14,1
13349,10,1,247.32,247.32,225,16,1
13350,15,2,979.12,489.56,287,36,1
13351,65,1,373.94,373.94,117,16,1
13352,59,1,397.98,397.98,321,24,1
13354,70,1,743.53,743.53,604,51,1
13355,121,1,674.7,674.7,314,32,1
13356,79,1,768.24,768.24,325,42,1
13357,256,5,3805.51,761.1020000000001,2112,284,0
13358,268,1,439.03,439.03,285,29,1
13359,63,2,1043.31,521.655,381,52,1
13360,431,4,1553.65,388.4125,942,58,0
13361,471,2,1450.5,725.25,324,29,1
13362,8,7,5394.07,770.5814285714285,2481,186,0
13363,17,3,1723.86,574.62,1146,78,0
13364,70,1,134.96,134.96,71,10,1
13365,33,2,2225.37,1112.685,1247,122,0
13366,49,1,56.16,56.16,144,1,1
13367,431,1,510.2,510.2,253,20,1
13368,256,4,1121.5,280.375,606,45,1
13369,365,1,308.28000000000003,308.28000000000003,149,14,1
13370,371,1,754.87,754.87,343,39,1
13371,504,2,2297.66,1148.83,1019,75,0
13372,89,1,378.64,378.64,159,23,1
13373,60,6,7587.19,1264.5316666666668,4263,292,0
13374,414,2,422.8,211.4,135,17,1
13375,88,2,1792.23,896.115,1124,62,0
13376,98,3,1019.76,339.92,493,45,1
13377,396,2,1552.88,776.44,748,71,0
13379,25,3,572.56,190.85333333333327,601,85,1
13380,432,1,62.4,62.4,48,3,1
13381,31,12,8224.37,685.3641666666667,5125,154,0
13382,280,5,1387.58,277.516,863,74,0
13383,543,1,305.28000000000003,305.28000000000003,288,1,1
13384,30,11,6680.83,607.3481818181818,4142,192,0
13385,329,1,534.57,534.57,281,35,1
13386,413,2,835.46,417.73,514,24,1
13387,416,1,186.94,186.94,123,71,1
13388,130,3,1185.65,395.2166666666667,701,68,0
13389,10,3,797.96,265.9866666666667,429,50,0
13390,74,1,544.08,544.08,224,13,1
13391,203,1,59.8,59.8,4,1,1
13392,676,1,91.14,91.14,82,8,1
13393,583,4,1131.45,282.8625,662,53,1
13394,1,19,6621.7,348.5105263157895,5354,254,0
13395,184,3,1180.23,393.41,1660,77,0
13396,28,2,1360.99,680.495,600,42,0
13397,72,10,3191.87,319.187,1336,68,0
13398,191,2,670.34,335.17,341,37,1
13399,463,3,275.4,91.8,120,10,1
13400,582,1,310.83,310.83,284,23,1
13402,126,4,1226.85,306.71250000000003,917,55,0
13403,17,3,229.5,76.5,114,9,1
13404,0,2,252.49,126.245,111,11,1
13405,73,6,1213.811,202.3018333333333,855,33,0
13406,426,2,568.92,284.46,292,7,1
13407,578,3,2244.7,748.2333333333332,1690,85,0
13408,1,106,50174.782,473.347,28675,321,0
13410,23,9,2201.96,244.66222222222223,1244,25,0
13411,106,1,213.55,213.55,72,17,1
13412,619,1,487.35,487.35,176,33,1
13413,639,6,429.44,71.57333333333334,455,38,1
13414,133,6,2494.14,415.69,2702,48,0
13415,472,4,784.17,196.0425,496,85,1
13416,43,3,940.8,313.6,208,16,1
13417,4,6,1669.49,278.24833333333333,532,57,0
13418,11,31,11559.66,372.8922580645161,7354,328,0
13419,63,1,221.06,221.06,275,16,1
13420,149,2,159.85,79.925,101,8,1
13421,39,8,4058.75,507.34375,2351,174,0
13422,63,1,2626.3,2626.3,1326,127,0
13423,428,1,217.03,217.03,141,12,1
13424,449,1,572.77,572.77,529,40,1
13425,107,5,3390.4300000000003,678.086,2358,124,0
13426,0,22,8167.38,371.2445454545455,4868,162,0
13427,18,6,1006.53,167.755,880,35,0
13428,9,3,478.54,159.51333333333335,356,122,0
13429,10,4,1006.8,251.7,1390,55,0
13430,18,2,679.45,339.725,751,48,0
13431,66,8,3316.24,414.53,1570,113,0
13432,570,2,439.1,219.55,217,98,1
13433,500,4,658.32,164.58,190,22,1
13434,73,5,1666.86,333.372,864,17,0
13435,4,9,4447.33,494.1477777777778,2754,96,0
13436,1,1,196.89,196.89,76,12,1
13437,13,7,3408.06,486.8657142857143,1283,143,0
13438,546,1,46.5,46.5,10,1,1
13439,254,3,986.61,328.87,952,132,0
13440,422,7,1295.25,185.03571428571428,573,49,1
13441,91,2,720.9,360.45,520,33,1
13442,666,3,419.87,139.95666666666668,115,33,1
13443,448,6,1273.16,212.19333333333336,805,176,0
13444,373,2,619.08,309.54,331,51,1
13445,625,1,241.9,241.9,198,7,1
13446,429,11,3881.89,352.8990909090909,2403,113,0
13447,22,3,1129.14,376.38000000000005,584,55,0
13448,16,13,8745.93,672.7638461538462,4195,321,0
13449,23,1,291.88,291.88,222,19,1
13450,26,13,4120.04,316.92615384615385,4318,57,0
13451,25,11,7090.06,644.5509090909092,5229,561,0
13452,258,3,729.8,243.26666666666665,6,2,1
13453,165,3,781.69,260.56333333333333,341,33,1
13454,640,1,219.87,219.87,198,23,1
13455,24,6,2212.99,368.8316666666667,795,79,0
13456,17,6,1766.72,294.4533333333333,765,43,0
13457,688,2,148.22,74.11,96,9,1
13458,6,16,11959.27,747.454375,6760,290,0
13459,624,2,1160.41,580.205,986,57,1
13460,28,2,183.44,91.72,286,16,1
13461,38,6,4160.0,693.3333333333334,3132,30,0
13462,252,5,1153.85,230.77000000000004,697,64,0
13464,57,6,3097.64,516.2733333333333,1440,128,0
13465,445,2,931.12,465.56,584,34,1
13466,183,5,1013.35,202.67,660,49,1
13467,10,2,1071.91,535.955,580,89,0
13468,1,72,12793.28,177.68444444444447,5617,290,0
13469,652,1,82.4,82.4,52,6,1
13470,98,2,165.0,82.5,100,7,1
13471,0,4,2501.84,625.46,1583,214,0
13472,463,2,592.24,296.12,310,24,1
13473,60,8,2657.76,332.22,1000,65,0
13474,235,3,646.59,215.53,318,116,1
13475,190,4,1431.78,357.945,1012,64,0
13476,178,5,2061.4700000000003,412.294,713,86,0
13477,37,11,2819.17,256.28818181818184,2091,112,0
13478,468,5,2215.78,443.15600000000006,1189,114,0
13479,200,4,851.37,212.8425,716,45,1
13480,416,2,627.82,313.91,362,40,1
13481,45,11,3830.84,348.2581818181818,2055,162,0
13482,231,2,336.09,168.045,187,20,1
13483,65,1,140.34,140.34,160,10,1
13484,240,3,790.72,263.5733333333333,224,38,1
13485,232,11,3019.2200000000003,274.4745454545455,1798,131,0
13486,77,3,1122.41,374.1366666666667,669,69,0
13487,57,5,846.87,169.374,362,31,1
13488,16,23,14205.96,617.6504347826087,7375,370,0
13489,104,4,449.52,112.38,560,11,1
13490,653,1,154.25,154.25,25,8,1
13491,51,27,4467.66,165.46888888888887,2349,144,0
13492,135,3,1269.84,423.28,408,38,1
13493,274,2,618.63,309.315,380,6,1
13494,311,1,316.26000000000005,316.26000000000005,162,18,1
13495,7,10,4863.31,486.331,2465,59,0
13496,10,2,653.33,326.665,341,28,1
13497,282,6,1166.8300000000002,194.4716666666667,525,52,1
13498,729,1,327.38,327.38,362,17,1
13499,17,5,1159.11,231.82200000000003,1365,31,0
13500,22,4,1466.3,366.575,838,77,0
13501,287,3,2885.11,961.7033333333334,1253,90,0
13502,16,5,780.5,156.1,490,28,1
13503,70,6,1859.24,309.87333333333333,1105,158,0
13504,63,1,295.93,295.93,178,22,1
13505,72,4,4393.63,1098.4075,2486,182,0
13506,315,5,1338.08,267.616,942,55,0
13507,2,4,2479.16,619.79,1597,146,0
13508,243,2,287.05,143.525,180,27,1
13509,8,8,1114.72,139.34,1214,27,0
13510,0,11,4558.29,414.39,3044,176,0
13511,676,1,282.76,282.76,60,5,1
13512,260,4,713.39,178.3475,419,31,1
13513,126,3,824.59,274.86333333333334,364,32,1
13514,73,4,815.9000000000001,203.975,288,15,1
13515,72,6,1265.82,210.97,819,64,0
13516,20,4,1685.26,421.315,1114,55,0
13517,59,3,2128.42,709.4733333333334,1369,125,0
13518,85,1,627.16,627.16,382,36,1
13519,77,2,343.21,171.605,133,19,1
13520,58,11,6606.0,600.5454545454545,3179,81,0
13521,0,3,1071.73,357.24333333333334,718,313,0
13522,29,1,125.8,125.8,44,5,1
13523,32,6,4534.57,755.7616666666667,1989,177,0
13524,40,5,680.1800000000001,136.036,324,17,1
13525,14,2,628.78,314.39,394,5,1
13526,737,2,1182.0,591.0,1911,29,1
13527,33,12,4541.29,378.4408333333333,2736,266,0
13529,78,2,307.76,153.88,74,15,1
13530,633,1,402.98,402.98,272,18,1
13531,204,6,1433.07,238.845,497,44,1
13532,33,1,210.31,210.31,129,66,1
13533,182,3,269.09,89.69666666666666,202,61,1
13534,1,35,7720.900000000001,220.59714285714287,3869,163,0
13535,402,1,89.5,89.5,10,1,1
13536,0,7,3444.39,492.0557142857143,2126,91,0
13537,425,2,717.85,358.925,337,38,1
13538,42,12,3103.13,258.5941666666667,959,105,0
13539,85,7,1569.36,224.1942857142857,710,69,0
13540,466,3,632.39,210.79666666666665,189,26,1
13541,426,2,785.25,392.625,279,10,1
13542,376,17,3959.49,232.91117647058823,804,98,0
13543,633,2,1439.61,719.805,329,37,1
13544,39,6,790.2,131.70000000000002,331,219,0
13545,390,2,364.93,182.465,252,54,1
13546,11,5,1086.24,217.248,587,95,0
13547,407,1,167.08,167.08,79,44,1
13548,95,3,901.44,300.48,558,169,0
13549,25,8,1005.8,125.725,554,44,0
13550,382,1,342.55,342.55,430,40,1
13551,318,2,244.2,122.1,36,5,1
13552,65,22,6948.92,315.86,2630,162,0
13553,674,1,499.6,499.6,201,85,1
13554,379,7,1629.35,232.7642857142857,578,156,0
13555,73,13,8891.84,683.9876923076923,4762,264,0
13556,428,2,200.82,100.41,134,8,1
13557,27,13,3032.26,233.25076923076924,2398,126,0
13558,5,4,594.52,148.63,338,123,0
13559,512,2,990.0,495.0,360,1,1
13560,6,1,171.42000000000002,171.42000000000002,63,32,1
13561,215,11,1803.4,163.94545454545457,1125,131,0
13562,81,8,4838.18,604.7725,1603,88,0
13563,83,2,777.53,388.765,209,49,1
13564,143,37,16498.97,445.9181081081081,8878,484,0
13565,18,3,414.8,138.26666666666668,260,45,1
13566,40,5,1688.6,337.72,1257,263,0
13567,427,4,1079.29,269.8225,643,180,0
13568,172,1,187.05,187.05,66,41,1
13569,16,4,726.54,181.635,345,140,0
13570,242,1,239.49,239.49,161,27,1
13571,12,26,4537.26,174.51000000000002,3191,263,0
13572,205,1,1384.25,1384.25,534,32,1
13573,49,6,904.52,150.75333333333333,647,73,0
13574,410,1,404.45,404.45,304,84,1
13575,22,5,732.07,146.41400000000002,449,41,1
13576,9,28,11202.59,400.0925,4506,145,0
13577,24,11,3489.28,317.2072727272728,1661,102,0
13578,408,1,147.66,147.66,127,9,1
13579,14,5,1374.34,274.86800000000005,718,72,0
13580,405,1,107.75,107.75,45,5,1
13581,308,2,280.53000000000003,140.265,119,32,1
13582,389,2,241.68,120.84,106,10,1
13583,155,2,1445.031,722.5155,1097,93,0
13584,306,3,385.7,128.56666666666666,360,74,1
13585,530,3,684.54,228.18,1386,29,1
13586,540,1,127.28,127.28,38,20,1
13587,63,4,1673.5,418.375,664,27,0
13588,15,9,2478.95,275.43888888888887,2606,131,0
13589,14,6,1120.74,186.79,293,48,0
13590,10,18,6336.04,352.0022222222222,5271,255,0
13591,64,7,2093.94,299.13428571428574,850,89,0
13592,35,4,247.96,61.99,84,15,1
13593,107,14,5493.29,392.3778571428571,2170,212,0
13594,52,2,533.32,266.66,396,31,1
13595,516,3,784.48,261.49333333333334,341,114,1
13596,5,2,664.11,332.055,384,133,0
13597,399,2,396.71,198.355,231,17,1
13598,46,5,761.96,152.392,393,78,1
13599,0,33,9811.04,297.30424242424243,6248,235,0
13600,311,2,518.42,259.21,599,35,1
13601,44,4,1159.99,289.9975,957,160,0
13602,64,4,1025.17,256.2925,538,49,0
13603,25,1,164.34,164.34,164,27,1
13604,658,1,717.62,717.62,242,21,1
13605,386,2,522.67,261.335,425,50,1
13606,28,3,276.75,92.25,276,40,1
13607,39,2,1075.81,537.905,466,110,0
13608,540,1,232.05,232.05,110,31,1
13609,592,1,167.35,167.35,19,7,1
13610,11,14,2103.71,150.265,869,309,0
13611,88,10,3297.9300000000003,329.793,1988,170,0
13612,632,1,818.29,818.29,444,50,1
13613,452,5,1039.85,207.97000000000003,445,50,1
13614,23,6,2332.74,388.79,821,227,0
13615,318,8,6272.53,784.06625,2910,259,0
13616,567,2,283.85,141.925,172,31,1
13617,39,8,1278.75,159.84375,593,48,0
13618,173,1,177.34,177.34,246,13,1
13619,544,2,224.94,112.47,79,39,1
13620,527,1,112.34,112.34,74,5,1
13621,116,1,213.85,213.85,343,19,1
13622,695,1,658.95,658.95,379,32,1
13623,30,10,2533.06,253.306,1010,211,0
13624,387,1,462.08,462.08,820,22,1
13625,596,1,301.26,301.26,144,21,1
13626,252,2,707.04,353.52,398,44,1
13627,58,7,2245.9,320.8428571428572,1632,118,0
13628,675,1,310.14,310.14,106,16,1
13629,22,19,13370.86,703.7294736842106,7722,28,0
13630,4,7,2031.78,290.2542857142857,1391,51,0
13631,99,11,3070.42,279.1290909090909,467,6,0
13632,24,8,3645.81,455.72625,1633,166,0
13634,32,16,5033.77,314.610625,2090,269,0
13635,67,4,2999.16,749.79,1884,135,0
13636,36,5,949.12,189.824,592,57,0
13637,51,3,804.3,268.1,405,79,1
13638,15,1,122.64,122.64,93,8,1
13639,73,2,1346.27,673.135,997,49,0
13640,610,1,405.0,405.0,108,4,1
13641,640,5,1016.47,203.294,1098,41,1
13642,215,4,472.2,118.05,231,93,1
13643,30,10,2156.77,215.677,902,71,0
13644,15,4,2624.26,656.065,2067,144,0
13645,119,1,252.1,252.1,158,5,1
13646,399,2,326.25,163.125,79,58,1
13647,9,8,3041.68,380.21,1795,98,0
13648,399,8,1764.02,220.5025,960,95,0
13649,256,6,1453.68,242.28,782,97,0
13650,16,10,3288.0,328.8,1746,127,0
13651,34,3,226.85,75.61666666666666,62,14,1
13652,45,5,2262.05,452.41,1458,116,0
13653,487,1,152.2,152.2,72,9,1
13654,42,11,6308.0,573.4545454545455,4762,262,0
13655,113,6,2280.51,380.085,1225,103,0
13656,164,4,1078.85,269.7125,862,81,0
13657,10,2,382.14,191.07,209,16,1
13658,9,9,6025.5,669.5,2171,164,0
13659,205,12,4884.68,407.0566666666667,2527,224,0
13660,399,1,306.64,306.64,136,39,1
13661,602,1,325.24,325.24,118,17,1
13662,85,11,2233.61,203.05545454545452,1169,126,0
13663,178,5,2047.51,409.502,893,87,0
13665,385,3,1711.66,570.5533333333334,1652,97,0
13666,59,5,127.9,25.58,54,19,1
13667,148,1,299.05,299.05,149,82,1
13668,2,35,12948.48,369.9565714285714,6096,411,0
13669,50,3,413.55,137.85,393,13,1
13670,74,1,349.7,349.7,282,25,1
13671,394,1,172.6,172.6,95,61,1
13672,300,3,419.92,139.97333333333333,138,13,1
13673,18,2,387.44,193.72,114,47,1
13674,432,1,240.68,240.68,102,14,1
13675,150,2,486.8200000000001,243.41000000000005,330,25,1
13676,538,2,243.9,121.95,104,13,1
13677,404,2,551.24,275.62,217,98,1
13678,151,1,232.6,232.6,924,16,1
13679,493,3,281.26,93.75333333333332,102,44,1
13680,0,12,11419.67,951.6391666666668,5244,354,0
13681,17,4,827.83,206.9575,360,37,1
13682,186,1,59.5,59.5,10,3,1
13683,457,1,258.6,258.6,180,10,1
13684,285,4,594.88,148.72,234,81,1
13685,2,7,3119.44,445.63428571428574,5056,29,0
13686,182,3,409.04,136.34666666666666,378,27,1
13687,437,1,11880.84,11880.84,87167,45,0
13688,634,1,375.5,375.5,130,5,1
13689,62,2,1259.5,629.75,722,6,1
13690,58,1,172.25,172.25,67,9,1
13691,395,1,212.78,212.78,145,54,1
13692,24,5,3114.4,622.88,2101,83,0
13693,373,9,2011.82,223.5355555555556,880,78,0
13694,3,143,195640.69,1368.116713286713,188201,896,0
13695,30,16,2770.73,173.170625,1791,47,0
13696,421,3,2020.4,673.4666666666667,552,24,1
13697,38,1,151.3,151.3,177,12,1
13698,596,2,451.73,225.865,227,31,1
13699,154,2,764.15,382.075,219,33,1
13700,25,13,2596.9700000000003,199.7669230769231,2786,163,0
13701,446,1,161.0,161.0,80,9,1
13702,445,1,135.18,135.18,74,5,1
13703,317,2,425.56,212.78,128,36,1
13704,4,9,2308.06,256.4511111111111,1531,111,0
13705,7,7,1717.19,245.31285714285715,906,55,0
13706,302,2,631.1700000000001,315.58500000000004,301,38,1
13707,266,5,3365.86,673.172,2210,142,0
13708,270,1,285.33,285.33,301,49,1
13709,3,18,7571.35,420.6305555555556,4122,296,0
13710,31,3,509.52,169.84,336,13,1
13711,218,9,1792.26,199.14,819,80,0
13712,246,2,766.42,383.21,1128,32,1
13713,407,3,740.76,246.92,284,70,1
13714,464,1,161.35,161.35,50,30,1
13715,280,17,8153.04,479.5905882352941,4800,277,0
13716,268,1,138.28,138.28,138,21,1
13717,31,8,1763.3,220.4125,2144,110,0
13718,245,2,306.55,153.275,173,9,1
13719,14,11,2783.08,253.00727272727272,1588,194,0
13720,116,4,799.9,199.975,501,42,1
13721,35,2,741.54,370.77,512,41,1
13722,131,10,5635.41,563.5409999999999,3059,137,0
13723,216,6,1194.08,199.0133333333333,593,51,1
13724,636,1,213.01,213.01,130,39,1
13725,49,8,1980.56,247.57,806,95,0
13726,38,2,1079.66,539.83,1054,39,0
13727,28,8,1074.15,134.26875,368,74,0
13728,36,16,2855.17,178.448125,1269,75,0
13729,435,3,724.73,241.57666666666668,419,36,1
13730,135,2,752.6,376.3,488,38,1
13731,218,2,610.59,305.295,278,36,1
13732,27,1,491.86,491.86,498,33,1
13733,410,2,487.03,243.515,335,28,1
13734,508,4,6695.6900000000005,1673.9225,302,24,0
13735,24,13,9762.77,750.9823076923077,4135,362,0
13736,4,7,2752.47,393.21,1549,325,0
13737,199,1,339.6,339.6,125,29,1
13738,395,1,434.78,434.78,237,88,1
13739,17,2,292.2,146.1,76,6,1
13740,240,5,1582.77,316.554,987,83,0
13741,71,3,668.4300000000001,222.81000000000003,218,34,1
13742,16,12,3107.87,258.9891666666667,1115,200,0
13743,2,7,1341.6,191.65714285714284,1776,8,0
13744,94,2,1080.52,540.26,1153,54,0
13745,161,2,777.36,388.68,1146,46,1
13746,413,1,176.69,176.69,83,9,1
13747,373,2,169.8,84.9,60,4,1
13748,95,9,2064.35,229.3722222222222,1028,40,0
13750,53,11,3602.18,327.47090909090906,1370,51,0
13751,287,1,296.25,296.25,152,9,1
13752,123,7,1579.8300000000002,225.69000000000003,1005,75,0
13753,287,4,2094.57,523.6425,1450,64,0
13754,151,3,447.05,149.01666666666668,315,16,1
13755,3,9,2108.06,234.2288888888889,1242,232,0
13756,1,23,8655.95,376.3456521739131,5138,142,0
13757,674,1,195.55,195.55,54,8,1
13758,11,15,8698.13,579.8753333333333,4667,213,0
13759,32,2,659.4100000000001,329.70500000000004,287,24,1
13760,53,5,1363.64,272.72799999999995,623,95,0
13761,49,6,1952.17,325.3616666666667,1079,118,0
13762,218,5,2472.48,494.496,2608,23,0
13763,62,3,5217.44,1739.1466666666663,3224,50,0
13764,70,6,2919.62,486.6033333333333,2084,295,0
13765,652,1,352.821,352.821,297,17,1
13766,494,1,190.35,190.35,137,16,1
13767,1,73,33903.57,464.4324657534247,14595,117,0
13768,726,2,875.97,437.985,373,30,1
13769,1,20,5478.12,273.906,2452,121,0
13770,421,4,785.37,196.3425,468,48,1
13771,63,9,5728.82,636.5355555555556,3140,182,0
13772,33,8,3100.02,387.5025,1446,394,0
13773,396,2,301.54,150.77,174,19,1
13774,81,1,345.0,345.0,192,22,1
13775,590,1,1049.66,1049.66,455,63,1
13776,427,2,623.98,311.99,2,1,1
13777,0,61,49638.26,813.7419672131148,23190,44,0
13778,102,4,1124.49,281.1225,511,33,1
13779,515,1,161.13,161.13,53,27,1
13780,6,3,732.07,244.0233333333333,479,90,0
13781,250,3,778.83,259.61,300,56,1
13782,12,13,1786.08,137.39076923076922,643,187,0
13783,487,4,1542.09,385.5225,3437,4,1
13784,9,14,2910.23,207.87357142857144,2827,13,0
13785,428,4,542.49,135.6225,151,26,1
13786,366,6,3127.99,521.3316666666667,1515,80,0
13787,75,6,1222.5,203.75,998,71,0
13788,504,1,3.75,3.75,1,1,1
13789,387,1,239.46,239.46,258,18,1
13790,3,1,348.79999999999995,348.79999999999995,748,45,1
13791,127,2,1516.0,758.0,1200,7,1
13792,65,3,383.95,127.98333333333332,156,23,1
13793,646,1,96.0,96.0,52,7,1
13794,546,1,126.03,126.03,63,9,1
13795,387,4,836.3,209.075,1250,23,1
13796,498,1,289.7,289.7,218,22,1
13797,436,3,1179.45,393.15,573,71,1
13798,0,110,75428.87,685.717,48187,168,0
13799,116,9,2803.57,311.5077777777778,1539,64,0
13800,309,3,1679.56,559.8533333333334,891,73,0
13801,66,1,324.8,324.8,168,23,1
13802,138,19,26259.11,1382.0584210526315,14129,212,0
13803,254,3,1338.91,446.3033333333333,831,73,0
13804,30,9,3161.12,351.23555555555555,1797,149,0
13805,51,2,924.6,462.3,1900,10,1
13806,63,1,256.38,256.38,56,10,1
13807,366,3,422.2,140.73333333333332,116,24,1
13808,5,5,1747.66,349.53200000000004,782,70,0
13809,304,3,679.6999999999999,226.56666666666663,281,23,1
13810,28,3,1499.01,499.67,312,32,0
13811,183,3,814.5,271.5,68,7,1
13812,41,3,539.0,179.66666666666666,333,33,1
13813,39,8,2765.4700000000003,345.68375000000003,1292,84,0
13814,91,3,2257.32,752.44,1214,56,0
13815,21,8,7475.74,934.4675,5381,203,0
13816,23,2,571.6700000000001,285.83500000000004,269,25,1
13817,28,2,382.98,191.49,211,20,1
13818,429,1,61.28,61.28,60,5,1
13819,301,6,2642.35,440.39166666666665,2309,47,0
13820,417,3,652.75,217.58333333333331,285,68,1
13821,144,6,1379.08,229.84666666666664,477,158,0
13822,5,2,632.0,316.0,611,90,0
13823,18,7,3403.4500000000003,486.2071428571429,1564,108,0
13824,32,12,3314.76,276.23,1442,59,0
13825,621,2,255.59,127.795,182,38,1
13826,175,1,189.5,189.5,82,10,1
13827,57,3,409.8,136.6,138,83,1
13828,21,1,209.49,209.49,311,15,1
13829,420,1,102.0,102.0,12,1,1
13830,581,1,156.85000000000002,156.85000000000002,47,11,1
13831,15,18,6585.54,365.8633333333333,2393,121,0
13832,18,2,609.89,304.945,420,54,1
13833,158,2,700.41,350.205,243,43,1
13834,576,2,324.19,162.095,221,15,1
13835,24,7,1095.27,156.46714285714285,520,60,0
13836,398,2,620.37,310.185,273,29,1
13837,211,2,266.59000000000003,133.29500000000002,182,17,1
13838,5,10,1690.07,169.007,694,328,0
13839,485,1,139.95000000000002,139.95000000000002,25,7,1
13840,415,1,651.4,651.4,358,40,1
13841,252,1,85.0,85.0,100,1,1
13842,58,18,5319.34,295.5188888888889,2716,214,0
13843,380,1,319.75,319.75,145,18,1
13844,10,1,361.62,361.62,196,20,1
13845,64,1,312.98,312.98,182,9,1
13846,24,4,1307.79,326.9475,705,81,0
13847,719,1,310.72,310.72,96,19,1
13848,91,8,3015.0,376.875,9200,3,0
13849,51,5,3469.3,693.86,1883,189,0
13850,128,1,1595.48,1595.48,944,93,0
13851,95,8,4606.46,575.8075,2525,111,0
13852,610,1,187.35,187.35,85,11,1
13853,56,1,1090.14,1090.14,312,23,1
13854,8,39,11944.56,306.2707692307692,3642,61,0
13855,500,4,1310.34,327.58500000000004,575,64,1
13856,168,11,1142.03,103.82090909090908,1105,33,0
13857,392,6,1001.01,166.835,782,99,0
13858,56,1,216.17,216.17,75,11,1
13859,325,2,515.86,257.93,167,34,1
13860,0,5,1245.9,249.18,591,58,0
13861,428,2,273.26,136.63,225,21,1
13862,17,9,2556.09,284.01,1927,113,0
13863,247,4,1239.55,309.8875,553,59,1
13864,386,1,662.4000000000001,662.4000000000001,192,1,1
13865,57,4,501.56,125.39,204,26,1
13866,73,1,145.67,145.67,57,7,1
13867,30,3,1005.09,335.03000000000003,501,51,0
13868,6,2,3192.54,1596.27,1964,32,0
13869,122,10,7996.87,799.687,4302,502,0
13870,1,15,5712.08,380.80533333333335,3449,159,0
13871,22,17,7885.85,463.8735294117647,3502,183,0
13872,526,3,919.57,306.52333333333337,339,51,1
13873,119,8,1038.92,129.865,472,55,1
13874,357,7,2049.15,292.7357142857143,864,46,0
13875,53,14,4814.37,343.88357142857143,3072,159,0
13876,63,1,122.7,122.7,36,7,1
13877,85,3,449.68,149.89333333333337,478,23,1
13878,54,4,2416.9,604.225,927,93,0
13879,645,1,395.5,395.5,204,25,1
13880,20,17,4293.86,252.58,2535,148,0
13881,3,43,45179.1,1050.6767441860466,29760,182,0
13882,2,5,1191.13,238.22600000000003,953,54,0
13883,10,15,6560.02,437.3346666666667,3584,200,0
13884,6,10,1825.03,182.503,752,108,0
13885,188,2,506.8,253.4,182,28,1
13886,70,1,243.56,243.56,126,16,1
13887,203,1,349.55,349.55,147,19,1
13888,119,7,2001.59,285.9414285714286,795,124,0
13889,92,6,1991.23,331.87166666666667,979,57,0
13890,0,14,2927.38,209.09857142857143,1392,100,0
13891,377,3,859.21,286.40333333333336,476,97,1
13892,26,6,1267.65,211.275,3125,33,0
13893,297,1,821.1,821.1,190,21,1
13894,23,3,564.62,188.20666666666668,354,25,1
13895,27,6,4008.52,668.0866666666667,2060,154,0
13896,625,1,388.55,388.55,149,21,1
13897,49,3,1160.72,386.9066666666667,820,58,0
13898,325,2,686.4,343.2,544,43,1
13899,15,2,388.52,194.26,156,19,1
13900,182,6,1610.59,268.4316666666667,938,80,0
13901,71,15,5676.34,378.42266666666666,3344,280,0
13902,631,5,34095.26,6819.052000000001,220600,58,0
13903,399,1,165.45000000000002,165.45000000000002,103,10,1
13904,36,2,332.64,166.32,332,24,1
13905,732,1,312.65,312.65,135,12,1
13906,408,1,42.0,42.0,100,1,1
13907,691,1,136.8,136.8,68,4,1
13908,79,4,2369.55,592.3875,1478,104,0
13909,422,2,282.85,141.425,301,35,1
13911,56,20,4234.99,211.7495,4487,178,0
13912,423,1,124.95,124.95,29,7,1
13913,506,1,42.22,42.22,10,3,1
13914,11,2,626.45,313.225,380,28,1
13915,393,1,70.80000000000001,70.80000000000001,24,2,1
13916,463,4,1275.81,318.9525,673,72,1
13917,49,2,272.04,136.02,228,16,1
13918,49,2,1212.84,606.4200000000001,1140,30,0
13919,58,4,1360.68,340.17,1133,65,0
13920,431,4,1774.68,443.67,1772,81,0
13921,401,4,730.7,182.675,210,36,1
13922,351,3,865.2,288.40000000000003,467,30,1
13923,53,1,351.13,351.13,185,20,1
13924,1,6,1838.85,306.475,1575,90,0
13925,92,4,678.25,169.5625,331,28,1
13926,22,1,223.85,223.85,104,11,1
13927,74,2,708.26,354.13,463,37,1
13928,10,4,464.57,116.1425,129,23,1
13929,168,11,3494.1,317.6454545454545,1566,38,0
13930,57,2,337.34,168.67,274,15,1
13931,95,11,5257.38,477.9436363636364,3488,205,0
13932,294,1,307.4,307.4,72,16,1
13933,108,2,608.79,304.395,205,23,1
13934,263,1,922.1,922.1,390,31,1
13935,596,3,6116.92,2038.9733333333331,2252,67,0
13936,179,3,939.66,313.22,661,56,1
13937,168,2,880.13,440.065,587,54,1
13938,34,1,71.66,71.66,70,7,1
13939,22,7,1560.96,222.99428571428567,1608,91,0
13940,16,4,839.14,209.785,516,39,0
13941,21,15,10027.18,668.4786666666666,4782,42,0
13942,534,1,320.0,320.0,1000,1,1
13943,577,1,246.54,246.54,94,15,1
13944,652,1,200.43,200.43,153,35,1
13945,394,2,854.1500000000001,427.0750000000001,413,49,1
13946,78,6,1876.23,312.705,2847,49,0
13947,64,1,90.6,90.6,44,5,1
13948,360,4,548.76,137.19,248,23,1
13949,2,6,2427.32,404.5533333333333,2474,124,0
13950,10,4,745.0600000000001,186.265,323,33,1
13951,175,3,674.45,224.8166666666667,459,38,1
13952,217,14,12823.521,915.9657857142856,5947,238,0
13953,6,12,6640.68,553.39,5224,8,0
13954,1,2,439.92,219.96,150,24,1
13955,153,3,544.0699999999999,181.35666666666663,272,82,1
13956,4,5,1019.27,203.854,486,123,0
13957,417,3,458.25,152.75,157,21,1
13958,379,8,4709.2300000000005,588.6537500000001,2264,172,0
13959,78,6,1064.77,177.46166666666667,694,120,0
13960,20,2,230.22,115.11,142,11,1
13961,391,1,538.4,538.4,226,19,1
13962,21,3,362.8,120.93333333333334,160,23,1
13963,307,17,2860.57,168.26882352941178,2007,129,0
13964,386,2,438.9,219.45,228,22,1
13965,476,3,996.61,332.2033333333333,425,23,1
13966,434,1,384.26,384.26,760,21,1
13967,145,2,166.3,83.15,66,4,1
13968,422,1,123.66,123.66,174,8,1
13969,6,35,12973.46,370.67028571428574,6640,472,0
13970,385,2,846.55,423.275,469,10,1
13971,18,14,4667.57,333.3978571428571,3084,184,0
13972,70,2,190.25,95.125,187,15,1
13973,286,1,264.7,264.7,109,11,1
13974,48,2,677.72,338.86,356,43,1
13975,30,12,5256.4,438.0333333333333,3884,434,0
13976,206,4,1192.36,298.09000000000003,452,49,1
13977,410,1,519.8100000000001,519.8100000000001,303,13,1
13978,14,2,196.79,98.395,315,14,1
13979,72,7,3379.93,482.8471428571429,2270,356,0
13980,59,5,768.8199999999999,153.76399999999998,463,57,1
13981,415,1,331.14,331.14,234,22,1
13982,38,9,3954.29,439.3655555555556,2478,123,0
13983,29,21,6753.89,321.61380952380955,3925,238,0
13984,26,12,1893.8,157.81666666666666,1301,53,0
13985,3,22,10020.86,455.4936363636364,4936,149,0
13986,16,1,320.46,320.46,430,12,1
13987,379,2,682.54,341.27,492,46,1
13988,19,8,4757.8,594.725,3385,218,0
13989,65,5,2026.06,405.212,2207,61,0
13990,212,1,311.3,311.3,190,16,1
13991,11,6,852.88,142.14666666666668,995,58,0
13992,29,3,219.5,73.16666666666667,154,10,1
13993,42,19,6775.71,356.6163157894737,2135,110,0
13994,3,6,2274.14,379.0233333333333,932,122,0
13995,14,14,3902.01,278.71500000000003,2359,146,0
13996,385,2,895.76,447.88,613,29,1
13997,518,3,376.46,125.48666666666666,143,36,1
13998,446,3,566.7,188.9,204,30,1
13999,9,29,9502.26,327.6641379310345,5043,174,0
14000,210,5,2046.34,409.268,1838,28,0
14001,45,9,4228.85,469.8722222222223,1779,60,0
14002,133,2,529.73,264.865,877,47,1
14003,732,1,209.41,209.41,149,16,1
14004,42,11,6258.45,568.9499999999999,3425,127,0
14005,9,5,2874.72,574.944,2478,53,0
14006,115,7,2196.67,313.81,2181,55,0
14007,512,1,79.48,79.48,16,5,1
14008,431,1,509.04,509.04,326,32,1
14009,197,3,1099.91,366.6366666666667,951,71,0
14010,564,2,445.15,222.575,177,20,1
14011,479,2,457.82,228.91,644,32,1
14012,277,1,328.8,328.8,160,11,1
14013,109,5,1084.57,216.914,775,56,0
14014,76,3,1948.21,649.4033333333333,2004,76,0
14015,52,1,917.34,917.34,378,20,1
14016,161,11,11403.41,1036.6736363636364,5722,354,0
14017,570,1,229.75,229.75,73,14,1
14018,644,1,367.15,367.15,224,13,1
14019,46,3,1421.61,473.87000000000006,1037,37,0
14020,16,4,1249.01,312.2525,648,63,0
14021,154,7,1716.58,245.22571428571428,878,84,0
14022,224,2,792.15,396.075,681,45,1
14023,6,2,584.07,292.035,345,30,1
14024,121,3,645.74,215.24666666666667,238,33,1
14025,464,8,4057.9,507.2375,1914,60,0
14026,470,2,713.11,356.555,427,43,1
14027,60,1,104.82,104.82,62,6,1
14028,549,3,10396.5,3465.5,7170,3,0
14029,62,2,467.66,233.83,198,15,1
14030,17,20,7521.8,376.09,4215,591,0
14031,6,44,39019.51,886.8070454545455,13783,280,0
14032,1,16,4546.41,284.150625,3740,79,0
14033,554,1,109.44,109.44,576,1,1
14034,21,3,648.89,216.29666666666665,420,82,1
14035,28,9,2794.75,310.52777777777777,1405,70,0
14036,284,1,626.65,626.65,268,38,1
14037,175,6,836.95,139.49166666666667,590,96,1
14038,77,5,3069.88,613.976,1708,99,0
14039,32,2,267.28000000000003,133.64,192,10,1
14040,40,35,12523.81,357.82314285714284,4972,335,0
14041,265,1,141.41,141.41,94,21,1
14042,724,1,431.98,431.98,180,21,1
14043,490,2,302.6,151.29999999999998,152,37,1
14044,26,10,3077.7,307.77,2100,533,0
14045,108,16,10986.63,686.664375,4459,16,0
14046,283,1,154.99,154.99,460,14,1
14047,8,14,3968.11,283.43642857142856,1541,91,0
14048,304,3,748.69,249.56333333333336,467,126,1
14049,16,13,13023.4,1001.8,8480,573,0
14050,31,2,746.36,373.18,689,49,1
14051,0,37,21770.98,588.4048648648649,5709,82,0
14052,19,2,466.66,233.33,174,115,1
14053,123,4,572.3,143.075,490,3,1
14054,64,1,92.46,92.46,62,6,1
14055,105,3,1520.96,506.9866666666667,720,33,0
14056,0,23,8152.71,354.46565217391304,4252,320,0
14057,23,22,8346.66,379.3936363636364,6438,244,0
14058,462,2,469.19,234.595,211,23,1
14059,266,1,183.6,183.6,128,8,1
14060,4,30,8898.24,296.608,7419,100,0
14061,506,3,917.43,305.81,133,17,1
14062,9,24,25585.65,1066.06875,12794,141,0
14063,437,9,22710.2,2523.355555555556,3850,30,0
14064,28,15,3260.24,217.34933333333336,3911,131,0
14065,388,3,891.02,297.00666666666666,582,42,1
14066,266,1,152.55,152.55,45,7,1
14067,63,2,374.7,187.35,361,51,1
14068,319,4,1516.72,379.18,510,93,0
14069,514,2,225.81,112.905,58,37,1
14070,684,1,321.6,321.6,85,40,1
14071,3,8,1437.57,179.69625,994,271,0
14072,666,1,390.85,390.85,65,19,1
14073,31,1,151.04,151.04,130,13,1
14074,622,1,219.4,219.4,228,6,1
14075,4,6,1734.87,289.145,1494,59,0
14076,128,1,118.67,118.67,79,43,1
14077,40,6,615.08,102.51333333333334,376,43,1
14078,101,9,1553.47,172.60777777777778,586,107,0
14079,124,2,618.73,309.365,302,13,1
14080,32,5,1115.68,223.136,268,74,0
14081,301,10,4867.57,486.757,3381,465,0
14082,364,2,413.36,206.68,246,48,1
14083,3,11,1082.19,98.3809090909091,760,169,0
14084,511,1,150.5,150.5,306,7,1
14085,1,33,9720.67,294.5657575757576,6434,479,0
14086,462,1,39.95,39.95,1,1,1
14087,2,3,829.47,276.49,718,175,0
14088,9,16,64036.8,4002.3,15276,436,0
14089,56,1,158.75,158.75,133,13,1
14090,324,1,76.32000000000001,76.32000000000001,72,1,1
14091,653,2,9530.08,4765.04,3316,13,0
14092,7,24,7229.45,301.2270833333333,3606,169,0
14093,11,1,433.86,433.86,391,95,1
14094,439,1,311.77,311.77,158,41,1
14095,722,1,2.95,2.95,1,1,1
14096,3,17,65164.79,3833.222941176471,16352,1119,0
14097,480,2,422.86,211.43,352,39,1
14098,36,1,147.35,147.35,104,21,1
14099,15,20,5750.91,287.5455,3666,273,0
14100,137,1,191.95,191.95,63,24,1
14101,73,13,9961.93,766.3023076923077,10542,19,0
14102,4,5,1105.88,221.176,769,35,0
14104,154,5,743.53,148.706,496,117,1
14105,238,5,5988.83,1197.766,3534,200,0
14106,736,1,214.8,214.8,24,1,1
14107,51,11,4877.3,443.39090909090913,3489,102,0
14108,30,4,1044.96,261.24,660,49,0
14109,72,1,144.2,144.2,88,9,1
14110,3,33,12987.95,393.57424242424247,5825,177,0
14111,13,4,692.85,173.2125,458,10,1
14112,22,13,5834.59,448.8146153846154,3539,199,0
14113,3,16,7092.610000000001,443.288125,3439,76,0
14114,273,7,1364.09,194.87,650,72,0
14115,501,2,622.67,311.335,509,22,1
14116,19,5,1382.74,276.548,707,61,0
14117,143,1,90.0,90.0,72,3,1
14118,428,1,458.45,458.45,97,15,1
14119,375,2,183.37,91.685,177,11,1
14121,3,4,2780.15,695.0375,2082,148,0
14122,405,3,362.42,120.80666666666669,114,12,1
14123,732,1,436.18,436.18,234,24,1
14124,83,1,419.58,419.58,1618,4,1
14125,10,3,2720.63,906.8766666666668,1628,159,0
14126,7,4,1172.46,293.115,887,37,0
14127,122,6,1900.08,316.68,828,96,0
14128,60,3,924.21,308.07,814,50,0
14129,1,9,2591.34,287.9266666666667,1414,40,0
14130,318,4,1858.77,464.6925,1215,189,0
14131,648,1,168.22,168.22,105,45,1
14132,1,11,3586.03,326.00272727272727,3368,100,0
14133,129,4,911.14,227.785,398,33,1
14134,382,15,11123.35,741.5566666666667,5814,130,0
14135,1,24,8839.67,368.31958333333336,8534,138,0
14136,400,5,1570.81,314.162,1148,86,0
14137,695,1,332.7,332.7,462,11,1
14138,1,2,965.88,482.94,600,40,0
14139,45,4,1086.8,271.7,1049,48,0
14140,3,2,935.05,467.525,811,60,0
14141,2,4,915.13,228.7825,355,27,0
14142,372,2,671.34,335.67,518,42,1
14143,133,1,115.8,115.8,30,7,1
14144,485,1,30.6,30.6,12,1,1
14145,46,7,7600.05,1085.7214285714283,1655,11,0
14146,8,12,9450.3,787.525,5780,337,0
14147,77,9,2590.2,287.79999999999995,995,24,0
14148,233,2,466.29,233.145,223,15,1
14149,220,1,446.62,446.62,218,28,1
14150,35,2,658.64,329.32,496,23,1
14151,672,2,679.45,339.725,405,44,1
14152,74,7,1997.34,285.3342857142857,1844,104,0
14153,482,1,233.4,233.4,312,17,1
14154,238,8,6460.7,807.5875,3222,236,0
14155,265,1,118.75,118.75,25,6,1
14156,9,156,313437.62,2009.215512820513,164325,1446,0
14157,19,5,978.69,195.738,521,75,0
14158,39,1,507.66,507.66,781,41,1
14159,19,20,7860.8,393.04,6520,706,0
14160,609,7,8421.47,1203.0671428571427,4661,80,0
14161,215,7,2996.93,428.1328571428571,1480,202,0
14162,173,2,289.36,144.68,142,25,1
14163,86,5,2594.62,518.924,950,42,0
14164,70,2,1631.77,815.885,1033,28,0
14165,275,1,120.44,120.44,53,23,1
14166,504,2,251.15,125.575,82,39,1
14167,38,8,1274.29,159.28625,340,48,0
14168,420,2,370.45,185.225,147,11,1
14169,430,2,621.51,310.755,205,50,1
14170,374,3,570.18,190.06,270,123,1
14171,97,2,498.79,249.395,211,61,1
14172,604,3,369.02,123.00666666666666,78,38,1
14173,10,6,586.0,97.66666666666669,194,30,1
14174,32,1,134.46,134.46,94,26,1
14175,59,8,7678.88,959.86,3009,237,0
14176,296,5,756.46,151.292,265,33,1
14177,85,13,2209.69,169.97615384615386,1043,141,0
14178,8,7,1600.26,228.60857142857145,1494,191,0
14179,40,2,701.57,350.785,319,135,1
14180,10,33,6117.5,185.37878787878788,847,125,0
14181,410,2,308.35,154.175,120,48,1
14182,443,4,678.77,169.6925,174,42,1
14183,410,2,278.34000000000003,139.17000000000002,60,27,1
14184,66,1,452.89,452.89,127,24,1
14185,330,1,197.65,197.65,6,3,1
14186,426,5,1550.63,310.12600000000003,1550,75,0
14187,473,1,123.5,123.5,50,8,1
14188,30,6,2054.36,342.3933333333334,1162,34,0
14189,1,16,5503.150000000001,343.94687500000003,4392,199,0
14190,665,1,79.9,79.9,2,1,1
14191,1,15,4817.66,321.1773333333333,3724,147,0
14192,387,1,293.74,293.74,218,14,1
14193,67,3,1210.19,403.3966666666667,653,49,0
14194,4,36,18670.59,518.6275,10037,432,0
14195,201,6,2615.6,435.9333333333333,2144,10,0
14196,106,1,335.52,335.52,142,6,1
14197,410,1,390.05,390.05,143,20,1
14198,17,9,1569.73,174.41444444444446,623,58,0
14199,217,4,1091.7,272.925,254,15,1
14200,616,1,379.2,379.2,140,21,1
14201,59,10,1193.54,119.354,806,47,0
14202,380,3,847.76,282.58666666666664,166,27,1
14203,396,1,339.34,339.34,80,16,1
14204,1,4,1024.83,256.2075,469,186,0
14205,16,9,2414.2,268.2444444444444,1342,79,0
14206,238,3,1185.01,395.0033333333333,930,62,0
14207,687,1,157.8,157.8,36,2,1
14208,94,2,567.05,283.525,529,34,1
14209,10,15,4993.27,332.8846666666667,1739,133,0
14210,105,16,5556.570000000001,347.28562500000004,2511,143,0
14211,52,18,4402.29,244.57166666666663,2575,155,0
14212,89,2,2190.14,1095.07,2046,18,0
14213,404,1,1192.2,1192.2,244,5,1
14214,30,5,1004.38,200.876,751,64,0
14215,11,9,3250.33,361.1477777777778,2181,167,0
14216,2,5,2150.04,430.008,712,65,0
14217,1,23,3298.59,143.41695652173914,1230,122,0
14218,42,1,169.48000000000002,169.48000000000002,160,12,1
14219,3,3,633.83,211.27666666666667,363,39,0
14220,246,4,1515.0,378.75,468,26,1
14221,41,17,6517.49,383.3817647058824,3808,166,0
14222,176,1,683.17,683.17,607,41,1
14223,91,3,991.13,330.37666666666667,585,50,1
14224,109,9,1841.71,204.63444444444443,826,189,0
14225,434,4,2031.07,507.7675,1167,70,0
14226,28,6,2985.13,497.5216666666667,1714,89,0
14227,25,15,6368.71,424.5806666666667,4048,246,0
14228,437,3,745.5,248.5,260,38,1
14229,51,7,2594.04,370.57714285714286,934,41,0
14230,435,3,979.8,326.6,246,27,1
14231,183,4,1235.62,308.90500000000003,610,66,0
14232,42,5,2048.07,409.614,1941,81,0
14233,48,7,2904.27,414.8957142857143,1261,42,0
14234,21,4,754.12,188.53,951,122,0
14235,74,9,4717.99,524.2211111111111,3014,107,0
14236,80,5,1555.34,311.068,774,39,0
14237,372,2,471.14,235.57,238,26,1
14238,325,3,434.23,144.74333333333334,189,13,1
14239,42,21,4263.17,203.00809523809525,1729,97,0
14240,29,3,1247.49,415.83,655,46,0
14241,183,2,333.7,166.85,242,12,1
14242,234,2,280.55,140.275,123,13,1
14243,8,17,7217.75,424.5735294117647,3631,235,0
14244,660,1,366.42,366.42,814,16,1
14245,219,2,1693.45,846.725,976,107,0
14246,110,3,1474.06,491.3533333333333,804,57,0
14247,277,5,753.56,150.712,378,82,1
14248,317,3,1032.95,344.31666666666666,692,41,1
14249,410,12,5400.461,450.0384166666667,2383,178,0
14250,6,3,1904.05,634.6833333333333,1200,94,0
14251,1,5,2879.7000000000003,575.94,1674,37,0
14252,380,1,350.99,350.99,111,10,1
14253,492,2,363.4,181.7,88,11,1
14254,432,1,601.03,601.03,263,23,1
14255,545,1,1000.63,1000.63,1,1,1
14256,259,5,2460.79,492.158,1147,100,0
14257,63,9,5954.45,661.6055555555555,3332,167,0
14258,8,25,32051.34,1282.0536,17488,97,0
14259,141,1,120.0,120.0,68,5,1
14260,470,3,824.28,274.76,544,50,1
14261,50,2,1163.45,581.725,406,52,0
14262,7,8,2618.23,327.27875,1645,87,0
14263,422,1,322.93,322.93,171,16,1
14264,154,6,1517.36,252.89333333333332,553,59,0
14265,108,4,1373.35,343.3375,715,74,0
14266,427,1,40.56,40.56,24,1,1
14267,162,3,1516.24,505.41333333333336,530,25,1
14268,470,1,354.85,354.85,147,19,1
14269,438,1,295.73,295.73,123,16,1
14270,331,1,492.65,492.65,197,29,1
14271,225,2,214.18,107.09,148,38,1
14272,73,4,920.81,230.2025,1097,62,0
14273,50,4,559.97,139.9925,264,22,1
14274,685,1,256.6,256.6,178,15,1
14275,395,6,1189.38,198.23,538,14,1
14276,98,7,2102.68,300.3828571428571,1406,75,0
14277,14,9,17197.61,1910.845555555556,89806,334,0
14278,409,1,205.83,205.83,131,13,1
14279,520,2,191.86,95.93,46,3,1
14280,196,1,134.04,134.04,52,8,1
14281,407,1,245.15,245.15,45,7,1
14282,2,25,7250.76,290.0304,5166,100,0
14283,462,4,628.44,157.11,550,36,1
14284,30,3,1299.65,433.2166666666667,510,59,0
14285,20,8,3284.42,410.5525,954,48,0
14286,23,7,8479.76,1211.3942857142858,8795,270,0
14287,7,3,176.63,58.876666666666665,261,9,1
14288,212,1,426.6,426.6,188,16,1
14289,8,6,911.26,151.8766666666667,292,33,0
14290,10,8,4516.56,564.57,1600,120,0
14291,1,23,7904.1,343.6565217391304,6146,241,0
14292,7,16,9226.25,576.640625,3429,120,0
14293,2,9,2903.01,322.5566666666667,1558,88,0
14294,406,1,375.34,375.34,190,23,1
14295,39,5,2362.91,472.582,1029,66,0
14296,420,2,456.4,228.2,314,27,1
14297,17,4,1305.33,326.3325,865,48,0
14298,7,82,91194.49,1112.1279268292683,100272,1370,0
14299,7,27,14070.25,521.1203703703703,8136,164,0
14300,18,1,43.2,43.2,32,3,1
14301,116,4,1992.18,498.045,1686,37,0
14302,430,3,742.9000000000001,247.63333333333333,298,25,1
14303,406,2,277.94,138.97,218,21,1
14304,222,3,1725.01,575.0033333333333,775,69,0
14305,70,3,1858.96,619.6533333333333,1089,96,0
14306,50,6,3151.4,525.2333333333333,2065,43,0
14307,88,10,4287.92,428.792,2816,205,0
14308,548,2,1147.02,573.51,2,1,1
14309,7,11,3780.81,343.71,2583,125,0
14310,432,1,492.1,492.1,230,22,1
14311,242,2,516.45,258.225,235,31,1
14312,46,11,3090.29,280.93545454545455,1904,148,0
14314,106,2,229.8,114.9,332,10,1
14315,44,8,3197.82,399.7275,1344,83,0
14316,421,5,1370.34,274.068,4494,21,0
14317,64,1,508.58,508.58,255,24,1
14318,459,1,158.02,158.02,152,9,1
14319,423,1,494.85,494.85,329,26,1
14320,206,5,1346.75,269.35,713,68,0
14321,10,7,2218.06,316.86571428571426,3275,162,0
14322,428,4,474.1,118.525,158,10,1
14323,114,2,605.0600000000001,302.53000000000003,350,32,1
14324,409,2,701.61,350.805,402,41,1
14325,569,1,245.48,245.48,320,18,1
14326,241,3,940.98,313.66,572,54,1
14327,162,6,1894.93,315.82166666666666,1296,99,0
14328,437,1,445.05,445.05,1,1,1
14329,16,15,9887.62,659.1746666666667,5913,349,0
14330,623,1,200.63,200.63,103,13,1
14331,123,2,462.66,231.33,252,27,1
14332,22,5,1917.41,383.482,875,47,0
14333,67,1,415.2,415.2,58,15,1
14334,16,12,4318.4800000000005,359.8733333333334,2986,148,0
14335,15,2,454.86,227.43,375,55,1
14336,16,4,1614.91,403.7275,1759,77,0
14338,160,3,928.1,309.3666666666667,622,43,1
14339,242,2,620.27,310.135,456,21,1
14340,218,1,134.7,134.7,58,6,1
14341,44,18,4452.02,247.33444444444447,2813,185,0
14342,20,6,918.44,153.07333333333335,521,27,1
14343,420,4,1079.66,269.915,626,193,0
14344,126,20,2993.05,149.6525,1546,140,0
14345,38,1,108.98,108.98,50,6,1
14346,120,5,2315.75,463.15,1878,123,0
14347,736,1,82.60000000000001,82.60000000000001,48,6,1
14348,259,1,409.57,409.57,183,18,1
14349,9,1,133.5,133.5,86,31,1
14350,273,3,972.03,324.01,543,55,1
14351,164,1,51.0,51.0,12,1,1
14352,156,4,1078.96,269.74,538,44,1
14353,214,3,376.5,125.5,344,18,1
14354,5,2,163.62,81.81,210,9,1
14355,365,3,840.0500000000001,280.0166666666667,617,57,1
14356,79,2,701.23,350.615,277,33,1
14357,42,1,225.12,225.12,147,39,1
14358,388,2,400.06,200.03,338,21,1
14359,18,3,912.18,304.06,371,44,0
14360,31,4,2118.03,529.5075,1139,104,0
14361,578,1,214.71,214.71,251,14,1
14362,21,1,151.5,151.5,96,37,1
14363,401,2,227.47000000000003,113.735,105,8,1
14364,108,8,3717.35,464.66875,1967,61,0
14365,394,2,634.68,317.34,557,50,1
14366,524,1,136.0,136.0,16,1,1
14367,7,16,9227.82,576.73875,4426,270,0
14368,319,1,155.0,155.0,36,8,1
14369,641,2,469.13,234.565,255,24,1
14370,450,6,1175.78,195.9633333333333,266,37,1
14371,294,1,100.5,100.5,34,4,1
14372,442,2,860.08,430.04,378,36,1
14373,357,1,76.55,76.55,17,4,1
14374,540,1,108.0,108.0,20,7,1
14375,184,3,1106.82,368.94,647,176,0
14376,682,1,215.46,215.46,50,17,1
14377,190,2,617.05,308.525,219,11,1
14378,621,1,131.25,131.25,57,9,1
14379,43,4,1265.16,316.29,712,93,0
14380,681,1,48.96,48.96,1,1,1
14381,51,2,625.94,312.97,449,104,1
14382,25,2,1193.63,596.8149999999999,1667,227,0
14383,37,3,1247.69,415.8966666666667,817,49,0
14384,500,1,58.5,58.5,30,3,1
14385,8,3,202.11,67.36999999999999,159,13,1
14386,296,1,142.4,142.4,54,7,1
14387,32,3,1727.6,575.8666666666667,795,125,0
14388,9,16,6388.2,399.2625,4190,184,0
14389,64,5,1898.01,379.602,1388,48,0
14390,9,13,6150.03,473.0792307692308,2830,197,0
14391,576,1,135.6,135.6,168,14,1
14392,431,1,266.4,266.4,114,14,1
14393,217,1,67.95,67.95,13,5,1
14394,564,1,93.8,93.8,58,6,1
14395,1,20,7801.93,390.0965,3872,320,0
14396,64,7,1969.38,281.34000000000003,959,202,0
14397,2,19,2612.96,137.52421052631578,1890,18,0
14398,400,2,707.79,353.895,267,50,1
14399,393,8,2108.21,263.52625,965,119,0
14400,148,3,1732.47,577.49,1706,71,0
14401,3,22,6795.9,308.9045454545454,6401,171,0
14402,651,1,285.6,285.6,240,8,1
14403,129,6,1880.51,313.4183333333333,737,20,0
14404,33,13,2724.13,209.54846153846157,1577,123,0
14405,386,1,195.0,195.0,100,2,1
14406,118,1,156.75,156.75,77,8,1
14407,106,6,2157.73,359.62166666666667,1415,67,0
14408,10,11,4102.27,372.9336363636364,2438,63,0
14409,70,9,3427.29,380.81,2233,76,0
14410,91,11,2631.9,239.2636363636364,1369,307,0
14411,310,1,1063.0,1063.0,196,14,1
14412,42,3,1426.19,475.3966666666667,1428,75,0
14413,361,4,764.52,191.13,277,93,1
14414,91,8,2399.33,299.91625,2877,99,0
14415,0,23,11980.09,520.8734782608695,6263,445,0
14416,21,2,490.22,245.11,326,13,1
14417,387,1,524.65,524.65,543,106,1
14418,3,3,1937.25,645.75,1711,114,0
14419,10,7,1254.64,179.23428571428573,552,118,0
14420,98,4,1639.17,409.7925,1120,85,0
14421,56,6,2469.37,411.56166666666667,1342,72,0
14422,0,19,10271.52,540.6063157894737,6067,317,0
14423,217,3,916.61,305.5366666666667,419,12,1
14424,17,1,322.08,322.08,48,1,1
14425,434,3,661.39,220.4633333333333,325,35,1
14426,23,17,11727.94,689.8788235294118,7023,452,0
14427,49,4,1263.52,315.88,538,43,0
14428,6,5,1224.06,244.812,428,108,0
14429,403,1,516.28,516.28,286,22,1
14430,511,3,1220.9,406.9666666666667,446,29,1
14431,302,4,2614.2,653.55,1202,72,0
14432,9,6,2248.5,374.75,2013,256,0
14433,465,1,280.7,280.7,131,72,1
14434,21,6,1372.8,228.8,368,3,1
14435,501,1,90.42,90.42,282,3,1
14436,98,2,271.7,135.85,297,11,1
14437,365,5,873.34,174.668,420,34,1
14438,305,1,131.9,131.9,82,9,1
14439,319,5,9443.04,1888.608,2244,105,0
14440,7,13,5982.03,460.1561538461538,1605,63,0
14441,0,11,4611.6900000000005,419.2445454545455,1260,103,0
14442,204,7,5367.02,766.7171428571429,1431,128,0
14443,53,5,2082.9700000000003,416.5940000000001,1357,119,0
14444,455,1,120.44,120.44,172,11,1
14445,455,1,221.65,221.65,83,32,1
14446,0,5,1200.28,240.056,1091,259,0
14447,18,6,1711.73,285.28833333333336,913,81,0
14448,8,2,375.35,187.675,104,20,1
14449,18,8,2230.96,278.87,1604,301,0
14450,180,7,1128.44,161.2057142857143,522,47,1
14451,59,12,3258.68,271.5566666666667,1737,245,0
14452,10,4,658.95,164.7375,285,108,0
14453,189,1,119.93,119.93,49,22,1
14454,375,5,977.3,195.46,400,93,1
14455,431,4,617.72,154.43,706,65,1
14456,4,9,3017.28,335.25333333333333,2885,580,0
14457,310,1,113.64,113.64,88,4,1
14458,380,1,228.07,228.07,317,46,1
14459,154,2,5375.741,2687.8705,2303,113,0
14460,109,9,1093.5,121.5,1879,33,0
14461,147,13,6676.91,513.6084615384615,3005,515,0
14462,65,12,2242.81,186.9008333333333,1063,182,0
14463,97,4,786.5699999999999,196.6425,210,7,1
14464,567,2,111.0,55.5,62,4,1
14465,246,11,3925.85,356.8954545454545,2539,128,0
14466,28,13,4267.15,328.2423076923077,2507,77,0
14467,17,12,2203.24,183.60333333333332,1187,144,0
14468,733,1,204.24,204.24,164,12,1
14469,415,4,2093.46,523.365,973,120,0
14470,11,3,712.04,237.34666666666664,282,56,1
14471,590,2,400.95,200.475,187,38,1
14472,103,9,2118.72,235.4133333333333,1271,173,0
14473,73,2,234.34,117.17,88,7,1
14474,45,2,1258.89,629.445,448,122,0
14475,71,4,1151.15,287.7875,541,40,0
14476,256,1,193.0,193.0,110,17,1
14477,19,7,1969.6,281.37142857142857,1120,7,0
14478,381,4,1276.66,319.165,1226,59,0
14479,253,4,1124.71,281.1775,562,127,0
14480,10,4,1299.52,324.88,670,52,0
14481,164,5,2284.69,456.938,1568,114,0
14482,17,12,4306.72,358.8933333333334,2869,185,0
14483,281,2,257.1,128.55,193,13,1
14484,49,4,1070.98,267.745,744,47,0
14485,38,1,162.8,162.8,70,44,1
14486,511,2,175.5,87.75,90,4,1
14487,26,7,1266.27,180.8957142857143,761,129,0
14488,67,1,1064.28,1064.28,799,46,0
14489,206,4,1574.93,393.7325,1011,65,0
14490,405,2,1273.47,636.735,933,72,0
14491,174,2,340.93,170.465,139,17,1
14492,429,7,1921.91,274.55857142857144,751,70,0
14493,6,10,5087.86,508.786,3148,292,0
14494,25,3,401.46,133.82,210,17,1
14495,50,3,174.8,58.26666666666667,68,7,1
14496,311,7,2363.89,337.6985714285714,905,64,0
14497,308,2,697.0600000000001,348.53000000000003,332,40,1
14498,42,10,3900.83,390.083,2120,276,0
14499,25,7,2101.79,300.2557142857143,1231,199,0
14500,87,3,356.85,118.95,117,6,1
14501,183,2,251.21,125.605,161,9,1
14502,19,11,2429.83,220.89363636363635,1480,368,0
14503,2,6,3543.26,590.5433333333334,2004,113,0
14504,46,4,673.26,168.315,308,85,1
14505,16,19,11879.08,625.2147368421053,5325,898,0
14506,16,7,2960.25,422.8928571428572,936,251,0
14507,23,11,3216.74,292.4309090909091,1491,182,0
14508,21,5,822.92,164.584,347,142,0
14509,533,1,110.95,110.95,38,25,1
14510,375,3,979.85,326.6166666666667,793,67,1
14511,10,5,1314.81,262.962,784,53,0
14512,187,7,1215.97,173.71,736,55,0
14513,100,6,788.01,131.335,593,15,1
14514,60,9,4380.04,486.6711111111111,2362,212,0
14515,17,12,3724.06,310.3383333333333,1893,109,0
14516,515,1,151.17,151.17,63,35,1
14517,32,2,330.45,165.225,91,17,1
14518,63,1,174.37,174.37,278,16,1
14519,683,2,203.14,101.57,81,38,1
14520,1,2,270.6,135.3,146,3,1
14521,490,1,199.45,199.45,211,17,1
14522,23,8,1748.42,218.5525,956,34,0
14523,107,1,241.09,241.09,251,12,1
14524,31,13,2909.86,223.8353846153846,1169,250,0
14525,19,17,8026.54,472.14941176470586,5106,340,0
14526,388,1,258.65,258.65,178,41,1
14527,2,122,27246.88,223.3350819672131,6647,607,0
14528,36,1,364.22,364.22,278,18,1
14529,59,3,578.61,192.87,325,177,1
14530,25,16,6088.87,380.554375,2989,269,0
14531,479,1,376.34,376.34,260,29,1
14532,235,11,3845.78,349.61636363636364,1111,209,0
14533,24,11,3466.37,315.12454545454545,6038,74,0
14534,2,26,6187.66,237.98692307692303,2822,437,0
14535,59,9,5973.2300000000005,663.6922222222223,3214,589,0
14536,259,1,170.95,170.95,39,18,1
14537,57,2,641.4,320.7,228,23,1
14538,64,5,1370.84,274.168,284,45,0
14539,15,2,537.48,268.74,428,31,1
14540,9,11,3709.64,337.24,1595,197,0
14541,58,14,2491.38,177.9557142857143,1123,99,0
14542,185,1,103.25,103.25,19,5,1
14543,28,39,14587.87,374.0479487179487,2639,106,0
14544,23,3,2938.53,979.51,2412,148,0
14545,673,1,349.25,349.25,236,23,1
14546,4,11,5184.84,471.3490909090909,2688,410,0
14547,3,8,3974.75,496.84375,2639,198,0
14548,150,9,2541.29,282.36555555555555,986,66,0
14549,310,4,913.6,228.4,394,117,1
14550,10,4,1345.06,336.265,771,77,0
14551,17,7,878.09,125.44142857142856,486,69,0
14552,151,3,507.93,169.31,258,124,1
14553,18,9,1818.6,202.06666666666663,1118,233,0
14554,9,4,2279.49,569.8725000000001,1443,147,0
14555,56,6,2304.03,384.00500000000005,842,94,0
14556,595,3,815.69,271.8966666666667,323,158,1
14557,84,1,788.38,788.38,510,16,1
14558,653,3,655.5,218.5,162,13,1
14559,389,1,75.6,75.6,72,2,1
14560,6,44,6114.03,138.95522727272726,4580,60,0
14561,75,3,1080.76,360.25333333333333,1014,67,0
14562,3,26,6638.150000000001,255.31346153846155,2574,245,0
14563,509,2,640.54,320.27,279,95,1
14564,434,2,2605.62,1302.81,1295,107,0
14565,95,5,3859.22,771.844,1940,139,0
14566,110,4,4092.0,1023.0,2400,9,0
14567,56,2,1530.36,765.1800000000001,412,33,0
14568,434,1,919.7,919.7,645,47,1
14569,0,4,597.33,149.3325,257,31,0
14570,280,3,613.75,204.58333333333331,431,64,1
14571,424,1,160.0,160.0,56,30,1
14572,2,11,5526.88,502.4436363636364,2878,336,0
14573,179,13,2163.12,166.39384615384614,683,183,0
14574,732,1,143.70000000000002,143.70000000000002,63,11,1
14575,487,1,420.22,420.22,163,71,1
14576,371,1,35.400000000000006,35.400000000000006,12,1,1
14577,12,7,1364.15,194.87857142857143,569,104,0
14578,2,1,168.63,168.63,240,24,1
14579,431,1,105.56,105.56,56,24,1
14580,517,1,14.85,14.85,3,1,1
14581,16,2,409.65,204.825,304,59,1
14582,40,1,114.11,114.11,73,6,1
14583,5,8,1660.29,207.53625,1071,353,0
14584,168,8,1738.16,217.27,960,127,0
14585,49,5,1143.27,228.654,630,88,0
14586,276,1,237.36,237.36,444,19,1
14587,18,9,1580.29,175.58777777777777,749,170,0
14588,577,1,135.39,135.39,62,16,1
14589,371,1,39.75,39.75,5,3,1
14590,424,20,2993.37,149.6685,901,124,0
14591,14,4,1320.21,330.0525,1228,138,0
14592,34,3,557.94,185.98,407,132,1
14593,21,12,3665.53,305.46083333333337,1848,436,0
14594,6,2,363.33,181.665,183,48,1
14595,19,8,2164.45,270.55625,1228,119,0
14596,626,1,222.22,222.22,75,50,1
14597,10,6,2184.63,364.105,1436,79,0
14598,43,2,384.04,192.02,354,83,1
14599,389,2,457.89,228.945,292,77,1
14600,305,2,865.17,432.585,487,53,1
14601,10,1,213.96,213.96,168,7,1
14602,655,1,205.36,205.36,80,31,1
14603,274,1,660.0,660.0,400,2,1
14604,632,1,143.86,143.86,88,20,1
14605,373,4,921.56,230.39,416,88,1
14606,0,192,29951.37,155.99671875,15217,1262,0
14607,15,22,23763.13,1080.1422727272727,15335,106,0
14608,3,11,3352.94,304.8127272727273,927,15,0
14609,71,10,1486.2,148.62,12720,6,0
14610,395,2,24.35,12.175,15,10,1
14611,443,2,604.33,302.165,582,37,1
14612,414,1,877.7,877.7,134,14,1
14613,679,1,76.32000000000001,76.32000000000001,72,1,1
14614,385,1,295.13,295.13,189,19,1
14615,393,5,951.76,190.352,495,40,1
14616,242,5,527.78,105.556,170,3,1
14617,402,2,190.47,95.235,81,7,1
14618,8,7,1342.32,191.76,704,40,0
14619,245,2,1291.24,645.62,594,58,1
14620,205,2,412.78,206.39,214,26,1
14621,0,9,3000.57,333.3966666666667,1706,134,0
14622,184,1,320.58000000000004,320.58000000000004,146,21,1
14623,31,10,2016.98,201.698,1025,193,0
14624,56,6,814.07,135.67833333333334,645,39,1
14625,195,11,4497.88,408.89818181818185,2155,167,0
14626,23,11,5410.92,491.9018181818182,3135,181,0
14627,378,1,462.75,462.75,284,29,1
14628,90,5,1998.0,399.6,1147,65,0
14629,3,2,955.26,477.63,378,133,0
14630,483,1,338.65,338.65,111,21,1
14631,50,6,2025.69,337.615,1407,65,0
14632,262,1,114.56,114.56,96,8,1
14633,265,1,344.90000000000003,344.90000000000003,96,20,1
14634,437,4,2124.46,531.115,1906,105,0
14635,453,1,215.22,215.22,118,15,1
14636,35,2,609.85,304.925,241,27,1
14637,676,1,106.68,106.68,100,7,1
14638,50,1,443.6,443.6,166,16,1
14639,51,9,4978.96,553.2177777777778,2410,203,0
14640,23,10,3649.36,364.936,1645,165,0
14641,21,1,110.46,110.46,90,7,1
14642,58,1,96.12,96.12,76,2,1
14643,169,5,1679.89,335.978,1377,57,0
14644,67,7,2247.72,321.1028571428571,770,50,0
14645,156,3,876.89,292.2966666666667,587,45,1
14646,1,151,528602.52,3500.678940397351,367193,961,0
14647,200,2,506.04,253.02,175,42,1
14648,415,15,4466.65,297.77666666666664,3265,286,0
14649,4,9,3651.19,405.6877777777778,2415,374,0
14650,588,1,62.5,62.5,22,4,1
14651,66,9,2025.52,225.05777777777777,880,216,0
14652,76,1,114.18,114.18,53,29,1
14653,0,12,3593.06,299.4216666666667,1969,271,0
14654,737,1,246.86,246.86,273,27,1
14655,7,7,3878.51,554.0728571428572,2341,72,0
14656,168,5,790.0,158.0,309,148,1
14657,17,6,1450.19,241.69833333333332,879,143,0
14658,4,2,247.15,123.575,47,27,1
14659,8,9,2529.93,281.1033333333333,1195,147,0
14660,86,2,285.74,142.87,228,24,1
14661,26,1,107.95,107.95,35,4,1
14662,28,7,1376.43,196.63285714285715,907,199,0
14663,429,2,490.6,245.3,397,60,1
14664,19,2,636.24,318.12,465,78,1
14665,60,7,2749.65,392.8071428571429,1144,94,0
14666,23,1,195.25,195.25,161,14,1
14667,10,54,20395.34,377.6914814814815,11939,578,0
14668,444,1,111.63,111.63,49,10,1
14669,241,7,3216.78,459.54,2043,334,0
14670,279,3,583.33,194.44333333333336,423,159,1
14671,548,2,1127.45,563.725,571,48,1
14672,234,4,1113.14,278.285,646,93,0
14673,2,7,3037.32,433.9028571428572,1822,86,0
14674,508,1,173.66,173.66,103,14,1
14675,15,2,1015.58,507.79,660,196,0
14676,30,12,8356.79,696.3991666666667,8792,77,0
14677,592,1,184.91,184.91,139,14,1
14678,578,1,403.39,403.39,179,24,1
14679,381,3,1289.44,429.8133333333333,794,49,1
14680,24,58,55688.5,960.146551724138,26894,222,0
14681,70,6,875.1500000000001,145.85833333333335,172,19,1
14682,187,6,1514.81,252.46833333333333,949,79,0
14683,587,1,146.56,146.56,386,21,1
14684,25,6,1430.03,238.3383333333333,1005,272,0
14685,575,8,4536.64,567.08,1969,109,0
14686,413,5,852.53,170.506,457,185,1
14687,106,3,1402.06,467.3533333333333,850,34,0
14688,7,28,7190.42,256.80071428571426,5041,197,0
14689,208,1,112.8,112.8,76,13,1
14690,43,4,777.6800000000001,194.42,341,69,1
14691,30,5,2114.33,422.866,707,50,0
14692,136,12,1715.14,142.92833333333334,890,101,0
14693,264,7,1165.36,166.48000000000002,388,43,1
14694,616,1,244.31,244.31,193,15,1
14695,518,3,1534.22,511.4066666666667,661,76,0
14696,3,8,2473.28,309.16,1867,137,0
14697,217,2,188.61,94.305,181,22,1
14698,1,5,1217.27,243.454,602,148,0
14699,213,4,702.6,175.65,484,45,1
14700,31,5,3076.06,615.212,1606,111,0
14701,10,15,4487.11,299.1406666666666,1744,455,0
14702,0,29,6368.78,219.6131034482759,2878,338,0
14703,14,1,318.17,318.17,183,22,1
14704,10,11,1752.92,159.35636363636365,1164,319,0
14705,198,1,179.0,179.0,100,1,1
14706,618,1,367.54,367.54,246,25,1
14707,435,2,139.2,69.6,96,1,1
14708,2,5,1793.22,358.644,1159,27,0
14709,14,25,8886.33,355.4532,4141,105,0
14710,13,13,1899.79,146.1376923076923,1135,310,0
14711,9,11,2839.62,258.1472727272727,966,221,0
14712,28,4,1328.0700000000002,332.01750000000004,411,24,0
14713,8,21,5115.76,243.60761904761907,3329,222,0
14714,23,4,906.24,226.56,642,64,0
14715,24,8,1825.45,228.18125,1030,102,0
14716,42,3,543.28,181.09333333333333,643,85,1
14717,732,1,81.3,81.3,32,11,1
14718,409,1,226.42,226.42,202,11,1
14719,1,5,1581.84,316.368,1025,177,0
14720,5,3,663.81,221.27,219,34,1
14721,378,1,109.07,109.07,57,24,1
14722,146,3,489.52,163.17333333333332,214,72,1
14723,9,11,1803.06,163.91454545454545,1168,287,0
14724,589,1,341.9,341.9,184,40,1
14725,24,4,1252.74,313.185,1335,85,0
14726,654,1,116.5,116.5,82,15,1
14727,273,3,463.73,154.57666666666668,458,43,1
14728,412,1,190.58,190.58,68,14,1
14729,373,3,586.24,195.41333333333333,372,126,1
14730,0,8,1897.57,237.19625,1078,317,0
14731,46,3,380.02,126.67333333333332,256,38,1
14732,7,19,5517.07,290.3721052631579,2273,162,0
14733,15,15,14335.15,955.6766666666666,5799,140,0
14734,425,4,1056.42,264.105,378,48,1
14735,3,56,12240.16,218.5742857142857,4513,198,0
14736,484,2,374.05,187.025,148,70,1
14737,3,4,3554.17,888.5425,1071,28,0
14738,42,9,1821.9,202.4333333333333,757,58,0
14739,3,25,11573.62,462.9448,9696,129,0
14740,196,11,4161.06,378.27818181818185,2081,173,0
14741,11,7,1713.09,244.7271428571429,1006,48,0
14742,434,1,579.85,579.85,374,34,1
14743,592,1,50.48,50.48,40,3,1
14744,15,14,3660.08,261.4342857142857,2399,57,0
14745,112,12,2551.41,212.6175,1969,74,0
14746,405,4,593.5,148.375,398,7,1
14747,248,1,328.2,328.2,84,18,1
14748,28,10,2681.9,268.19,2422,129,0
14749,479,1,310.15,310.15,403,18,1
14750,735,1,112.03,112.03,65,32,1
14751,683,2,126.45,63.225,65,7,1
14752,43,1,389.64,389.64,260,5,1
14753,86,2,869.51,434.755,412,45,1
14754,44,6,1547.93,257.98833333333334,1010,110,0
14755,9,25,9972.55,398.902,4401,219,0
14756,14,3,2653.76,884.5866666666667,1423,102,0
14757,74,1,420.5,420.5,160,19,1
14758,144,7,2864.9700000000003,409.2814285714286,840,91,0
14759,4,3,1625.97,541.99,569,92,0
14760,296,1,89.2,89.2,40,5,1
14761,58,3,447.92,149.30666666666667,206,21,1
14762,263,2,417.57,208.785,428,28,1
14764,46,1,278.3,278.3,190,6,1
14765,28,3,254.11,84.70333333333333,135,38,1
14766,7,11,6375.7300000000005,579.6118181818182,3999,251,0
14767,473,1,382.81,382.81,117,18,1
14768,16,2,192.6,96.3,52,4,1
14769,2,17,15514.11,912.594705882353,11058,834,0
14770,231,8,3637.64,454.705,1598,152,0
14771,620,2,594.62,297.31,622,46,1
14772,111,1,139.26,139.26,82,9,1
14773,592,1,140.55,140.55,53,10,1
14774,528,1,241.45,241.45,99,13,1
14775,57,3,1011.9,337.3,1174,57,0
14776,50,15,3708.3,247.22,4658,68,0
14777,403,1,307.56,307.56,212,16,1
14778,126,2,730.86,365.43,306,34,1
14779,280,3,386.15,128.71666666666667,84,40,1
14780,54,2,447.68,223.84,310,26,1
14782,319,1,200.1,200.1,114,6,1
14783,658,1,307.3,307.3,262,17,1
14784,25,3,449.93,149.97666666666666,363,25,1
14785,9,2,77.4,38.7,84,2,1
14786,549,1,90.96,90.96,112,7,1
14787,470,1,110.65,110.65,59,14,1
14788,6,3,1156.32,385.44,719,53,0
14789,28,1,197.64,197.64,116,6,1
14790,16,10,2526.62,252.662,2642,65,0
14791,606,1,303.63,303.63,127,19,1
14792,63,1,6.2,6.2,2,2,1
14793,20,2,625.9,312.95,361,39,1
14794,2,10,1953.9,195.39,783,85,0
14795,165,1,131.45000000000002,131.45000000000002,17,6,1
14796,0,27,10169.33,376.6418518518519,7188,487,0
14797,506,1,300.31,300.31,99,16,1
14798,52,8,724.31,90.53875,601,30,1
14799,50,2,338.15000000000003,169.07500000000002,495,20,1
14800,47,17,7191.33,423.01941176470586,6501,337,0
14801,60,1,189.34,189.34,173,56,1
14802,437,2,1502.98,751.49,2,1,1
14803,161,3,845.5500000000001,281.85,370,35,1
14804,8,1,353.27,353.27,121,12,1
14805,14,7,1082.55,154.65,416,88,0
14806,74,2,303.43,151.715,423,17,1
14807,390,2,504.14,252.07,234,37,1
14808,39,8,2718.6,339.825,2120,176,0
14809,620,2,686.76,343.38,232,18,1
14810,40,13,2354.03,181.0792307692308,1162,125,0
14811,386,1,170.5,170.5,74,28,1
14812,598,1,178.85,178.85,135,36,1
14813,369,4,888.91,222.2275,392,110,1
14814,580,1,154.21,154.21,93,28,1
14815,36,2,778.5,389.25,744,53,0
14816,196,1,271.85,271.85,5,4,1
14817,199,7,3959.86,565.6942857142857,2462,142,0
14818,73,6,1153.56,192.26,543,87,0
14819,63,4,456.41,114.1025,170,52,1
14820,20,9,1274.76,141.64,724,51,0
14821,366,7,1230.15,175.7357142857143,459,65,1
14822,484,1,157.7,157.7,94,9,1
14823,179,3,321.43,107.14333333333332,88,56,1
14824,9,10,4022.91,402.29100000000005,1954,84,0
14825,3,24,4735.08,197.295,2774,187,0
14826,581,2,385.2,192.6,152,10,1
14828,196,13,9839.46,756.8815384615385,9718,72,0
14829,28,7,1455.87,207.98142857142855,957,77,0
14830,52,1,188.88,188.88,164,39,1
14831,679,3,1676.57,558.8566666666667,885,67,0
14832,629,1,322.69,322.69,1,1,1
14833,498,1,94.8,94.8,58,7,1
14834,17,7,2206.16,315.1657142857143,872,55,0
14835,528,2,297.0,148.5,180,1,1
14836,9,3,102.45,34.15,45,5,1
14837,89,9,3460.32,384.48,3030,171,0
14838,422,2,769.9200000000001,384.96,361,69,1
14839,417,3,915.28,305.0933333333333,927,61,1
14840,267,2,362.71,181.355,179,20,1
14841,52,14,7163.0,511.6428571428572,4164,196,0
14842,43,4,2824.69,706.1725,1166,128,0
14843,436,1,211.8,211.8,132,9,1
14844,63,10,6702.43,670.243,4369,158,0
14845,599,1,150.0,150.0,600,1,1
14846,426,1,437.4,437.4,193,12,1
14847,148,3,1348.95,449.65,533,56,0
14848,404,1,310.56,310.56,260,11,1
14849,21,43,15407.61,358.316511627907,11838,279,0
14850,311,7,1770.96,252.99428571428567,1393,129,0
14851,22,3,829.41,276.47,631,38,0
14852,57,18,6132.43,340.6905555555556,4366,152,0
14853,23,5,1376.87,275.374,345,26,0
14854,77,11,4303.06,391.1872727272728,2987,170,0
14855,118,7,6520.3,931.4714285714286,3510,168,0
14856,35,3,1290.53,430.1766666666667,711,65,0
14857,59,7,3651.851,521.693,2081,170,0
14858,505,1,180.75,180.75,105,11,1
14859,12,5,1705.64,341.12800000000004,888,51,0
14860,18,1,170.32,170.32,232,11,1
14861,51,10,1380.73,138.073,1076,62,0
14862,25,2,841.2,420.6,772,47,0
14863,28,1,266.76,266.76,132,11,1
14865,6,4,92.52,23.13,204,4,1
14866,10,19,20746.54,1091.923157894737,9089,40,0
14867,185,16,2952.06,184.50375,996,67,0
14868,2,12,4184.01,348.6675,2230,132,0
14869,8,6,2778.14,463.0233333333333,2130,187,0
14870,261,6,1838.95,306.4916666666667,483,43,0
14871,2,9,1228.17,136.46333333333334,446,123,0
14872,483,3,816.6,272.2,662,34,1
14873,209,2,854.13,427.065,311,48,1
14874,534,1,116.18,116.18,148,6,1
14875,107,3,2862.4,954.1333333333332,1332,88,0
14876,520,2,256.7,128.35,162,12,1
14877,417,2,425.85,212.925,168,57,1
14878,12,25,4076.5,163.06,2416,159,0
14879,684,1,185.06,185.06,104,27,1
14880,76,3,690.59,230.1966666666667,365,45,1
14881,19,1,255.4,255.4,316,17,1
14882,26,14,3546.65,253.33214285714288,1614,32,0
14883,18,6,761.59,126.93166666666669,790,39,0
14884,668,1,120.6,120.6,72,8,1
14885,131,3,1598.12,532.7066666666666,1308,24,0
14886,252,1,364.8,364.8,160,18,1
14887,78,1,1862.0,1862.0,1100,6,1
14888,206,1,369.2,369.2,184,20,1
14889,335,1,135.9,135.9,90,10,1
14890,253,3,817.25,272.4166666666667,636,55,1
14891,147,4,1106.73,276.6825,788,55,0
14892,690,1,202.35,202.35,79,13,1
14893,9,3,1809.61,603.2033333333334,1047,98,0
14894,84,3,1492.81,497.6033333333333,603,39,0
14895,7,38,25119.54,661.0405263157895,10714,441,0
14896,204,8,1826.0,228.25,931,150,0
14897,7,8,3140.54,392.5675,1162,94,0
14898,22,14,3365.95,240.425,2207,185,0
14899,394,1,1331.38,1331.38,570,126,0
14900,521,1,13.919999999999998,13.919999999999998,48,1,1
14901,10,12,1919.0,159.91666666666666,880,103,0
14902,25,3,1035.62,345.2066666666667,716,51,0
14903,20,5,2795.33,559.066,1531,227,0
14904,1,4,1630.49,407.6225,2522,127,0
14905,157,8,1971.39,246.42375,1009,45,0
14906,444,1,68.44,68.44,1,1,1
14907,2,16,5547.72,346.7325,2583,153,0
14908,73,2,381.9,190.95,182,14,1
14909,436,3,1404.68,468.2266666666667,888,61,0
14910,2,4,434.35,108.5875,238,25,1
14911,0,398,291420.81,732.2130904522613,147972,2550,0
14912,16,6,1889.25,314.875,1819,44,0
14913,35,8,4073.13,509.14125,3955,176,0
14915,90,11,1811.25,164.6590909090909,707,65,0
14916,70,8,3042.95,380.36875,2415,113,0
14917,596,2,1123.75,561.875,891,29,1
14918,115,9,5955.81,661.7566666666667,2551,79,0
14919,538,1,359.35,359.35,129,13,1
14920,212,3,1607.17,535.7233333333334,886,90,0
14921,29,2,1316.07,658.035,953,78,0
14922,393,2,843.74,421.87,376,49,1
14923,50,1,749.1,749.1,418,44,1
14924,245,3,931.01,310.33666666666664,312,30,1
14926,381,2,359.4,179.7,204,2,1
14927,396,1,308.2,308.2,196,20,1
14928,627,1,223.91000000000005,223.91000000000005,268,21,1
14929,31,2,836.69,418.345,487,34,1
14930,108,6,5236.7300000000005,872.7883333333334,2193,213,0
14931,4,5,1257.68,251.536,417,30,0
14932,365,2,666.13,333.065,257,29,1
14933,443,4,1770.0,442.5,600,1,1
14934,81,5,3503.5,700.7,2100,115,0
14935,296,2,2849.83,1424.915,1931,25,0
14936,33,12,12410.81,1034.2341666666666,6274,267,0
14937,56,3,1621.88,540.6266666666667,484,33,0
14938,561,2,2322.43,1161.215,1369,71,0
14940,417,2,531.49,265.745,384,32,1
14941,578,1,182.1,182.1,80,7,1
14942,401,4,746.56,186.64,354,12,1
14943,662,1,107.62,107.62,46,5,1
14944,29,19,9784.67,514.9826315789473,4864,184,0
14945,413,1,179.4,179.4,156,11,1
14946,13,1,100.9,100.9,22,3,1
14947,71,6,1049.79,174.965,416,47,1
14948,22,6,1101.97,183.66166666666663,673,56,0
14949,468,4,515.0,128.75,250,16,1
14950,18,1,371.2,371.2,136,19,1
14951,78,1,311.69,311.69,311,20,1
14952,59,32,17629.35,550.9171875,6977,240,0
14953,24,4,971.32,242.83,1014,202,0
14954,11,2,462.12,231.06,209,111,1
14955,732,1,163.77,163.77,74,30,1
14956,420,1,1325.0,1325.0,2500,4,1
14957,252,2,261.69,130.845,97,27,1
14958,146,6,941.99,156.9983333333333,248,52,1
14959,63,4,695.42,173.855,494,37,1
14960,7,2,221.27,110.635,221,23,1
14961,10,22,16410.15,745.9159090909092,8372,328,0
14962,270,4,366.91,91.7275,123,14,1
14963,9,12,3123.57,260.2975,2287,304,0
14964,246,1,206.21,206.21,143,13,1
14965,95,2,596.09,298.045,363,80,1
14966,14,6,1064.26,177.3766666666667,1060,125,0
14967,49,6,1982.61,330.435,652,22,0
14968,29,2,501.24,250.62,257,83,1
14969,703,1,906.23,906.23,665,13,1
14970,67,12,4919.35,409.9458333333334,982,71,0
14971,34,3,1097.98,365.9933333333333,639,144,0
14972,127,2,145.07,72.535,40,20,1
14973,106,3,1314.45,438.15,369,29,1
14974,36,1,89.94,89.94,37,17,1
14975,56,2,472.39,236.195,507,25,1
14976,56,7,790.86,112.98,234,47,1
14977,725,1,31.93,31.93,17,4,1
14978,71,10,3112.19,311.219,736,175,0
14979,734,1,429.66,429.66,209,42,1
14980,736,1,150.68,150.68,79,24,1
14981,245,2,372.92,186.46,241,20,1
14982,571,1,237.78,237.78,125,39,1
14983,688,1,183.2,183.2,90,30,1
14984,18,6,1260.51,210.085,348,48,0
14985,197,2,292.01,146.005,256,78,1
14986,375,2,563.1,281.55,338,87,1
14987,15,8,1550.65,193.83125,607,4,1
14988,211,7,2038.65,291.2357142857143,1260,171,0
14989,661,1,342.4,342.4,200,18,1
14990,611,2,304.17,152.085,129,41,1
14991,429,1,314.67,314.67,191,21,1
14992,441,1,210.5,210.5,145,27,1
14993,563,1,36.13,36.13,21,9,1
14994,381,5,946.72,189.344,568,233,0
14995,38,2,231.98,115.99,102,53,1
14996,480,2,442.29,221.145,404,37,1
14997,45,4,776.6,194.15,1408,36,0
14998,169,4,753.18,188.295,352,111,1
14999,592,1,129.48000000000002,129.48000000000002,88,9,1
15000,47,1,490.52,490.52,218,76,1
15001,393,2,199.11,99.555,70,44,1
15002,115,9,4138.08,459.7866666666666,2214,220,0
15003,472,6,1027.03,171.17166666666665,525,253,0
15004,146,1,1220.77,1220.77,623,154,0
15005,15,56,13754.58,245.6175,8666,591,0
15006,50,2,757.78,378.89,387,165,0
15007,158,1,156.91,156.91,69,12,1
15008,479,2,360.0,180.0,1500,6,1
15009,11,3,1259.43,419.81,639,148,0
15010,35,1,308.94,308.94,184,20,1
15011,395,2,416.6,208.3,289,17,1
15012,53,3,646.26,215.42,383,165,0
15013,487,10,1610.82,161.082,1715,177,0
15014,42,2,257.67,128.835,149,29,1
15015,500,13,2354.97,181.15153846153845,1584,158,0
15016,172,5,620.89,124.178,243,93,1
15017,33,1,125.58,125.58,63,20,1
15018,38,3,496.21,165.40333333333334,189,30,1
15019,266,1,252.81,252.81,150,64,1
15020,378,1,198.47,198.47,111,27,1
15021,8,12,2500.59,208.3825,1079,355,0
15022,11,5,1133.44,226.688,640,115,0
15023,2,20,11578.65,578.9325,4758,486,0
15024,9,16,3559.39,222.461875,1924,168,0
15025,32,2,979.79,489.895,503,132,0
15026,79,5,1048.89,209.778,655,109,0
15027,30,10,3195.6,319.56,2782,69,0
15028,7,6,962.94,160.48999999999998,673,65,0
15029,619,1,365.1,365.1,234,10,1
15030,71,8,1979.91,247.48875,1225,25,0
15031,3,14,3102.94,221.63857142857145,1576,237,0
15032,255,8,11010.05,1376.25625,6601,39,0
15033,4,10,2557.18,255.718,1672,315,0
15034,15,14,8231.2,587.9428571428572,4748,416,0
15035,89,1,252.73,252.73,245,26,1
15036,71,3,429.56,143.18666666666667,316,107,1
15037,375,2,397.76,198.88,298,40,1
15038,58,9,1146.53,127.39222222222222,381,190,0
15039,9,93,39141.48,420.8761290322581,17780,562,0
15040,541,1,7.49,7.49,1,1,1
15041,169,2,289.4,144.7,194,98,1
15042,198,2,315.45,157.725,238,9,1
15043,30,6,2870.32,478.3866666666666,1019,39,0
15044,18,35,16024.15,457.8328571428571,5241,344,0
15045,151,2,735.66,367.83,114,11,1
15046,8,25,7623.79,304.9516,4585,248,0
15047,269,1,343.62,343.62,222,22,1
15048,64,4,381.0,95.25,192,86,1
15049,273,1,121.17000000000002,121.17000000000002,63,3,1
15050,24,5,4087.19,817.438,2600,116,0
15051,22,9,3926.91,436.3233333333333,3052,226,0
15052,318,1,207.73,207.73,79,27,1
15053,4,3,693.95,231.3166666666667,984,49,0
15054,11,2,302.1,151.05,198,105,1
15055,474,3,549.12,183.04,225,77,1
15056,519,1,113.65,113.65,69,6,1
15057,274,5,3255.96,651.192,1394,62,0
15058,24,16,3387.58,211.72375,1645,232,0
15059,40,19,3491.2,183.7473684210526,1599,308,0
15060,7,4,294.25,73.5625,257,81,1
15061,3,127,126389.02,995.1891338582676,74280,131,0
15062,70,8,2585.62,323.2025,1872,98,0
15063,212,1,370.8,370.8,56,5,1
15064,409,4,1254.41,313.6025,810,75,0
15065,37,5,3326.86,665.3720000000001,1446,156,0
15066,52,1,893.59,893.59,317,42,1
15067,77,5,3862.88,772.576,2151,170,0
15068,45,4,1174.9,293.725,832,178,0
15069,178,1,1109.53,1109.53,520,70,1
15070,372,3,737.0500000000001,245.68333333333337,339,26,1
15071,93,4,1455.5600000000002,363.89,416,41,0
15072,478,1,187.52,187.52,164,13,1
15073,9,8,2788.02,348.5025,1410,115,0
15074,104,3,1553.13,517.71,1039,63,0
15075,77,1,773.03,773.03,447,27,1
15076,172,3,1447.74,482.58,866,68,0
15077,494,2,2428.08,1214.04,528,28,1
15078,6,53,17286.73,326.1647169811321,8777,118,0
15079,212,11,3625.4,329.58181818181816,1459,119,0
15080,427,2,546.25,273.125,287,31,1
15081,21,12,1854.57,154.5475,749,75,0
15082,668,1,93.35,93.35,43,6,1
15083,256,1,88.2,88.2,38,5,1
15084,379,2,965.2,482.6,600,31,1
15085,729,1,347.54,347.54,169,9,1
15086,564,2,218.53,109.265,95,10,1
15087,281,1,306.94,306.94,470,15,1
15088,20,2,1160.07,580.035,460,53,0
15089,9,6,2420.84,403.47333333333336,1359,139,0
15090,307,1,381.32,381.32,208,23,1
15091,67,3,1046.61,348.87000000000006,582,55,0
15092,214,3,776.46,258.82,230,39,1
15093,17,23,13702.38,595.7556521739131,10778,104,0
15094,462,2,83.0,41.5,28,4,1
15095,103,10,3141.64,314.164,2233,90,0
15096,42,1,219.39,219.39,120,11,1
15097,3,3,908.35,302.78333333333336,424,59,0
15098,181,3,39916.5,13305.5,121,1,0
15099,83,1,410.48,410.48,343,23,1
15100,333,7,2193.9,313.41428571428565,270,11,1
15101,8,6,1477.94,246.32333333333332,676,52,0
15102,530,2,554.67,277.335,339,26,1
15103,30,2,703.36,351.68,329,35,1
15104,196,2,993.54,496.77,635,66,1
15105,17,9,3094.91,343.87888888888887,1747,129,0
15106,17,5,1422.52,284.504,1181,90,0
15107,310,9,824.35,91.59444444444443,330,32,1
15108,141,4,1300.25,325.0625,499,50,1
15109,245,3,983.1,327.7,258,46,1
15110,23,6,1505.85,250.975,337,23,0
15111,28,5,2442.37,488.474,1058,109,0
15112,610,1,209.4,209.4,72,7,1
15113,9,3,3509.43,1169.81,2344,77,0
15114,29,12,3400.12,283.3433333333333,3532,151,0
15115,17,2,531.85,265.925,245,35,1
15116,17,4,1352.75,338.1875,648,37,0
15117,14,8,2485.97,310.74625,3093,89,0
15118,133,1,244.8,244.8,1440,1,1
15119,245,1,266.4,266.4,88,14,1
15120,133,1,358.82,358.82,296,21,1
15121,49,2,457.72,228.86,199,28,1
15122,113,11,4487.27,407.9336363636364,2033,155,0
15123,6,5,4656.17,931.234,2524,149,0
15124,22,4,450.82,112.705,462,30,1
15125,24,24,17024.87,709.3695833333333,8433,151,0
15126,536,2,449.49,224.745,273,25,1
15127,65,2,711.5,355.75,464,27,1
15128,59,5,1783.68,356.736,1583,87,0
15129,49,23,6860.18,298.2686956521739,4002,86,0
15130,169,1,330.11,330.11,197,22,1
15131,394,1,80.28,80.28,88,7,1
15132,17,5,977.93,195.586,679,49,0
15133,127,5,1806.9,361.38,960,45,0
15134,14,10,1596.29,159.629,1057,47,0
15135,238,2,305.68,152.84,84,17,1
15136,2,4,1286.7,321.675,776,61,0
15137,520,2,823.4,411.7,596,34,1
15138,393,1,502.52,502.52,300,31,1
15139,239,2,178.96,89.48,208,13,1
15140,51,8,3243.69,405.46125,2010,103,0
15141,457,7,1388.47,198.35285714285715,1197,44,0
15142,45,6,2619.92,436.65333333333336,2155,115,0
15143,225,2,563.63,281.815,320,27,1
15144,7,29,12160.31,419.3210344827586,5251,199,0
15145,3,4,1194.73,298.6825,756,54,0
15146,164,2,1327.16,663.58,1473,90,0
15147,239,1,623.5,623.5,366,28,1
15148,10,1,301.29,301.29,187,20,1
15149,133,5,1554.61,310.922,380,62,0
15150,16,13,8977.94,690.6107692307693,6167,495,0
15151,422,2,2085.61,1042.805,795,56,0
15152,9,14,5263.83,375.98785714285714,2994,214,0
15153,30,1,329.25,329.25,198,22,1
15154,74,3,1343.72,447.9066666666667,333,166,0
15155,382,1,383.97,383.97,192,24,1
15156,0,3,961.49,320.49666666666667,597,51,0
15157,3,5,2654.11,530.822,3466,152,0
15158,44,2,606.02,303.01,219,11,1
15159,1,34,22116.73,650.4920588235294,13512,413,0
15160,356,4,589.27,147.3175,307,17,1
15161,387,1,119.92,119.92,144,33,1
15162,730,1,312.9,312.9,74,12,1
15163,17,2,304.47,152.235,186,29,1
15164,68,9,2028.11,225.3455555555556,912,243,0
15165,372,1,487.75,487.75,160,27,1
15166,467,1,167.16,167.16,140,12,1
15167,320,5,1627.62,325.524,863,262,0
15168,25,1,106.56,106.56,52,5,1
15169,381,2,569.22,284.61,356,58,1
15170,406,1,81.15,81.15,33,4,1
15171,330,1,1289.5,1289.5,290,5,1
15172,8,5,1624.05,324.81,1611,106,0
15173,380,7,1494.6,213.5142857142857,840,68,0
15174,322,2,481.46,240.73,382,34,1
15175,71,1,224.14,224.14,454,23,1
15176,667,1,988.04,988.04,448,52,1
15177,425,1,948.93,948.93,485,26,1
15178,259,1,40.5,40.5,30,3,1
15179,17,13,7491.92,576.3015384615385,5416,225,0
15180,366,3,816.9300000000001,272.31,654,46,1
15181,65,5,1200.2,240.04,688,15,1
15182,153,11,2998.952,272.632,1186,78,0
15183,547,3,639.93,213.31,297,33,1
15184,28,4,685.39,171.3475,462,72,1
15185,69,1,310.62,310.62,666,21,1
15186,13,5,1403.2,280.64,716,29,0
15187,1,16,4777.18,298.57375,1887,61,0
15188,724,1,310.43,310.43,233,23,1
15189,0,46,17524.38,380.96478260869566,6902,90,0
15190,433,1,834.4399999999999,834.4399999999999,790,40,1
15191,462,3,588.05,196.01666666666665,287,33,1
15192,119,5,1666.39,333.278,1448,56,0
15193,60,1,499.32,499.32,144,19,1
15194,2,28,12021.53,429.3403571428572,8922,274,0
15195,2,1,3861.0,3861.0,1404,1,0
15196,432,2,313.7,156.85,130,34,1
15197,10,6,1877.51,312.9183333333333,1058,44,0
15198,91,5,571.35,114.27,327,28,1
15199,58,10,3122.4,312.24,894,17,0
15200,494,1,549.0500000000001,549.0500000000001,195,30,1
15201,86,7,1842.95,263.2785714285714,1660,44,0
15202,419,3,6001.49,2000.496666666667,3,1,1
15203,25,15,4400.18,293.3453333333334,4182,150,0
15204,356,1,316.58,316.58,258,9,1
15205,84,2,653.24,326.62,378,37,1
15206,9,4,420.3,105.075,162,3,1
15207,415,3,683.92,227.97333333333333,428,19,1
15208,0,6,970.52,161.75333333333333,356,27,0
15209,729,1,178.98000000000002,178.98000000000002,94,13,1
15210,224,3,1176.19,392.0633333333333,841,66,0
15211,59,2,894.4100000000001,447.205,240,52,1
15212,240,2,208.28,104.14,84,7,1
15213,318,2,328.35,164.175,272,22,1
15214,1,8,1661.44,207.68,1254,109,0
15215,46,7,2422.4300000000003,346.0614285714286,776,85,0
15216,87,2,486.09,243.045,217,24,1
15217,562,1,426.24,426.24,190,28,1
15218,10,22,11468.83,521.3104545454545,6530,139,0
15219,175,2,685.45,342.725,271,26,1
15220,51,6,1778.96,296.49333333333334,1393,110,0
15221,365,4,2062.2,515.55,244,21,1
15222,318,11,3550.91,322.81,4458,98,0
15223,225,5,1417.95,283.59000000000003,385,26,1
15224,357,5,871.36,174.272,443,24,1
15225,233,1,409.4,409.4,226,23,1
15226,310,1,154.41,154.41,71,8,1
15227,36,9,2488.49,276.4988888888889,1217,86,0
15228,65,6,5580.27,930.045,3375,184,0
15229,585,1,160.5,160.5,114,9,1
15230,238,2,429.6,214.8,351,23,1
15231,620,1,250.26,250.26,190,14,1
15232,112,2,612.06,306.03,686,26,1
15233,400,1,59.400000000000006,59.400000000000006,12,1,1
15234,276,1,197.0,197.0,196,14,1
15235,217,16,2772.76,173.2975,1676,161,0
15236,298,1,321.05,321.05,269,15,1
15237,1,4,1412.32,353.08,1071,94,0
15238,28,3,1071.99,357.33,692,49,0
15239,9,2,780.59,390.295,594,48,0
15240,44,12,4459.9800000000005,371.665,3214,134,0
15241,66,11,3050.16,277.2872727272727,3328,120,0
15242,421,1,302.04,302.04,196,4,1
15243,73,2,927.28,463.64,543,56,1
15244,64,3,912.08,304.0266666666667,472,44,1
15245,133,8,4610.84,576.355,3021,72,0
15246,237,3,780.4,260.1333333333333,359,45,1
15247,121,3,976.06,325.3533333333333,514,13,1
15248,410,3,1893.93,631.3100000000001,1065,103,0
15249,31,18,9266.0,514.7777777777778,4980,304,0
15250,640,1,60.0,60.0,48,3,1
15251,8,21,20324.54,967.835238095238,12108,183,0
15252,35,5,2103.41,420.682,1430,106,0
15253,15,8,2055.09,256.88625,1588,102,0
15254,126,3,1088.35,362.7833333333333,711,64,0
15255,66,9,3706.02,411.78,2214,137,0
15256,148,2,170.4,85.2,92,6,1
15257,282,2,685.9,342.95,71,11,1
15258,168,2,623.16,311.58,142,32,1
15259,512,4,1182.38,295.595,631,50,1
15260,99,25,8767.73,350.7092,4468,186,0
15261,134,4,1508.0,377.0,806,87,0
15262,323,3,418.82,139.60666666666663,218,22,1
15263,106,1,156.51,156.51,89,12,1
15264,63,2,848.4,424.2,443,52,1
15265,150,4,3345.64,836.41,1570,179,0
15266,337,5,852.21,170.442,236,38,1
15267,21,5,1717.36,343.472,944,8,0
15268,478,3,961.9,320.6333333333334,428,21,1
15269,23,3,1225.36,408.4533333333334,372,33,0
15270,15,21,8524.86,405.9457142857143,4010,66,0
15271,6,24,4528.54,188.6891666666667,2412,369,0
15272,56,6,2030.95,338.4916666666667,665,257,0
15273,599,1,228.96,228.96,216,1,1
15274,3,2,716.57,358.285,619,44,0
15275,37,1,615.14,615.14,498,41,1
15276,65,4,619.8,154.95,317,160,1
15277,46,2,476.34,238.17,373,23,1
15278,561,4,496.16,124.04,458,29,1
15279,354,5,1580.54,316.108,802,74,0
15280,171,3,397.52,132.50666666666666,507,48,1
15281,58,16,8543.57,533.973125,5233,427,0
15282,569,1,348.59,348.59,395,27,1
15283,389,3,148.32999999999998,49.44333333333333,27,9,1
15284,499,1,24.75,24.75,5,1,1
15285,407,1,94.92,94.92,120,6,1
15286,49,1,240.55,240.55,55,3,1
15287,21,5,856.03,171.206,1010,23,0
15288,42,10,3715.38,371.538,1336,128,0
15289,28,5,1593.09,318.618,1627,67,0
15290,4,26,10496.28,403.70307692307694,6567,106,0
15291,25,40,13517.76,337.944,4905,116,0
15292,200,1,178.39,178.39,55,24,1
15293,665,1,247.5,247.5,178,19,1
15294,410,1,233.35,233.35,97,15,1
15295,653,1,207.04,207.04,139,50,1
15296,50,12,10323.03,860.2525,5452,342,0
15297,9,3,641.94,213.98,292,30,1
15298,1,23,9061.77,393.99,6000,199,0
15299,66,10,6156.53,615.653,3356,9,0
15300,63,1,496.44,496.44,292,28,1
15301,50,17,6909.67,406.4511764705882,3763,231,0
15302,729,1,308.0,308.0,102,15,1
15303,289,3,1224.18,408.06,514,63,1
15304,60,9,796.4,88.48888888888888,112,8,1
15305,554,1,93.6,93.6,40,5,1
15306,63,9,3484.73,387.1922222222222,3074,123,0
15307,95,1,205.3,205.3,37,12,1
15308,273,1,310.47,310.47,175,19,1
15309,610,4,797.96,199.49,440,49,1
15310,478,1,1634.64,1634.64,1476,45,0
15311,0,208,114966.42,552.7231730769231,70149,864,0
15312,74,12,2930.19,244.1825,1693,118,0
15313,109,1,52.0,52.0,25,1,1
15314,198,3,820.45,273.4833333333333,750,49,1
15315,63,2,570.5,285.25,862,35,1
15316,326,1,165.0,165.0,100,1,1
15317,676,1,129.75,129.75,45,5,1
15318,3,1,312.62,312.62,642,33,1
15319,283,1,204.5,204.5,175,16,1
15320,43,1,267.13,267.13,326,36,1
15321,70,12,6709.7300000000005,559.1441666666667,3653,242,0
15322,85,2,1390.86,695.43,971,76,0
15323,562,3,434.6,144.86666666666667,188,29,1
15324,700,1,140.22000000000003,140.22000000000003,74,8,1
15325,103,8,1601.46,200.1825,1382,164,0
15326,333,5,1700.52,340.104,1351,94,0
15327,52,1,208.75,208.75,116,10,1
15328,407,1,107.24,107.24,88,8,1
15329,38,11,2958.83,268.98454545454547,1217,98,0
15330,31,2,714.9599999999999,357.48,1312,10,1
15331,499,3,767.91,255.97,701,41,1
15332,365,6,4892.68,815.4466666666667,2306,113,0
15333,207,1,1028.56,1028.56,344,16,1
15334,156,3,350.82,116.94,273,67,1
15335,53,1,170.22,170.22,79,34,1
15336,401,1,240.5,240.5,84,15,1
15337,410,1,373.02,373.02,200,21,1
15338,676,1,277.93,277.93,148,56,1
15339,65,7,1821.02,260.1457142857143,1138,162,0
15340,561,1,105.5,105.5,76,7,1
15341,80,2,2402.72,1201.36,1008,22,0
15342,129,1,406.09,406.09,283,24,1
15343,86,1,364.5,364.5,84,21,1
15344,0,3,563.94,187.98,116,21,1
15345,45,1,393.54,393.54,81,20,1
15346,332,3,596.12,198.70666666666668,260,36,1
15347,365,4,1162.0,290.5,542,29,1
15348,71,1,158.04,158.04,84,9,1
15349,157,2,463.91,231.955,321,65,1
15350,372,2,547.6,273.8,272,26,1
15351,11,10,3430.22,343.022,1350,201,0
15352,548,1,111.15,111.15,40,34,1
15353,254,7,2794.47,399.21,1391,274,0
15354,602,3,284.4,94.8,3,1,1
15355,28,2,277.05,138.525,45,9,1
15356,30,13,3239.57,249.1976923076923,1892,290,0
15358,4,42,16425.86,391.0919047619048,14902,359,0
15359,662,8,181.35,22.66875,145,10,1
15360,39,1,427.93,427.93,223,13,1
15361,361,4,689.07,172.2675,373,10,1
15362,448,2,613.08,306.54,368,38,1
15363,372,2,678.11,339.055,383,32,1
15364,95,2,913.19,456.595,493,29,1
15365,25,13,4557.13,350.54846153846154,2131,126,0
15366,74,7,2389.08,341.29714285714283,2447,86,0
15367,56,11,5081.33,461.9390909090909,2944,214,0
15368,20,2,722.74,361.37,406,8,1
15369,491,11,6251.26,568.2963636363637,3288,44,0
15370,40,8,3739.01,467.37625,1397,90,0
15371,661,1,59.400000000000006,59.400000000000006,12,1,1
15372,136,8,6017.06,752.1324999999999,6410,45,0
15373,7,17,3084.54,181.4435294117647,726,107,0
15374,128,2,307.32,153.66,290,8,1
15375,689,1,60.96,60.96,84,6,1
15376,39,3,1221.56,407.18666666666667,615,100,0
15377,382,4,1211.75,302.9375,253,15,1
15378,462,2,246.5,123.25,130,8,1
15379,168,8,4877.84,609.73,3000,177,0
15380,8,11,3248.96,295.36,954,27,0
15381,213,5,1890.57,378.114,802,20,0
15382,14,12,13733.55,1144.4625,9178,315,0
15384,169,4,2027.79,506.9475,1767,83,0
15385,39,3,942.08,314.0266666666667,428,18,1
15386,185,1,394.14,394.14,446,31,1
15387,491,1,468.65,468.65,335,20,1
15388,269,1,140.54,140.54,88,10,1
15389,171,5,2733.8,546.76,3940,2,0
15390,395,2,1216.66,608.33,894,77,0
15391,583,1,289.87,289.87,109,12,1
15392,4,7,2911.62,415.9457142857143,2144,100,0
15393,15,5,891.34,178.268,378,37,0
15394,9,11,5286.8,480.6181818181818,2372,129,0
15395,325,1,107.45,107.45,17,7,1
15396,112,2,796.38,398.19,278,16,1
15397,289,1,94.0,94.0,20,6,1
15398,15,2,1345.53,672.765,769,60,0
15399,0,3,815.77,271.92333333333335,611,45,0
15400,91,8,1302.3,162.7875,662,16,1
15401,451,2,216.95,108.475,93,14,1
15402,148,6,1830.54,305.09,2034,79,0
15403,491,2,170.88,85.44,492,6,1
15404,375,1,257.06,257.06,334,16,1
15405,188,2,659.84,329.92,348,29,1
15406,30,4,975.87,243.9675,547,108,0
15407,33,4,1046.74,261.685,552,142,0
15408,263,1,267.18,267.18,106,34,1
15409,720,1,131.25,131.25,59,9,1
15410,83,10,4685.72,468.572,1902,80,0
15411,25,4,1348.93,337.2325,529,86,0
15412,170,1,190.53,190.53,108,10,1
15413,691,5,6798.72,1359.744,2694,20,0
15414,9,3,774.9000000000001,258.3,443,37,0
15415,312,1,559.61,559.61,551,46,1
15416,64,7,4572.82,653.26,2420,189,0
15417,84,1,508.8,508.8,284,28,1
15418,424,2,449.42,224.71,264,64,1
15419,24,1,135.86,135.86,230,8,1
15420,433,6,743.0,123.83333333333331,844,52,1
15421,58,10,3805.34,380.534,1927,170,0
15422,322,7,1619.97,231.42428571428573,710,80,0
15423,37,3,266.89,88.96333333333332,198,13,1
15424,253,3,597.78,199.26,873,33,1
15425,399,4,1941.12,485.28,1041,114,0
15426,18,9,2156.35,239.59444444444443,1041,327,0
15427,32,3,1430.54,476.8466666666666,967,233,0
15428,14,4,762.75,190.6875,347,39,1
15429,26,2,397.35,198.675,380,77,1
15430,467,2,954.75,477.375,309,36,1
15431,502,1,153.24,153.24,84,2,1
15432,22,2,320.76,160.38,92,16,1
15433,213,2,533.3,266.65,534,40,1
15434,7,11,2567.06,233.3690909090909,1423,82,0
15435,21,1,149.29,149.29,54,29,1
15436,11,3,1067.75,355.9166666666667,574,243,0
15437,261,2,393.45,196.725,177,56,1
15438,130,1,156.57999999999998,156.57999999999998,59,25,1
15439,404,4,1269.05,317.2625,572,49,1
15440,54,3,383.68,127.89333333333332,197,50,1
15441,395,3,1254.21,418.07,587,45,1
15442,248,1,594.0,594.0,120,2,1
15443,1,14,5114.2300000000005,365.3021428571429,2699,408,0
15444,8,2,1411.21,705.605,759,191,0
15445,263,2,284.5,142.25,118,12,1
15446,376,3,399.75,133.25,265,90,1
15447,330,5,492.88,98.576,228,27,1
15448,312,2,788.8100000000001,394.405,487,49,1
15449,25,3,974.52,324.84,812,47,0
15450,29,1,429.84,429.84,376,30,1
15451,433,2,226.86,113.43,76,56,1
15452,29,6,1785.11,297.5183333333334,1087,158,0
15453,1,7,1371.77,195.96714285714285,837,169,0
15454,361,2,305.99,152.995,146,35,1
15455,597,1,38.25,38.25,3,2,1
15456,282,10,2091.52,209.152,2727,128,0
15457,261,1,237.07,237.07,132,56,1
15458,24,2,370.44,185.22,300,13,1
15459,416,2,202.83,101.415,121,6,1
15460,353,1,214.26,214.26,107,53,1
15461,460,2,429.7,214.85,230,1,1
15462,93,4,737.05,184.2625,495,32,1
15463,28,1,126.14,126.14,106,7,1
15464,337,1,1044.65,1044.65,348,155,1
15465,19,32,12100.4,378.1375,2638,94,0
15466,84,4,1560.46,390.115,941,211,0
15467,8,3,524.88,174.96,310,41,1
15468,50,3,1430.48,476.82666666666665,1400,80,0
15469,49,3,874.25,291.4166666666667,287,38,1
15470,575,1,63.42,63.42,232,4,1
15471,1,3,1292.01,430.67,670,122,0
15472,112,1,371.56,371.56,251,76,1
15473,13,8,2046.0,255.75,776,5,0
15474,595,1,150.35,150.35,55,19,1
15475,76,1,454.11,454.11,319,29,1
15476,379,4,2209.98,552.495,1174,67,0
15477,649,1,368.4,368.4,216,2,1
15478,39,3,1983.48,661.16,894,53,0
15479,732,1,147.4,147.4,38,9,1
15480,115,5,6279.0,1255.8,1852,199,0
15481,400,1,1993.34,1993.34,1450,38,0
15482,15,19,14417.36,758.8084210526316,6516,74,0
15483,160,10,817.82,81.78200000000001,905,216,0
15484,0,6,4652.1,775.35,4074,180,0
15485,29,7,4810.92,687.2742857142857,2153,80,0
15486,526,1,102.0,102.0,40,1,1
15487,679,1,231.32,231.32,144,14,1
15488,92,5,431.92,86.384,251,10,1
15489,22,8,2419.61,302.45125,1264,75,0
15490,429,1,210.85,210.85,82,22,1
15491,94,6,3100.09,516.6816666666667,1646,108,0
15492,27,2,659.46,329.73,483,32,1
15493,32,9,4121.68,457.9644444444445,1206,289,0
15494,20,5,3702.6,740.52,3052,307,0
15495,378,1,246.5,246.5,194,20,1
15496,630,1,146.14,146.14,98,22,1
15497,17,9,8657.39,961.9322222222222,2937,66,0
15498,2,44,24972.86,567.565,12134,597,0
15499,723,1,158.65,158.65,59,40,1
15500,7,4,1131.56,282.89,572,64,0
15501,404,2,399.95,199.975,205,64,1
15502,15,14,13003.87,928.8478571428572,5559,231,0
15503,362,2,257.3,128.65,130,112,1
15504,80,4,402.7,100.675,141,42,1
15505,52,5,3610.96,722.192,2390,90,0
15506,22,6,2030.33,338.3883333333333,1637,180,0
15507,171,1,475.86,475.86,160,41,1
15508,188,6,1000.27,166.71166666666667,440,78,1
15509,379,1,152.41,152.41,58,26,1
15510,330,1,250.0,250.0,2,1,1
15511,11,5,900.53,180.106,269,117,0
15512,155,4,331.58,82.895,235,29,1
15513,32,35,26437.05,755.3442857142857,10477,278,0
15514,11,18,6392.06,355.1144444444445,4087,171,0
15515,386,1,171.81,171.81,131,7,1
15516,44,3,62.43,20.81,27,15,1
15517,232,1,267.03,267.03,293,27,1
15518,63,15,4189.99,279.3326666666666,2810,250,0
15519,382,2,344.61,172.305,116,34,1
15520,1,1,343.5,343.5,314,18,1
15521,39,16,7098.24,443.64,4507,186,0
15522,32,2,397.99,198.995,572,47,1
15523,83,16,17259.19,1078.699375,15633,65,0
15524,24,2,591.4,295.7,28,9,1
15525,1,4,890.22,222.555,527,152,0
15526,32,2,148.44,74.22,24,4,1
15527,18,23,5554.89,241.51695652173916,2211,226,0
15528,253,1,229.33,229.33,123,26,1
15529,22,12,4783.66,398.6383333333333,4271,451,0
15530,21,5,1808.68,361.736,1328,111,0
15531,7,2,1972.39,986.195,1085,196,0
15532,24,10,3738.85,373.885,1337,417,0
15533,18,3,807.57,269.19,289,73,0
15534,725,1,162.25,162.25,63,8,1
15535,172,6,1044.37,174.06166666666664,314,88,1
15536,408,1,259.09,259.09,242,16,1
15537,162,1,110.92,110.92,29,24,1
15538,537,6,3358.4,559.7333333333333,1016,3,1
15539,6,1,538.46,538.46,410,41,1
15540,10,2,460.68,230.34,444,31,1
15541,113,1,85.13000000000001,85.13000000000001,49,29,1
15542,511,3,855.71,285.2366666666667,418,212,1
15543,287,2,242.26,121.13,167,50,1
15544,8,20,7807.89,390.3945,6745,175,0
15545,53,2,288.97,144.485,162,78,1
15546,606,2,1079.1,539.5500000000001,198,6,1
15547,6,26,10057.05,386.80961538461537,7278,652,0
15548,595,1,158.09,158.09,64,23,1
15549,76,8,2334.16,291.77,936,139,0
15550,3,12,2211.05,184.2541666666667,1139,166,0
15551,36,7,1679.81,239.97285714285712,796,117,0
15552,216,2,252.52,126.26,166,29,1
15553,59,1,428.93,428.93,449,51,1
15554,277,1,217.2,217.2,74,14,1
15555,11,36,11243.91,312.3308333333333,8511,667,0
15556,23,1,279.77,279.77,236,31,1
15557,28,1,468.91,468.91,213,16,1
15558,638,1,202.68,202.68,73,23,1
15559,567,1,1109.4,1109.4,526,62,1
15560,397,2,153.52,76.76,72,10,1
15561,11,8,1934.39,241.79875,1334,65,0
15562,351,3,671.4300000000001,223.81000000000003,560,32,1
15563,21,7,2859.46,408.4942857142857,3005,179,0
15564,462,2,70.74000000000001,35.370000000000005,42,4,1
15565,49,2,173.16000000000005,86.58000000000001,60,8,1
15566,392,2,227.87,113.935,153,9,1
15567,18,1,186.01,186.01,223,7,1
15568,2,3,758.29,252.7633333333333,461,27,0
15569,103,10,3583.45,358.345,1734,123,0
15570,6,25,8736.49,349.4596,4079,442,0
15571,11,14,3892.35,278.025,2411,442,0
15572,4,10,3965.2,396.52,2089,259,0
15573,31,5,1188.42,237.68400000000003,770,181,0
15574,177,6,1101.44,183.57333333333332,750,191,0
15575,619,1,30.1,30.1,6,3,1
15576,37,1,921.37,921.37,394,43,1
15577,150,5,396.03,79.20599999999999,120,58,1
15578,161,1,127.1,127.1,52,13,1
15579,68,5,1250.63,250.12600000000003,713,140,0
15580,376,8,1375.39,171.92375,955,150,0
15581,120,38,7480.4,196.85263157894732,3028,542,0
15582,24,3,682.9100000000001,227.63666666666668,453,39,1
15583,375,1,95.96,95.96,56,37,1
15584,23,6,1268.2,211.36666666666667,483,174,0
15585,176,1,455.3,455.3,320,31,1
15586,592,3,1139.1,379.7000000000001,1338,30,1
15587,49,7,1522.08,217.44,528,3,1
15588,677,1,579.6,579.6,96,4,1
15589,255,3,478.53,159.51,243,28,1
15590,381,5,1496.6,299.32,832,75,0
15591,582,3,217.9,72.63333333333334,58,6,1
15592,46,1,388.58,388.58,354,24,1
15593,70,1,199.8,199.8,60,5,1
15594,15,5,1771.78,354.356,983,85,0
15595,487,1,357.6,357.6,144,4,1
15596,100,9,2727.72,303.08,1208,82,0
15597,34,2,563.37,281.685,393,35,1
15598,52,2,548.02,274.01,404,32,1
15599,26,3,1250.06,416.68666666666667,1098,77,0
15600,427,4,1199.31,299.8275,657,55,1
15601,10,30,14191.74,473.058,10395,310,0
15602,7,16,3137.96,196.1225,2292,62,0
15603,78,2,88.48,44.24,128,4,1
15604,51,1,216.39,216.39,159,17,1
15605,35,9,1741.95,193.55,641,80,0
15606,60,17,5230.99,307.70529411764704,1615,84,0
15607,336,9,1708.97,189.8855555555556,1470,95,0
15608,27,5,1785.98,357.196,1262,93,0
15609,183,1,298.48,298.48,148,16,1
15610,51,1,112.46,112.46,66,6,1
15611,9,26,2997.28,115.28,747,43,0
15612,35,2,195.15,97.575,52,4,1
15613,609,1,433.72,433.72,700,27,1
15614,437,4,3147.36,786.84,1632,73,0
15615,9,47,21373.97,454.7653191489362,12090,292,0
15616,437,1,317.11,317.11,137,13,1
15617,395,3,828.5500000000001,276.18333333333334,485,41,1
15618,32,4,776.851,194.21275,454,39,1
15619,10,1,336.4,336.4,136,3,1
15620,56,4,1942.36,485.59,1249,114,0
15621,3,4,1293.03,323.2575,501,11,0
15622,42,17,7852.610000000001,461.91823529411766,4091,331,0
15623,140,8,2437.05,304.63125,1087,91,0
15624,116,4,588.13,147.0325,357,26,1
15625,103,9,3236.4,359.6,3020,106,0
15626,74,3,1067.52,355.84,1138,73,0
15627,456,2,566.9,283.45,344,23,1
15628,4,17,5333.08,313.7105882352941,3569,136,0
15629,449,4,2240.9,560.225,1518,39,0
15630,44,3,1481.4,493.8,987,76,0
15631,641,1,596.67,596.67,525,39,1
15632,15,8,3285.31,410.66375,2109,107,0
15633,508,13,4335.96,333.5353846153846,2048,77,0
15634,16,2,554.65,277.325,227,34,1
15635,395,1,100.35,100.35,5,2,1
15636,89,4,1444.58,361.145,560,39,0
15637,52,5,797.59,159.518,651,37,1
15638,378,6,2265.2,377.5333333333333,1134,20,0
15639,133,3,1065.08,355.02666666666664,849,61,0
15640,3,29,23494.31,810.1486206896552,12140,303,0
15641,104,12,5345.55,445.4625,4422,249,0
15642,729,1,105.78,105.78,270,6,1
15643,191,3,664.0,221.33333333333331,246,31,1
15644,165,4,803.54,200.885,550,166,0
15645,18,3,1055.17,351.72333333333336,396,59,0
15646,157,5,784.8100000000001,156.96200000000002,821,65,1
15647,414,1,169.0,169.0,124,11,1
15648,203,2,639.5,319.75,218,23,1
15649,335,4,1660.35,415.0875,365,8,1
15650,521,2,553.88,276.94,210,33,1
15651,36,5,1259.06,251.812,871,52,0
15652,90,5,1405.94,281.188,657,93,0
15653,92,2,877.44,438.72,1200,4,1
15654,8,2,922.53,461.265,475,15,1
15655,242,1,560.6700000000001,560.6700000000001,324,34,1
15656,44,4,748.5,187.125,343,46,1
15657,22,1,30.0,30.0,24,1,1
15658,189,8,2117.27,264.65875,627,79,0
15659,43,3,532.49,177.49666666666667,161,14,1
15660,24,15,2603.69,173.57933333333332,1783,73,0
15661,316,8,1215.95,151.99375,779,27,1
15662,660,2,283.73,141.865,145,12,1
15663,105,1,138.14,138.14,106,9,1
15664,50,4,1254.03,313.5075,530,54,0
15665,167,5,3987.07,797.414,2777,163,0
15666,471,2,632.94,316.47,469,62,1
15667,39,1,301.32000000000005,301.32000000000005,240,13,1
15668,217,1,76.32000000000001,76.32000000000001,72,1,1
15669,39,4,684.34,171.085,342,31,1
15670,296,2,325.2,162.6,132,19,1
15671,18,7,2657.13,379.59,1699,52,0
15672,724,1,45.3,45.3,10,3,1
15673,87,9,6204.32,689.3688888888888,3274,177,0
15674,72,13,6948.2300000000005,534.4792307692308,3648,262,0
15675,80,4,542.04,135.51,624,32,1
15676,18,3,3435.76,1145.253333333333,2252,191,0
15677,48,3,1305.63,435.21,675,63,0
15678,52,3,1825.94,608.6466666666666,1022,77,0
15679,23,4,781.28,195.32,1170,98,0
15680,8,10,4028.69,402.869,2743,155,0
15681,24,14,2989.7000000000003,213.55,1392,48,0
15682,598,2,318.24,159.12,222,25,1
15683,116,2,524.54,262.27,332,25,1
15684,546,3,173.95,57.98333333333333,77,9,1
15685,449,1,55.98,55.98,36,17,1
15686,419,1,90.0,90.0,72,1,1
15687,8,9,2993.1,332.56666666666666,1310,119,0
15688,418,1,190.57,190.57,95,26,1
15689,119,3,521.03,173.67666666666665,207,20,1
15690,3,2,239.76,119.88,408,19,1
15691,251,4,571.3,142.825,212,12,1
15692,27,1,191.04,191.04,138,12,1
15693,658,1,37.5,37.5,30,1,1
15694,0,24,9978.48,415.77,2467,55,0
15695,266,4,1131.04,282.76,484,55,1
15696,32,13,3881.22,298.55538461538464,1386,163,0
15697,689,1,246.75,246.75,127,14,1
15698,623,1,46.2,46.2,60,2,1
15699,17,1,309.65,309.65,113,18,1
15700,171,2,696.68,348.34,357,85,1
15701,1,4,1529.0,382.25,912,193,0
15702,475,2,140.39,70.195,103,30,1
15703,264,1,211.5,211.5,66,5,1
15704,139,6,3734.66,622.4433333333334,1709,129,0
15705,200,1,143.1,143.1,62,6,1
15706,63,4,1060.56,265.14,321,50,1
15707,34,4,916.98,229.245,594,126,0
15708,40,9,3887.15,431.9055555555556,1465,135,0
15709,283,2,327.85,163.925,169,26,1
15710,416,1,898.87,898.87,641,110,1
15711,556,2,420.25,210.125,199,25,1
15712,8,12,3472.41,289.3675,1277,86,0
15713,142,4,839.64,209.91,451,48,1
15714,11,5,783.96,156.792,361,45,0
15715,555,5,658.02,131.60399999999998,246,33,1
15716,145,11,2485.26,225.9327272727273,1379,188,0
15717,233,5,607.0,121.4,224,17,1
15718,539,1,293.79,293.79,95,18,1
15719,32,31,10195.97,328.9022580645161,5356,449,0
15720,23,2,739.22,369.61,327,152,0
15721,11,1,471.4,471.4,388,80,1
15722,35,11,5234.0,475.8181818181818,2279,91,0
15723,364,4,930.7,232.675,427,108,1
15724,200,3,310.85,103.61666666666667,117,17,1
15725,14,1,415.25,415.25,221,32,1
15726,389,1,321.91,321.91,123,23,1
15727,16,15,9371.71,624.7806666666667,5908,426,0
15728,379,2,544.6,272.3,132,10,1
15729,212,3,192.55,64.18333333333334,47,10,1
15730,65,5,1726.58,345.316,1061,102,0
15731,553,1,125.3,125.3,122,8,1
15732,211,10,1543.97,154.397,1264,53,0
15733,282,1,162.3,162.3,62,10,1
15734,114,4,2263.3,565.825,516,36,0
15735,420,1,327.68,327.68,206,19,1
15736,434,2,1767.12,883.5600000000001,1208,95,0
15737,14,8,1188.12,148.515,597,60,0
15738,18,41,13043.32,318.12975609756097,9030,70,0
15739,65,1,449.12,449.12,472,8,1
15740,48,1,154.88,154.88,152,9,1
15741,457,2,208.62,104.31,70,11,1
15742,618,1,156.87,156.87,51,41,1
15743,15,4,775.96,193.99,214,59,1
15744,77,1,34.8,34.8,120,3,1
15745,18,4,1094.59,273.64750000000004,421,57,0
15746,133,1,196.88,196.88,178,28,1
15747,12,9,2499.81,277.75666666666666,1344,116,0
15748,39,3,609.81,203.27,261,34,1
15749,234,3,44534.3,14844.766666666668,18028,5,0
15750,2,18,6452.991,358.4995,4281,389,0
15751,460,11,1380.44,125.49454545454546,443,90,0
15752,39,9,3924.91,436.1011111111111,2792,359,0
15753,304,1,79.2,79.2,144,1,1
15754,50,9,3037.61,337.51222222222225,1762,114,0
15755,9,17,5993.12,352.53647058823526,4034,281,0
15756,60,4,528.01,132.0025,241,160,1
15757,65,6,2940.36,490.06,1757,162,0
15758,24,1,205.25,205.25,47,9,1
15759,217,7,830.9300000000001,118.70428571428572,523,10,1
15760,630,2,13916.34,6958.17,2,1,1
15761,442,1,143.05,143.05,31,5,1
15762,64,2,583.75,291.875,251,37,1
15763,31,2,1086.92,543.46,271,58,0
15764,87,8,4503.08,562.885,2945,187,0
15765,666,1,370.63,370.63,335,25,1
15766,63,3,831.0600000000001,277.02000000000004,334,21,1
15768,115,34,15308.89,450.2614705882353,4215,437,0
15769,6,46,88612.52,1926.3591304347824,49068,26,0
15770,612,1,321.45,321.45,67,18,1
15771,603,3,1006.54,335.5133333333333,512,26,1
15772,417,1,280.88,280.88,110,16,1
15773,5,2,774.52,387.26,410,46,0
15774,68,6,1288.34,214.72333333333333,465,88,0
15775,244,2,150.5,75.25,260,9,1
15776,132,1,241.62,241.62,138,18,1
15777,240,7,1762.61,251.8014285714286,599,29,0
15778,430,1,307.95000000000005,307.95000000000005,101,17,1
15779,462,2,124.08,62.040000000000006,20,8,1
15780,183,3,475.28,158.42666666666668,220,26,1
15781,24,3,345.46000000000004,115.15333333333336,180,20,1
15782,9,4,4014.1,1003.525,1844,51,0
15783,10,1,246.3,246.3,212,14,1
15784,467,2,848.33,424.165,381,33,1
15785,32,16,5969.93,373.120625,4479,102,0
15786,45,5,8501.62,1700.324,5957,358,0
15787,25,3,933.26,311.08666666666664,534,156,0
15788,508,1,221.83,221.83,115,14,1
15789,357,6,1962.01,327.00166666666667,2499,110,0
15790,9,1,218.75,218.75,113,34,1
15791,43,5,3608.34,721.668,1970,121,0
15792,399,2,933.84,466.92,606,57,1
15793,14,8,2399.57,299.94625,1685,12,0
15794,735,2,777.0,388.5,288,15,1
15795,149,8,1979.87,247.48375,1411,111,0
15796,0,17,5171.63,304.21352941176474,1733,138,0
15797,112,6,2821.08,470.18,1281,12,0
15798,492,3,1535.37,511.79,915,73,0
15799,75,4,1421.34,355.335,1341,143,0
15800,106,7,1227.07,175.29571428571427,575,198,0
15801,45,3,1063.95,354.65000000000003,570,61,0
15802,142,1,451.42,451.42,1,1,1
15803,50,4,1929.66,482.415,1030,48,0
15804,0,13,4206.39,323.5684615384616,2565,170,0
15805,22,30,10148.93,338.29766666666666,6205,337,0
15806,45,3,784.58,261.5266666666667,602,24,1
15807,49,5,1817.52,363.504,1532,85,0
15808,305,21,17180.25,818.1071428571429,6753,348,0
15809,35,7,1274.44,182.06285714285715,700,51,0
15810,78,8,2999.04,374.88,1653,89,0
15811,21,7,3486.15,498.0214285714286,1781,205,0
15812,106,12,5201.47,433.4558333333334,3450,87,0
15813,207,2,1303.91,651.9549999999999,603,40,1
15814,16,6,2634.44,439.0733333333333,1728,83,0
15815,63,5,2100.6,420.12,1856,33,0
15816,541,2,144.15,72.075,54,11,1
15817,420,3,2766.4,922.1333333333332,1596,133,0
15818,587,1,340.5,340.5,284,11,1
15819,48,10,3934.79,393.479,2928,182,0
15820,319,1,206.98,206.98,128,17,1
15821,43,2,570.96,285.48,202,57,1
15822,2,6,1840.06,306.6766666666667,950,46,0
15823,371,3,3882.17,1294.0566666666666,1774,155,0
15824,452,2,890.94,445.47,478,24,1
15825,171,1,532.94,532.94,220,20,1
15826,55,4,2598.28,649.57,1824,100,0
15827,72,28,3603.14,128.6835714285714,1715,124,0
15828,374,1,1108.82,1108.82,367,74,1
15829,98,2,636.14,318.07,996,44,1
15830,37,1,576.0,576.0,415,39,1
15831,57,3,794.64,264.88,1092,63,0
15832,253,1,836.79,836.79,465,54,1
15833,737,1,80.4,80.4,24,5,1
15834,69,7,3764.39,537.77,1815,333,0
15835,43,4,954.09,238.5225,439,47,1
15836,49,1,137.37,137.37,26,10,1
15837,64,2,777.01,388.505,405,52,1
15838,10,34,73205.5,2153.1029411764707,64114,61,0
15839,32,3,1048.49,349.49666666666667,675,56,0
15840,58,2,355.56,177.78,396,26,1
15841,72,9,2742.41,304.7122222222222,2391,60,0
15842,392,2,548.8000000000001,274.40000000000003,296,24,1
15843,303,1,118.95,118.95,27,8,1
15844,45,1,130.73999999999998,130.73999999999998,134,11,1
15845,17,11,4426.28,402.3890909090909,2128,129,0
15846,384,1,107.01,107.01,79,27,1
15847,37,5,822.57,164.514,643,39,1
15848,621,1,137.99,137.99,45,34,1
15850,18,6,1006.75,167.79166666666666,1334,269,0
15851,526,1,109.73,109.73,67,8,1
15852,186,3,257.26,85.75333333333333,60,31,1
15853,51,1,110.8,110.8,135,29,1
15854,3,21,5578.28,265.6323809523809,1691,168,0
15855,136,6,1052.72,175.45333333333335,712,72,0
15856,3,52,32275.95,620.6913461538462,19550,384,0
15857,18,2,570.48,285.24,584,21,1
15858,15,13,3552.41,273.2623076923077,2715,273,0
15859,431,1,438.46,438.46,174,22,1
15860,40,17,2361.3,138.9,1259,249,0
15861,11,12,4369.2,364.1,3837,452,0
15862,7,13,2512.29,193.2530769230769,1520,417,0
15863,25,5,355.1,71.02000000000001,162,74,1
15864,21,7,2180.76,311.5371428571429,1486,18,0
15865,40,5,2241.42,448.284,1141,119,0
15866,100,1,211.89,211.89,124,43,1
15867,4,31,8923.3,287.84838709677416,5067,547,0
15868,582,1,94.53,94.53,57,4,1
15869,276,3,321.11,107.03666666666668,273,29,1
15870,32,4,857.46,214.365,504,127,0
15871,436,1,33.099999999999994,33.099999999999994,5,5,1
15872,14,4,729.25,182.3125,467,164,0
15873,499,4,313.92,78.47999999999999,1152,3,1
15874,63,21,11284.76,537.3695238095238,5102,262,0
15875,645,1,108.52,108.52,74,18,1
15876,408,2,1449.14,724.57,886,11,1
15877,1,2,490.33,245.165,368,122,0
15878,561,2,330.77,165.385,243,47,1
15879,403,4,1137.8,284.45,639,171,0
15880,368,1,329.03,329.03,202,95,1
15881,311,5,501.39,100.278,260,26,1
15882,198,8,1124.66,140.5825,650,49,1
15883,1,2,396.48,198.24,223,42,1
15884,431,2,244.6,122.3,152,14,1
15885,92,15,1951.82,130.12133333333333,622,83,0
15886,59,4,1052.87,263.21750000000003,667,58,0
15887,406,3,1027.15,342.3833333333334,605,27,1
15888,80,3,429.16,143.05333333333334,139,33,1
15889,156,8,1427.6,178.45,800,256,0
15890,394,5,535.65,107.13,119,10,1
15891,226,1,511.68,511.68,418,60,1
15892,668,1,128.2,128.2,46,38,1
15893,481,1,305.28000000000003,305.28000000000003,288,1,1
15894,252,2,258.25,129.125,164,35,1
15895,149,1,179.17,179.17,94,11,1
15897,193,2,208.59,104.295,223,17,1
15898,0,25,4996.45,199.858,2160,281,0
15899,368,1,56.25,56.25,39,4,1
15900,23,4,886.57,221.6425,656,100,0
15901,16,7,687.72,98.24571428571429,695,145,0
15902,379,1,145.01,145.01,124,18,1
15903,9,12,8939.84,744.9866666666667,3926,58,0
15904,7,1,164.68,164.68,84,30,1
15905,542,1,114.69,114.69,82,22,1
15906,19,10,2530.19,253.019,749,143,0
15907,3,3,882.72,294.24,478,175,0
15908,490,2,758.62,379.31,173,37,1
15909,173,1,191.94,191.94,98,7,1
15910,0,15,2661.17,177.41133333333337,2158,394,0
15911,623,8,1700.24,212.53,810,162,0
15912,177,9,1074.7,119.41111111111113,759,83,0
15913,533,1,6.300000000000001,6.300000000000001,3,1,1
15914,377,2,205.99,102.995,149,13,1
15915,401,1,364.45,364.45,414,105,1
15916,15,13,3145.24,241.94153846153847,1618,227,0
15917,247,5,530.17,106.034,248,127,1
15918,190,3,582.88,194.2933333333333,240,49,1
15919,19,2,525.69,262.845,385,103,1
15920,153,9,569.14,63.23777777777778,238,93,1
15921,172,4,775.26,193.815,335,69,1
15922,372,1,369.5,369.5,138,11,1
15923,372,1,127.08,127.08,122,21,1
15924,730,1,102.82,102.82,103,14,1
15925,193,1,207.15,207.15,93,12,1
15926,541,1,134.44,134.44,155,7,1
15927,646,1,106.54,106.54,66,13,1
15928,655,1,293.53,293.53,164,11,1
15929,643,1,594.0,594.0,120,1,1
15930,66,1,426.63,426.63,139,21,1
15931,427,1,239.9,239.9,118,14,1
15932,3,8,2495.87,311.98375,2325,93,0
15933,20,3,1107.46,369.15333333333336,885,63,0
15934,417,2,2190.66,1095.33,2166,29,0
15935,238,2,416.86,208.43,115,12,1
15936,378,2,282.79,141.395,211,16,1
15937,63,1,145.35000000000002,145.35000000000002,73,7,1
15938,111,9,734.8100000000001,81.64555555555556,449,27,1
15939,89,16,9060.39,566.274375,6260,52,0
15940,310,1,35.8,35.8,4,1,1
15941,636,1,405.0,405.0,60,6,1
15942,133,1,337.44,337.44,232,14,1
15943,649,2,271.29,135.64499999999998,183,12,1
15944,276,4,2164.24,541.06,859,25,0
15945,364,4,646.27,161.5675,345,24,1
15946,502,3,2304.18,768.06,1614,25,0
15947,82,1,1708.24,1708.24,898,29,0
15948,7,3,1509.09,503.03,852,63,0
15949,16,2,364.72,182.36,284,12,1
15950,31,10,7120.91,712.091,3354,225,0
15951,8,3,1013.17,337.72333333333336,420,44,0
15952,33,4,781.91,195.4775,391,65,1
15953,14,18,3440.34,191.13,1741,102,0
15954,588,1,190.75,190.75,119,20,1
15955,23,22,8085.98,367.5445454545455,3967,222,0
15956,550,2,617.6,308.8,278,18,1
15957,31,3,921.25,307.0833333333333,453,121,0
15958,73,4,462.12,115.53,154,50,1
15959,681,3,542.89,180.9633333333333,269,58,1
15960,373,4,410.95,102.7375,258,24,1
15961,378,1,451.29,451.29,154,42,1
15962,448,1,289.48,289.48,228,43,1
15963,19,2,470.76,235.38,298,26,1
15964,662,1,269.21000000000004,269.21000000000004,93,20,1
15965,16,13,2771.94,213.22615384615384,1313,202,0
15966,450,1,426.53,426.53,275,27,1
15967,22,12,2966.0,247.16666666666663,1183,316,0
15968,387,1,404.55,404.55,247,70,1
15969,2,5,1127.05,225.41,223,31,0
15970,303,2,1017.32,508.66,498,19,1
15971,17,18,5902.83,327.935,2251,12,0
15972,455,5,1769.33,353.866,468,104,0
15973,366,3,680.62,226.8733333333333,195,8,1
15974,38,7,3442.15,491.7357142857143,2262,141,0
15975,83,1,371.01,371.01,243,24,1
15976,164,6,1694.41,282.4016666666667,1053,265,0
15977,16,2,1054.73,527.365,1016,48,0
15978,76,3,3279.42,1093.14,2444,107,0
15979,602,1,329.22,329.22,450,22,1
15980,88,7,6543.68,934.8114285714286,4822,101,0
15981,24,21,9362.77,445.8461904761905,4827,151,0
15982,604,1,324.51,324.51,131,45,1
15983,21,8,3110.37,388.79625,1872,137,0
15984,2,30,8393.02,279.76733333333334,5730,458,0
15985,122,7,2715.28,387.8971428571429,2750,50,0
15986,29,2,354.42,177.21,368,25,1
15987,11,8,1535.99,191.99875,1599,143,0
15988,18,3,738.89,246.29666666666665,476,114,0
15989,375,2,368.31,184.155,169,81,1
15990,43,7,1997.75,285.3928571428572,1086,117,0
15991,533,1,150.55,150.55,41,6,1
15992,3,3,896.6,298.8666666666667,514,53,0
15993,8,7,2777.67,396.81,2037,335,0
15994,54,3,1175.68,391.8933333333334,462,93,0
15995,413,1,694.54,694.54,352,108,1
15996,87,7,1386.4,198.05714285714288,643,140,0
15998,36,16,8274.14,517.13375,5350,682,0
15999,735,1,20.4,20.4,24,1,1
16000,2,3,12393.7,4131.233333333334,5110,9,0
16001,380,1,583.39,583.39,337,29,1
16002,624,1,169.21,169.21,70,42,1
16003,29,10,5613.83,561.383,2210,146,0
16004,474,5,2146.39,429.278,1076,63,0
16005,11,10,2365.49,236.54900000000004,1269,315,0
16006,210,2,332.82,166.41,205,75,1
16007,47,7,3053.06,436.1514285714285,2631,337,0
16008,23,15,5339.13,355.942,3237,63,0
16009,21,4,972.11,243.0275,366,68,0
16010,245,11,1694.86,154.0781818181818,919,122,0
16011,7,29,5601.01,193.13827586206895,3323,181,0
16012,34,5,2978.59,595.7180000000001,1760,207,0
16013,3,84,56078.44,667.6004761904762,25520,54,0
16014,37,5,1100.28,220.056,462,219,0
16015,3,3,704.55,234.85,907,146,0
16016,2,11,2083.4,189.4,881,181,0
16017,46,5,1545.58,309.116,635,99,0
16018,38,4,698.13,174.5325,503,48,1
16019,46,27,17329.16,641.8207407407407,6959,256,0
16020,16,3,851.01,283.67,487,42,0
16021,394,2,487.03,243.515,276,117,1
16022,259,1,602.63,602.63,255,68,1
16023,45,3,719.81,239.93666666666664,358,90,1
16024,11,3,483.99,161.33,504,78,1
16025,29,1,439.66,439.66,338,28,1
16026,42,1,236.09,236.09,243,30,1
16027,91,15,2048.36,136.55733333333333,2099,20,0
16028,595,1,82.2,82.2,18,5,1
16029,38,107,117763.62,1100.5945794392524,54450,57,0
16030,309,1,331.24,331.24,283,28,1
16031,91,2,547.9,273.95,421,91,1
16032,455,6,1965.72,327.62,1467,130,0
16033,5,27,10608.81,392.9188888888889,4200,605,0
16034,195,6,911.32,151.88666666666668,585,43,1
16035,559,1,217.73,217.73,33,21,1
16036,86,4,2556.84,639.21,1369,120,0
16037,269,5,1509.34,301.86800000000005,766,62,0
16038,7,3,471.78,157.26,244,24,1
16039,423,2,456.4,228.2,409,27,1
16040,64,7,2416.9,345.2714285714286,1185,95,0
16041,30,3,3166.4,1055.4666666666667,1584,6,0
16042,21,8,2245.32,280.665,1430,88,0
16043,37,8,1856.59,232.07375,1011,56,0
16044,434,1,340.84000000000003,340.84000000000003,170,19,1
16045,119,8,3434.93,429.36625,2108,111,0
16046,561,1,235.78,235.78,248,22,1
16047,681,1,107.14,107.14,1,1,1
16048,372,4,818.7900000000001,204.6975,425,30,1
16049,39,6,1852.15,308.69166666666666,1132,383,0
16050,173,3,300.7,100.23333333333332,388,19,1
16051,681,1,188.44,188.44,80,12,1
16052,53,1,362.06,362.06,282,34,1
16053,32,6,3634.84,605.8066666666667,3067,169,0
16054,144,4,2111.88,527.97,791,109,0
16055,220,1,134.8,134.8,22,8,1
16056,44,1,650.75,650.75,345,66,1
16057,15,10,3854.85,385.485,1691,175,0
16058,405,1,62.7,62.7,18,2,1
16059,65,12,3053.57,254.46416666666667,1431,233,0
16060,400,3,541.95,180.65,243,22,1
16061,430,1,89.65,89.65,19,3,1
16062,9,8,2863.45,357.93125,2035,134,0
16063,259,1,335.32,335.32,262,23,1
16064,724,1,109.31,109.31,55,17,1
16065,364,8,1992.13,249.01625,1207,214,0
16066,16,5,1521.04,304.208,935,77,0
16067,562,3,3269.11,1089.7033333333334,1236,60,0
16068,593,1,115.73,115.73,48,34,1
16069,417,1,457.7,457.7,138,25,1
16070,21,2,852.15,426.075,457,32,1
16071,44,4,1076.8,269.2,697,62,0
16072,287,4,4180.09,1045.0225,1580,414,0
16073,296,1,122.4,122.4,48,1,1
16074,389,1,252.5,252.5,38,23,1
16075,502,2,736.9300000000001,368.465,271,41,1
16076,2,10,2234.73,223.473,1435,71,0
16077,625,1,2300.4,2300.4,840,8,1
16078,283,2,362.99,181.495,200,39,1
16079,16,3,1352.0,450.6666666666667,864,18,0
16080,81,4,602.5600000000001,150.64,298,29,1
16081,55,8,4278.96,534.87,2177,235,0
16082,669,1,106.75,106.75,39,16,1
16083,100,4,2351.42,587.855,1514,61,0
16084,298,1,436.18,436.18,216,38,1
16085,22,12,2341.03,195.0858333333333,1382,259,0
16086,58,10,2687.73,268.773,1450,66,0
16087,388,5,1739.92,347.98400000000004,664,6,1
16088,575,2,1437.43,718.715,373,3,1
16089,385,2,263.49,131.745,119,42,1
16090,623,1,180.56,180.56,58,18,1
16091,154,2,315.06,157.53,154,16,1
16092,114,6,1587.94,264.6566666666667,1188,60,0
16093,106,1,17.0,17.0,20,1,1
16094,11,11,3695.56,335.96,2020,101,0
16095,455,1,447.05,447.05,265,30,1
16096,263,4,1584.97,396.2425,700,58,0
16097,239,1,185.05,185.05,87,10,1
16098,87,14,4010.7,286.4785714285714,2008,83,0
16099,49,7,1573.2,224.7428571428572,960,44,0
16100,462,1,582.64,582.64,438,37,1
16101,70,4,3229.16,807.29,1844,153,0
16102,41,3,1842.14,614.0466666666667,942,41,0
16103,6,22,6191.71,281.44136363636363,2639,111,0
16104,61,9,2774.46,308.2733333333333,1047,187,0
16105,248,5,2386.19,477.238,2125,92,0
16106,65,1,108.38,108.38,74,6,1
16107,17,7,3204.1600000000003,457.7371428571429,1176,16,0
16108,84,4,2235.92,558.98,1473,124,0
16109,218,3,939.48,313.16,1092,30,1
16110,44,4,1781.59,445.3975,880,343,0
16111,427,1,549.33,549.33,233,72,1
16112,142,4,195.74,48.935,574,15,1
16113,182,1,161.38,161.38,176,30,1
16114,170,1,135.75000000000003,135.75000000000003,43,8,1
16115,9,12,2553.8,212.8166666666667,1589,230,0
16116,211,1,612.78,612.78,248,34,1
16117,189,3,654.4,218.13333333333333,321,64,1
16118,652,1,4376.25,4376.25,2851,41,0
16119,7,8,1720.81,215.10125,811,37,0
16120,58,6,2967.51,494.585,2161,84,0
16121,56,5,1450.04,290.008,879,256,0
16122,72,6,895.62,149.27,1280,28,0
16123,51,1,307.78000000000003,307.78000000000003,170,16,1
16124,316,4,1772.49,443.1225,797,63,0
16125,366,14,4292.35,306.5964285714286,1819,168,0
16126,28,15,14644.6,976.3066666666668,6140,144,0
16127,38,2,801.3100000000001,400.655,391,75,1
16128,17,11,3801.05,345.55,2445,155,0
16129,406,3,1396.05,465.35,1261,91,0
16130,421,4,987.48,246.87,296,53,1
16131,51,12,9957.42,829.785,4768,131,0
16132,543,2,664.1999999999999,332.1,280,14,1
16133,3,56,22992.26,410.5760714285714,13653,303,0
16134,21,5,2145.34,429.068,1637,85,0
16135,262,2,819.45,409.725,395,35,1
16136,59,4,946.8,236.7,674,44,0
16137,679,1,422.7,422.7,210,28,1
16138,378,3,910.35,303.45,774,35,1
16139,18,5,1111.15,222.23,602,47,0
16140,65,3,1433.46,477.82,1272,50,0
16141,87,2,955.94,477.97,410,47,1
16142,249,1,535.34,535.34,422,37,1
16143,2,12,4555.08,379.59,1866,107,0
16144,246,1,175.2,175.2,16,1,1
16145,8,19,6805.4400000000005,358.1810526315789,5270,217,0
16146,156,4,946.38,236.595,544,34,1
16147,133,5,2398.91,479.782,1395,113,0
16148,295,2,386.62,193.31,250,9,1
16149,4,3,422.22,140.73999999999998,598,30,1
16150,42,10,4002.17,400.217,1990,143,0
16152,268,1,1829.04,1829.04,642,29,1
16153,49,11,5133.49,466.6809090909091,3693,161,0
16155,381,5,796.9,159.38,495,45,1
16156,8,20,6188.18,309.409,3205,199,0
16157,15,3,656.69,218.89666666666668,347,12,1
16158,521,9,628.32,69.81333333333333,182,29,1
16159,281,4,1232.79,308.1975,635,31,1
16160,64,2,1025.44,512.72,1162,20,1
16161,1,43,12580.06,292.5595348837209,6255,458,0
16162,251,1,37.4,37.4,4,2,1
16163,231,6,2407.98,401.33,676,59,0
16164,16,3,822.48,274.16,433,27,1
16165,504,1,79.9,79.9,2,1,1
16166,427,2,435.83,217.915,173,18,1
16167,413,5,1386.12,277.224,1494,51,0
16168,10,66,10360.67,156.97984848484847,4975,131,0
16169,7,4,1822.97,455.7425,1325,71,0
16170,50,20,6869.0,343.45,6056,254,0
16171,58,1,73.19999999999999,73.19999999999999,24,3,1
16172,94,8,1884.55,235.56875,1419,81,0
16173,15,6,1418.32,236.38666666666663,575,70,0
16174,125,7,2246.75,320.9642857142857,1431,28,0
16175,93,7,1836.44,262.34857142857146,932,59,0
16176,420,4,2052.69,513.1725,952,53,0
16177,49,8,2247.31,280.91375,1021,79,0
16178,137,2,612.6,306.3,304,24,1
16179,60,1,215.83,215.83,99,11,1
16180,99,13,16249.87,1249.99,9813,171,0
16181,72,1,305.54,305.54,152,11,1
16182,71,9,9971.65,1107.961111111111,5887,20,0
16183,66,4,1077.81,269.4525,351,32,1
16184,63,6,1158.79,193.13166666666663,561,26,1
16185,16,3,644.72,214.90666666666667,321,39,1
16186,22,26,8718.43,335.3242307692308,6594,172,0
16187,31,15,6911.4400000000005,460.7626666666667,5048,160,0
16188,44,5,1087.66,217.532,838,72,0
16189,15,2,215.48,107.74,134,9,1
16190,39,8,2723.55,340.44375,1231,89,0
16191,2,24,15677.820000000002,653.2425000000001,9348,113,0
16192,735,1,351.3,351.3,208,11,1
16193,236,2,630.4300000000001,315.21500000000003,379,38,1
16194,374,1,308.6,308.6,140,8,1
16195,722,1,323.25,323.25,123,16,1
16196,488,1,93.3,93.3,26,4,1
16197,468,9,2016.71,224.07888888888888,1420,52,0
16198,74,2,1030.0410000000002,515.0205000000001,384,31,1
16199,391,7,942.75,134.67857142857142,321,2,1
16200,3,12,5608.1,467.3416666666667,3068,361,0
16201,2,5,2112.12,422.424,1421,86,0
16202,360,9,2501.99,277.9988888888889,1307,105,0
16203,58,6,943.84,157.30666666666667,537,56,0
16204,22,3,918.71,306.2366666666667,671,86,0
16205,30,7,1820.11,260.0157142857143,1452,147,0
16206,54,13,2589.87,199.22076923076924,1379,187,0
16207,24,1,394.38,394.38,140,19,1
16208,44,10,3440.4500000000003,344.045,1541,180,0
16209,88,9,4146.78,460.7533333333333,1895,51,0
16210,1,35,33750.97,964.3134285714286,12397,145,0
16211,88,3,1090.59,363.53,519,35,1
16212,18,4,1293.71,323.4275,571,71,0
16213,78,1,159.0,159.0,48,6,1
16214,170,4,2038.25,509.5625,1308,84,0
16215,80,1,242.35,242.35,104,14,1
16216,266,1,914.93,914.93,254,37,1
16217,234,2,304.25,152.125,91,13,1
16218,29,13,3968.67,305.2823076923077,2799,82,0
16219,500,1,40.8,40.8,48,1,1
16221,36,9,2019.92,224.4355555555556,1449,177,0
16222,317,2,1272.05,636.025,463,133,0
16223,374,2,1087.05,543.525,643,101,1
16224,56,5,1616.54,323.308,1555,107,0
16225,44,15,2859.31,190.62066666666664,1281,189,0
16226,202,5,672.17,134.434,521,23,1
16227,224,3,1027.22,342.4066666666667,436,28,1
16228,384,3,885.71,295.2366666666667,555,45,1
16229,86,6,2867.86,477.9766666666667,1292,144,0
16230,189,2,542.03,271.015,365,32,1
16231,378,4,1074.47,268.6175,563,69,1
16232,43,7,2712.97,387.5671428571428,1849,60,0
16233,70,9,1818.31,202.03444444444443,677,49,0
16234,475,3,333.18,111.06,170,13,1
16235,40,9,2053.71,228.19,788,80,0
16236,77,1,432.2,432.2,184,20,1
16237,436,1,136.65,136.65,57,7,1
16238,422,1,63.66,63.66,85,6,1
16239,56,6,1492.2,248.7,692,24,0
16240,23,2,3718.8,1859.4,1641,126,0
16241,9,16,3992.86,249.55375,2258,500,0
16242,7,14,7404.650000000001,528.9035714285715,3921,348,0
16243,33,2,409.1,204.55,110,49,1
16244,211,2,1522.75,761.375,855,88,0
16245,23,3,1413.66,471.22,1014,80,0
16246,459,2,821.35,410.675,336,79,1
16247,169,1,114.56,114.56,182,16,1
16248,61,1,152.94,152.94,78,7,1
16249,52,5,1800.07,360.014,950,67,0
16250,260,3,565.24,188.41333333333333,268,29,1
16251,511,1,128.31,128.31,44,20,1
16252,382,1,295.09000000000003,295.09000000000003,158,21,1
16253,66,7,7272.2,1038.8857142857144,6030,218,0
16254,377,3,967.44,322.48,543,65,1
16255,16,15,4530.0,302.0,2876,231,0
16256,266,3,1629.37,543.1233333333333,1590,27,0
16257,176,1,46.95,46.95,2,2,1
16258,44,15,11942.52,796.168,7200,253,0
16259,409,3,340.94,113.64666666666666,143,75,1
16260,50,1,1035.45,1035.45,311,18,1
16261,16,6,1041.16,173.52666666666667,454,118,0
16262,377,1,755.15,755.15,446,46,1
16263,422,1,348.16,348.16,197,19,1
16264,437,2,823.53,411.765,616,62,1
16265,8,12,6935.17,577.9308333333333,3214,192,0
16266,73,14,1757.95,125.56785714285716,791,73,0
16267,590,1,186.66,186.66,198,7,1
16268,70,2,667.65,333.825,533,45,1
16269,437,1,717.57,717.57,579,53,1
16270,352,1,1141.24,1141.24,688,54,1
16271,2,10,3397.82,339.78200000000004,2359,176,0
16272,116,1,411.7,411.7,224,25,1
16273,647,2,318.34000000000003,159.17000000000002,40,15,1
16274,372,1,351.75,351.75,153,64,1
16275,196,3,2151.11,717.0366666666667,1268,105,0
16276,176,3,2629.3900000000003,876.4633333333335,1467,20,0
16277,733,1,188.69,188.69,33,23,1
16278,99,3,1117.84,372.6133333333333,342,50,1
16279,20,9,5698.28,633.1422222222222,3683,243,0
16280,724,1,238.05,238.05,101,16,1
16281,71,3,3424.02,1141.34,1570,27,0
16282,339,3,1307.5800000000002,435.86000000000007,790,31,1
16283,5,8,4350.32,543.79,2867,385,0
16284,30,3,1018.48,339.49333333333334,674,108,0
16285,645,1,176.9,176.9,60,31,1
16286,476,2,328.95,164.475,101,17,1
16287,169,5,1006.98,201.396,1426,18,1
16288,469,1,129.85,129.85,19,7,1
16289,461,1,136.31,136.31,97,21,1
16290,464,4,1957.7,489.425,957,85,0
16291,681,1,117.72,117.72,1,1,1
16292,121,5,1253.76,250.752,688,51,0
16293,21,15,4279.2,285.28,1833,168,0
16294,476,1,126.05,126.05,54,8,1
16295,9,4,1328.55,332.1375,841,70,0
16296,625,4,1313.67,328.4175,645,56,1
16297,268,1,301.9,301.9,206,20,1
16298,22,7,1085.7,155.1,308,32,0
16299,476,1,193.65,193.65,107,12,1
16300,429,3,1367.32,455.7733333333333,643,190,0
16301,736,1,107.33,107.33,41,6,1
16302,126,1,233.22,233.22,158,11,1
16303,25,7,7928.27,1132.61,3859,156,0
16304,694,1,381.66,381.66,228,25,1
16305,138,1,361.22,361.22,256,22,1
16306,213,7,1124.72,160.67428571428573,712,55,0
16307,428,3,1194.92,398.3066666666667,1123,69,0
16308,37,7,5120.0,731.4285714285714,16000,1,0
16309,105,2,706.57,353.285,467,39,1
16310,413,2,460.08,230.04,270,26,1
16311,17,2,616.26,308.13,394,35,1
16312,431,1,171.15,171.15,53,10,1
16313,2,2,274.15000000000003,137.07500000000002,165,16,1
16314,389,3,1491.4,497.1333333333334,636,58,1
16315,330,2,402.71,201.355,143,21,1
16316,63,13,5744.91,441.91615384615386,3057,193,0
16317,119,5,2192.51,438.50200000000007,1236,103,0
16318,34,1,328.15000000000003,328.15000000000003,199,19,1
16319,217,1,404.4,404.4,72,3,1
16320,171,6,5628.99,938.165,3319,193,0
16321,71,7,604.5500000000001,86.36428571428573,259,15,1
16322,0,2,326.75,163.375,231,28,1
16323,195,2,353.66,176.83,146,4,1
16324,127,3,408.59,136.1966666666667,270,100,1
16325,46,12,3597.5,299.7916666666667,2464,104,0
16326,5,24,4721.25,196.71875,1083,243,0
16327,13,16,10159.64,634.9775,8124,289,0
16328,562,1,310.83,310.83,141,16,1
16329,427,4,1664.92,416.23,797,83,0
16330,17,7,625.38,89.34,326,105,0
16331,431,6,2037.7,339.6166666666667,756,33,0
16332,27,11,2000.01,181.8190909090909,1128,158,0
16333,7,22,26626.8,1210.3090909090909,32184,9,0
16334,491,1,263.73,263.73,206,54,1
16335,551,7,2753.52,393.36,1004,193,0
16336,420,4,3517.69,879.4225,1473,64,0
16337,36,1,151.05,151.05,87,10,1
16338,156,1,214.8,214.8,94,11,1
16339,283,1,94.05,94.05,21,17,1
16340,106,3,1496.24,498.7466666666666,1319,277,0
16341,24,7,3850.79,550.1128571428571,3022,103,0
16342,74,4,322.41,80.6025,157,10,1
16343,15,3,614.12,204.70666666666668,345,54,1
16344,157,4,842.42,210.605,706,43,1
16345,43,2,1178.79,589.395,611,95,0
16346,384,1,224.51,224.51,289,15,1
16347,10,11,3442.96,312.99636363636364,1715,209,0
16348,31,8,1744.42,218.0525,1164,180,0
16349,290,1,53.5,53.5,9,9,1
16350,20,9,2253.89,250.4322222222222,1077,72,0
16351,332,13,3330.03,256.15615384615387,2165,124,0
16352,17,2,494.44,247.22,300,28,1
16353,3,38,9795.46,257.7752631578948,3483,76,0
16354,62,5,1119.46,223.892,592,116,0
16355,374,1,416.35,416.35,179,47,1
16356,197,6,415.87,69.31166666666667,190,27,1
16357,32,4,868.37,217.0925,389,43,1
16358,0,5,2919.65,583.9300000000001,2065,118,0
16359,6,16,2697.75,168.609375,1764,78,0
16360,4,6,3450.41,575.0683333333333,2110,365,0
16361,9,4,891.21,222.8025,418,87,0
16362,31,6,922.16,153.69333333333333,467,67,0
16363,52,1,109.36,109.36,52,5,1
16364,11,2,705.79,352.895,279,48,1
16365,17,15,3167.34,211.156,1034,97,0
16366,18,4,1548.13,387.0325,882,74,0
16367,36,3,1350.48,450.16,1103,196,0
16368,1,3,621.44,207.14666666666668,307,74,0
16369,17,7,2656.56,379.5085714285714,1589,115,0
16370,81,4,1301.91,325.4775,640,143,0
16371,448,1,157.2,157.2,108,11,1
16372,32,5,1290.31,258.062,722,271,0
16373,381,2,309.49,154.745,119,25,1
16374,65,5,1723.4,344.68,771,276,0
16375,469,2,104.0,52.0,74,11,1
16376,8,2,974.96,487.48,691,104,0
16377,266,2,1308.48,654.24,2928,6,1
16378,246,3,362.95,120.98333333333332,267,22,1
16379,3,4,2157.4,539.35,1410,87,0
16380,60,1,1743.15,1743.15,1428,28,0
16381,395,2,247.85,123.925,108,60,1
16382,407,2,353.1,176.55,167,42,1
16383,74,7,2896.69,413.8128571428571,1596,239,0
16384,89,4,1358.95,339.7375,861,80,0
16385,59,5,881.35,176.27,476,94,0
16386,28,3,1068.16,356.05333333333334,700,127,0
16387,322,5,882.46,176.49200000000002,448,68,1
16388,653,1,186.05,186.05,83,13,1
16389,52,4,1382.0700000000002,345.51750000000004,1242,33,0
16390,536,3,467.5,155.83333333333334,122,16,1
16391,400,4,1052.26,263.065,715,261,0
16392,269,3,756.7,252.23333333333332,604,125,1
16393,1,23,5297.77,230.3378260869565,3001,313,0
16394,56,5,1555.34,311.068,2604,61,0
16395,60,14,3518.41,251.315,2901,416,0
16396,475,1,137.8,137.8,80,8,1
16397,627,1,123.13,123.13,43,9,1
16398,153,2,1705.8,852.9,758,75,0
16399,18,3,630.22,210.07333333333332,452,97,0
16400,94,9,3059.85,339.9833333333333,2066,214,0
16401,0,23,6849.15,297.7891304347826,6035,110,0
16402,264,2,293.45,146.725,146,55,1
16403,311,1,177.5,177.5,114,10,1
16404,69,1,443.05,443.05,157,23,1
16405,301,2,167.25,83.625,187,3,1
16406,18,3,528.36,176.12,257,135,1
16407,12,14,2761.65,197.2607142857143,1448,120,0
16408,590,1,231.93,231.93,227,45,1
16409,35,12,5652.74,471.06166666666667,3664,335,0
16410,733,1,130.32,130.32,348,5,1
16411,18,4,756.39,189.0975,461,139,0
16412,53,5,593.19,118.638,288,84,1
16413,56,2,522.03,261.015,283,55,1
16414,21,5,551.21,110.242,201,58,1
16415,43,3,696.76,232.25333333333333,508,120,0
16416,26,9,2957.88,328.65333333333336,2198,146,0
16417,492,1,35.7,35.7,6,1,1
16418,44,5,1028.74,205.748,564,121,0
16419,112,8,1463.7,182.9625,701,62,0
16420,395,1,75.0,75.0,120,2,1
16421,375,3,526.27,175.42333333333332,123,35,1
16422,16,109,61920.87,568.081376146789,64225,111,0
16423,24,1,346.12,346.12,230,18,1
16424,190,2,443.06,221.53,212,10,1
16425,301,1,302.7,302.7,199,21,1
16426,1,10,1863.76,186.376,1215,211,0
16427,262,2,241.06,120.53,156,8,1
16428,413,3,638.49,212.83,575,121,1
16429,105,1,284.55,284.55,9,2,1
16430,56,7,1117.94,159.7057142857143,307,19,1
16431,212,3,623.28,207.76,442,51,1
16432,63,1,287.40000000000003,287.40000000000003,276,8,1
16433,27,2,384.52,192.26,214,33,1
16434,28,12,2673.69,222.8075,1310,126,0
16435,511,3,1003.07,334.3566666666666,608,119,1
16436,667,3,319.14,106.38,227,37,1
16437,380,2,301.25,150.625,197,17,1
16438,5,5,798.35,159.67000000000002,463,74,0
16439,721,1,310.70000000000005,310.70000000000005,74,9,1
16440,7,6,3856.97,642.8283333333333,2108,202,0
16441,66,5,1019.13,203.826,478,67,0
16442,1,5,891.98,178.39600000000002,580,226,0
16443,520,1,162.24,162.24,96,1,1
16444,45,17,3625.88,213.2870588235294,1945,217,0
16445,33,4,583.16,145.79,287,143,1
16446,0,2,168472.5,84236.25,80997,3,0
16447,135,3,727.1,242.36666666666667,315,59,1
16448,197,2,361.12,180.56,176,45,1
16449,197,2,707.69,353.845,367,40,1
16450,149,3,1505.73,501.91,681,36,0
16451,87,3,1013.15,337.71666666666664,524,61,1
16452,630,2,332.17,166.085,199,14,1
16453,530,2,251.71,125.855,139,15,1
16454,44,4,30.950000000000003,7.737500000000001,9,4,1
16455,63,11,3995.57,363.2336363636364,2851,111,0
16456,98,13,6000.94,461.6107692307692,3296,226,0
16457,217,1,208.36,208.36,140,9,1
16458,2,30,5690.89,189.6963333333333,3395,91,0
16459,729,1,71.78999999999999,71.78999999999999,59,5,1
16460,27,3,811.23,270.41,876,128,0
16461,177,3,1545.83,515.2766666666666,933,223,0
16462,73,3,136.0,45.333333333333336,16,1,1
16463,20,4,1422.4,355.6,1163,74,0
16464,19,3,1298.66,432.8866666666667,952,152,0
16465,420,2,746.24,373.12,504,45,1
16466,33,15,3767.09,251.13933333333333,1777,207,0
16467,508,7,2869.16,409.88,7384,14,0
16468,73,3,787.52,262.50666666666666,371,38,1
16469,23,5,803.9,160.78,332,167,0
16470,51,11,2416.85,219.7136363636364,1335,286,0
16471,274,4,1189.98,297.495,670,48,1
16472,433,2,789.6,394.8,252,39,1
16473,164,4,470.83,117.7075,296,26,1
16474,6,7,1810.65,258.6642857142857,909,237,0
16475,87,4,544.3,136.075,319,23,1
16476,431,1,350.35,350.35,187,24,1
16477,63,11,4094.37,372.2154545454545,2507,177,0
16478,24,3,331.0,110.33333333333331,224,15,1
16479,9,2,300.83,150.415,102,35,1
16480,75,1,769.29,769.29,455,51,1
16481,681,1,453.38,453.38,201,16,1
16482,15,1,220.62,220.62,346,18,1
16483,191,1,139.35,139.35,44,19,1
16484,173,2,404.3,202.15,200,25,1
16485,76,5,2287.19,457.438,1153,126,0
16486,537,1,134.36,134.36,24,7,1
16487,576,2,209.4,104.7,163,28,1
16488,32,3,498.8,166.26666666666668,728,28,1
16489,379,2,303.7,151.85,38,4,1
16490,435,1,205.41000000000005,205.41000000000005,113,13,1
16491,46,2,1533.16,766.58,1060,86,0
16492,540,1,385.56,385.56,235,23,1
16493,79,7,2132.09,304.5842857142857,1988,77,0
16494,296,1,826.53,826.53,675,47,1
16495,2,3,648.26,216.08666666666667,328,78,0
16496,8,6,2330.77,388.4616666666666,1764,120,0
16497,49,23,6695.28,291.0991304347826,3050,239,0
16498,160,2,100.97,50.485,45,15,1
16499,359,8,2578.34,322.2925,1364,104,0
16500,4,9,843.9100000000001,93.76777777777778,386,24,0
16501,382,1,1191.23,1191.23,628,181,0
16502,619,2,258.55,129.275,220,41,1
16503,106,11,3614.34,328.5763636363636,1535,161,0
16504,24,1,465.88,465.88,510,76,1
16505,31,1,777.6,777.6,576,4,1
16506,19,2,90.3,45.150000000000006,42,3,1
16507,571,1,142.71,142.71,111,37,1
16508,629,1,240.95,240.95,103,42,1
16509,296,1,363.7000000000001,363.7000000000001,64,13,1
16510,371,6,1777.5,296.25,930,94,0
16511,21,6,1760.49,293.415,769,235,0
16513,4,4,874.59,218.6475,407,33,0
16515,51,10,3179.06,317.906,1573,184,0
16516,29,1,101.7,101.7,58,6,1
16517,276,1,162.70000000000002,162.70000000000002,96,17,1
16518,60,4,959.37,239.8425,524,61,0
16519,24,4,439.06,109.765,150,32,1
16520,185,6,2148.38,358.06333333333333,1045,251,0
16521,414,3,1140.11,380.0366666666666,1014,212,0
16522,435,2,433.36,216.68,212,16,1
16523,1,28,11916.33,425.5832142857143,4979,180,0
16524,445,2,306.19,153.095,259,50,1
16525,1,48,24151.3,503.1520833333333,14430,115,0
16526,171,2,717.21,358.605,279,30,1
16527,80,2,1232.94,616.47,708,66,0
16528,3,1,244.41,244.41,171,17,1
16529,189,4,1986.8,496.7,739,87,0
16530,667,1,48.35,48.35,17,3,1
16531,21,11,2298.33,208.9390909090909,1863,109,0
16532,17,5,8756.64,1751.328,2544,2,0
16533,18,3,1082.81,360.93666666666667,611,112,0
16534,641,1,635.9,635.9,168,36,1
16535,4,3,972.04,324.0133333333333,664,67,0
16536,109,1,548.12,548.12,250,49,1
16537,640,1,23.35,23.35,59,3,1
16538,540,3,395.07,131.69,254,35,1
16539,2,10,3289.66,328.966,1014,83,0
16540,413,1,205.75,205.75,105,25,1
16541,734,1,424.03,424.03,173,38,1
16542,53,2,257.32,128.66,142,13,1
16543,591,1,292.21,292.21,317,18,1
16544,519,4,376.7000000000001,94.175,150,8,1
16545,164,2,689.8199999999999,344.91,322,6,1
16546,290,5,5307.07,1061.414,4211,75,0
16547,545,1,104.26,104.26,108,25,1
16548,598,1,30.15,30.15,6,6,1
16549,9,34,12781.8,375.9352941176471,7087,836,0
16550,108,18,8813.58,489.6433333333333,5405,274,0
16551,95,7,2237.12,319.5885714285714,2076,67,0
16552,242,2,379.73,189.865,219,17,1
16553,162,33,16584.01,502.54575757575753,16427,195,0
16554,41,8,2841.7200000000003,355.21500000000003,1346,108,0
16555,34,6,1915.68,319.28000000000003,1816,59,0
16556,66,17,8012.58,471.3282352941176,4353,280,0
16557,23,2,281.85,140.925,111,11,1
16558,0,38,13304.11,350.10815789473685,7813,383,0
16559,396,1,175.0,175.0,61,17,1
16560,26,8,3048.38,381.0475,1603,140,0
16561,5,2,511.12,255.56,244,29,1
16562,476,1,223.86,223.86,264,34,1
16563,53,6,4412.56,735.4266666666667,2584,55,0
16564,568,1,87.80000000000001,87.80000000000001,40,5,1
16565,363,4,773.05,193.2625,211,7,1
16566,14,5,614.66,122.932,362,14,1
16567,193,2,865.6,432.8,996,34,1
16568,427,2,1020.9,510.45,366,5,1
16569,2,5,1455.23,291.046,988,27,0
16570,14,20,7434.31,371.7155,4292,114,0
16571,26,10,4248.74,424.874,3703,151,0
16572,126,3,1009.6,336.53333333333336,532,40,1
16573,84,2,663.61,331.805,360,40,1
16574,70,3,1301.78,433.9266666666667,1002,86,0
16576,419,2,540.87,270.435,323,32,1
16577,666,1,380.0,380.0,142,23,1
16578,625,1,156.6,156.6,108,9,1
16579,425,1,295.05,295.05,119,14,1
16581,182,1,105.84,105.84,134,9,1
16582,112,1,313.62,313.62,164,6,1
16583,373,2,297.95,148.975,153,18,1
16584,79,5,3156.17,631.234,1913,61,0
16585,593,2,341.59000000000003,170.79500000000002,151,16,1
16586,248,3,1462.78,487.5933333333333,348,27,1
16587,231,1,225.15,225.15,71,13,1
16588,385,4,1361.28,340.32,882,64,0
16589,70,4,612.36,153.09,536,39,1
16590,400,2,605.9,302.95,240,26,1
16591,68,1,213.5,213.5,41,10,1
16592,3,28,7807.91,278.8539285714286,5504,221,0
16593,50,8,1071.14,133.8925,377,57,0
16594,74,1,181.09,181.09,64,53,1
16595,60,5,1757.75,351.55,1331,337,0
16596,15,4,458.98,114.745,180,23,1
16597,3,1,90.04,90.04,184,7,1
16598,285,1,145.05,145.05,73,10,1
16599,385,1,172.8,172.8,159,12,1
16600,3,13,2153.41,165.64692307692306,2420,106,0
16601,40,3,677.0,225.66666666666663,391,60,1
16602,35,2,763.33,381.665,429,37,1
16603,74,2,482.47,241.235,480,34,1
16604,562,2,432.4500000000001,216.225,175,10,1
16605,723,1,60.48,60.48,144,1,1
16606,403,2,357.66,178.83,148,16,1
16607,17,25,5706.87,228.2748,4436,212,0
16608,453,2,1286.62,643.3100000000001,612,94,1
16609,14,7,5493.46,784.78,2420,155,0
16610,218,1,75.66,75.66,66,6,1
16611,185,6,1785.13,297.5216666666667,874,86,0
16612,32,9,3245.4300000000003,360.60333333333335,1419,105,0
16613,69,1,618.59,618.59,293,30,1
16614,182,3,1179.79,393.2633333333333,349,37,1
16615,625,1,291.5,291.5,211,19,1
16616,14,2,500.42,250.21,370,31,1
16617,235,1,151.85,151.85,91,5,1
16618,30,5,2647.59,529.518,1363,79,0
16619,263,4,1938.33,484.5825,1055,103,0
16620,3,6,1758.93,293.15500000000003,1146,78,0
16621,51,4,813.48,203.37,302,22,1
16622,543,1,225.4,225.4,44,12,1
16623,245,4,1015.24,253.81,442,44,1
16624,80,2,810.57,405.285,488,44,1
16625,274,5,1654.03,330.806,1057,82,0
16626,0,17,4413.1,259.59411764705885,2690,86,0
16627,78,1,322.8,322.8,162,20,1
16628,29,7,2318.1,331.15714285714284,1260,84,0
16629,73,2,408.63,204.315,489,58,1
16630,406,1,106.8,106.8,72,4,1
16631,481,7,1892.52,270.36,775,46,0
16632,485,2,406.4,203.2,256,22,1
16633,16,6,2883.1,480.51666666666665,1138,115,0
16634,222,6,1649.81,274.9683333333333,1257,72,0
16635,406,1,473.0,473.0,277,25,1
16636,437,4,3802.04,950.51,2186,62,0
16637,31,4,1154.47,288.6175,927,66,0
16638,22,15,2380.13,158.67533333333333,1627,130,0
16639,30,4,1747.98,436.995,751,76,0
16640,397,1,179.4,179.4,146,13,1
16641,105,2,554.5,277.25,454,36,1
16642,4,3,1077.45,359.15000000000003,775,50,0
16643,245,2,923.11,461.555,553,48,1
16644,177,2,833.78,416.89,826,62,1
16645,735,1,160.39,160.39,117,14,1
16646,448,1,678.8,678.8,1072,29,1
16647,169,4,541.9,135.475,396,28,1
16648,42,3,672.8,224.26666666666665,503,37,1
16649,519,1,306.58,306.58,82,20,1
16650,71,7,1916.11,273.73,1511,71,0
16651,586,1,136.2,136.2,60,6,1
16652,58,16,17550.39,1096.899375,7477,124,0
16653,15,2,1212.66,606.33,733,67,0
16654,140,8,1484.07,185.50875,640,64,0
16655,17,13,6423.26,494.0969230769231,3938,408,0
16656,21,30,16833.170000000002,561.1056666666667,15433,22,0
16657,9,4,874.43,218.6075,1130,158,0
16658,367,6,690.83,115.13833333333334,277,49,1
16659,188,1,39.12,39.12,72,2,1
16660,15,7,1879.55,268.50714285714287,991,20,0
16661,539,4,932.76,233.19,364,50,1
16662,393,1,151.05,151.05,35,28,1
16663,728,1,165.0,165.0,100,1,1
16664,568,1,109.2,109.2,24,8,1
16665,361,1,135.4,135.4,59,9,1
16666,18,2,217.71,108.855,354,42,1
16667,67,2,567.1800000000001,283.59000000000003,236,52,1
16668,14,13,862.42,66.34,773,28,0
16669,23,3,1348.88,449.6266666666667,881,141,0
16670,16,20,8030.150000000001,401.5075000000001,4534,258,0
16671,27,3,1692.27,564.09,875,3,1
16672,1,20,8134.94,406.747,2832,22,0
16673,678,1,171.13,171.13,95,19,1
16674,54,2,304.24,152.12,181,89,1
16675,441,2,608.86,304.43,296,21,1
16676,33,6,2361.9,393.65,927,106,0
16677,410,2,880.62,440.31,457,45,1
16678,2,12,3109.99,259.1658333333333,2397,92,0
16679,365,3,663.31,221.10333333333327,247,15,1
16680,42,3,821.45,273.81666666666666,377,24,1
16681,72,7,1921.84,274.54857142857145,1492,22,0
16682,4,5,1028.0,205.6,1040,15,0
16683,533,1,320.25,320.25,190,18,1
16684,3,55,147142.77,2675.3230909090908,104810,184,0
16685,60,2,324.24,162.12,396,60,1
16686,46,16,4881.07,305.066875,3419,549,0
16687,390,1,157.63,157.63,141,8,1
16688,0,4,1260.86,315.21500000000003,804,52,0
16689,75,2,422.6,211.3,330,12,1
16690,71,4,353.03000000000003,88.25750000000001,209,12,1
16691,417,2,178.83,89.415,92,11,1
16692,255,4,1914.7,478.675,878,3,1
16693,68,5,1179.48,235.896,658,149,0
16694,722,1,98.3,98.3,26,3,1
16695,561,2,191.9,95.95,184,30,1
16696,134,4,657.9,164.475,146,7,1
16697,240,1,112.75,112.75,27,20,1
16698,226,2,1998.0,999.0,840,4,1
16699,379,7,994.6,142.0857142857143,640,51,1
16700,8,25,8830.77,353.23080000000004,6644,263,0
16701,8,26,9916.73,381.4126923076923,11046,154,0
16702,414,4,1110.83,277.7075,692,84,1
16704,617,2,664.16,332.08,433,50,1
16705,0,42,43515.051,1036.072642857143,22302,400,0
16706,36,3,531.35,177.11666666666667,249,108,1
16707,399,4,533.41,133.3525,396,64,1
16708,45,1,656.63,656.63,285,27,1
16709,84,14,9056.01,646.8578571428571,3261,220,0
16710,18,22,5921.35,269.1522727272728,4174,541,0
16711,2,9,2868.48,318.72,1212,26,0
16712,8,13,4232.87,325.6053846153846,2074,301,0
16713,18,32,14115.56,441.11125,8482,541,0
16714,218,4,1497.33,374.3325,828,95,0
16715,77,2,625.52,312.76,1174,27,1
16716,266,3,2149.6800000000003,716.5600000000001,912,7,1
16717,23,14,6663.68,475.9771428571429,3145,274,0
16718,368,5,3006.08,601.216,1924,123,0
16719,14,14,3513.62,250.97285714285712,2356,204,0
16720,25,3,758.74,252.91333333333333,460,130,0
16721,261,1,292.47,292.47,172,37,1
16722,16,22,8189.56,372.25272727272727,7986,145,0
16723,90,4,1231.36,307.84000000000003,958,108,0
16724,404,1,147.35,147.35,69,17,1
16725,301,14,1688.26,120.59,700,242,0
16726,25,7,2063.88,294.84000000000003,1323,150,0
16727,363,4,1377.77,344.4425,1066,158,0
16728,45,4,1048.28,262.07,671,218,0
16729,37,21,7205.33,343.1109523809524,5722,234,0
16730,51,3,743.11,247.70333333333332,994,75,0
16731,647,1,170.3,170.3,124,40,1
16732,31,4,4387.64,1096.91,2414,199,0
16733,529,1,259.68,259.68,112,12,1
16734,51,3,646.76,215.58666666666667,345,44,1
16735,78,14,6217.41,444.1007142857143,4240,178,0
16736,505,5,2956.56,591.312,1050,116,0
16737,52,2,835.2,417.6,576,1,1
16738,297,1,3.75,3.75,3,1,1
16739,176,2,786.4300000000001,393.215,391,33,1
16740,394,1,226.91,226.91,110,30,1
16741,624,1,173.06,173.06,81,11,1
16742,46,14,2799.87,199.9907142857143,2558,51,0
16743,28,14,4212.15,300.86785714285713,3707,118,0
16744,10,7,1291.91,184.55857142857144,798,198,0
16745,86,17,7180.7,422.3941176470588,6719,148,0
16746,4,42,18046.75,429.6845238095238,11900,390,0
16747,37,2,836.0600000000001,418.03,583,34,1
16748,17,14,3637.33,259.8092857142857,2127,55,0
16749,590,2,4157.88,2078.94,1910,53,0
16750,44,5,623.93,124.786,214,74,1
16751,30,1,1764.72,1764.72,1031,24,0
16752,372,1,207.5,207.5,54,9,1
16753,57,1,223.92,223.92,189,34,1
16754,371,29,65500.07,2258.623103448276,63551,38,0
16755,113,7,2864.68,409.24,1985,219,0
16756,214,7,1312.37,187.48142857142855,707,64,0
16757,318,2,270.48,135.24,180,13,1
16758,64,1,369.34,369.34,203,22,1
16759,7,3,789.79,263.2633333333333,609,40,0
16760,429,1,228.0,228.0,168,17,1
16761,96,1,316.62,316.62,341,13,1
16762,19,3,1207.24,402.41333333333336,480,51,0
16763,198,2,964.7,482.35,492,44,1
16764,3,13,2790.9500000000003,214.68846153846155,1253,209,0
16765,293,2,454.75,227.375,311,52,1
16766,272,2,1145.6,572.8,536,17,1
16767,30,15,8056.76,537.1173333333334,7102,209,0
16768,47,9,1698.57,188.73,774,108,0
16769,259,4,1117.05,279.2625,295,76,1
16770,57,9,1778.93,197.6588888888889,1052,202,0
16771,32,10,3949.6,394.96,2308,303,0
16772,422,3,3698.05,1232.6833333333334,687,54,0
16773,56,3,421.24,140.41333333333333,252,53,1
16774,67,8,1567.48,195.935,774,89,0
16775,9,16,2820.84,176.3025,957,132,0
16776,59,2,592.51,296.255,435,105,1
16777,79,5,1292.18,258.43600000000004,470,125,0
16778,73,2,245.94,122.97,194,16,1
16779,1,53,32809.03,619.0383018867924,19411,293,0
16780,99,3,596.4,198.8,352,73,1
16781,371,2,623.0,311.5,192,36,1
16782,9,38,9636.12,253.58210526315796,4027,575,0
16783,436,1,391.95,391.95,163,25,1
16784,19,5,892.33,178.466,494,138,0
16785,409,1,533.78,533.78,313,35,1
16786,393,1,51.84,51.84,72,1,1
16787,397,4,1017.53,254.3825,472,102,1
16788,122,5,1928.93,385.786,965,348,0
16789,7,1,80.80000000000001,80.80000000000001,32,5,1
16790,3,6,1545.62,257.6033333333333,898,88,0
16791,28,15,3957.63,263.842,1854,393,0
16792,281,5,623.46,124.692,324,90,1
16793,56,1,243.84,243.84,146,16,1
16794,0,15,2052.7,136.84666666666666,1576,245,0
16795,364,3,2062.41,687.4699999999999,1214,306,0
16796,88,1,305.62,305.62,186,18,1
16797,392,5,1802.02,360.404,898,289,0
16798,553,3,841.16,280.38666666666666,205,141,1
16799,431,2,452.78,226.39,162,81,1
16800,10,1,1162.65,1162.65,524,148,0
16801,162,4,1594.23,398.5575,493,72,0
16802,678,2,582.61,291.305,369,48,1
16803,64,1,332.3,332.3,245,24,1
16804,22,3,536.99,178.99666666666667,246,59,1
16805,173,5,1091.34,218.268,1120,213,0
16806,102,4,762.16,190.54,356,68,1
16807,142,6,2123.88,353.98,1433,107,0
16808,98,2,288.42,144.21,196,21,1
16809,22,9,1727.43,191.93666666666667,1093,113,0
16810,191,2,842.04,421.02,372,34,1
16811,4,2,547.07,273.535,477,26,1
16812,360,4,2392.0,598.0,1116,98,0
16813,7,10,1652.18,165.21800000000002,1501,248,0
16814,13,36,11924.85,331.24583333333334,4844,247,0
16815,453,2,406.02,203.01,237,66,1
16816,102,4,417.06,104.265,274,28,1
16817,2,13,2560.7000000000003,196.9769230769231,1401,107,0
16818,10,11,3349.57,304.50636363636363,2164,172,0
16819,464,2,182.59,91.295,253,17,1
16820,95,1,497.61,497.61,307,26,1
16821,381,1,113.35,113.35,13,7,1
16822,685,1,181.39,181.39,171,11,1
16823,226,7,2243.09,320.4414285714286,1166,149,0
16824,15,3,686.24,228.74666666666667,390,34,1
16825,38,5,1826.89,365.378,1297,48,0
16826,50,1,341.7,341.7,158,22,1
16827,392,5,392.13,78.426,125,10,1
16828,92,2,128.5,64.25,59,8,1
16829,156,2,513.32,256.66,215,25,1
16830,38,4,1207.5,301.875,699,65,0
16831,564,1,91.8,91.8,48,6,1
16832,183,5,417.61,83.522,179,19,1
16833,0,6,2409.04,401.50666666666666,878,87,0
16834,227,2,898.96,449.48,760,43,1
16835,127,6,1456.66,242.77666666666667,496,58,0
16836,39,4,782.37,195.5925,539,42,1
16837,30,11,3170.98,288.2709090909091,1563,123,0
16838,196,4,1159.61,289.90250000000003,509,53,1
16839,8,44,21758.25,494.5056818181818,11295,132,0
16840,602,2,139.85,69.925,117,9,1
16841,36,12,4006.06,333.8383333333333,3478,187,0
16842,100,3,1264.19,421.3966666666667,693,45,0
16843,42,35,19571.43,559.1837142857142,18502,317,0
16844,562,2,614.34,307.17,281,26,1
16845,617,1,253.88,253.88,167,20,1
16846,49,3,842.41,280.80333333333334,517,47,1
16847,42,2,614.89,307.445,255,37,1
16848,52,4,1411.62,352.905,780,75,0
16849,186,1,124.57,124.57,33,8,1
16850,333,1,332.41,332.41,249,19,1
16851,3,3,342.45,114.15,271,17,1
16852,9,2,144.91,72.455,56,9,1
16854,416,2,1408.96,704.48,997,72,0
16855,23,2,328.40000000000003,164.20000000000002,164,19,1
16856,14,3,358.49,119.49666666666668,171,16,1
16857,442,1,352.8,352.8,168,11,1
16858,368,10,4292.59,429.259,1423,75,0
16859,144,7,1932.41,276.05857142857144,1899,87,0
16860,452,3,1610.62,536.8733333333333,625,35,1
16861,59,5,946.59,189.318,616,39,1
16862,546,4,662.33,165.5825,513,34,1
16863,30,3,834.27,278.09,640,43,0
16864,433,2,409.25,204.625,283,17,1
16865,401,1,130.95,130.95,157,15,1
16866,140,3,207.74,69.24666666666667,60,10,1
16867,689,1,76.74000000000001,76.74000000000001,58,6,1
16868,393,3,384.56,128.18666666666667,112,47,1
16869,22,4,817.12,204.28,583,113,0
16870,468,1,450.16,450.16,278,28,1
16871,21,6,2812.34,468.72333333333336,1253,131,0
16872,76,6,1213.13,202.18833333333336,1079,12,1
16873,4,12,14617.39,1218.1158333333333,8601,252,0
16874,378,1,209.89,209.89,78,31,1
16875,66,11,4234.53,384.9572727272727,2099,161,0
16876,403,1,136.01,136.01,181,32,1
16877,11,6,846.62,141.10333333333332,458,111,0
16878,83,1,13.3,13.3,12,3,1
16880,30,8,1813.21,226.65125,904,130,0
16881,66,1,432.0,432.0,600,1,1
16882,66,3,705.12,235.04,424,39,1
16883,186,19,2246.06,118.21368421052632,1016,159,0
16884,37,4,1070.97,267.7425,520,64,0
16885,14,4,684.6,171.15,358,121,0
16886,455,1,134.0,134.0,48,8,1
16887,34,3,658.17,219.39,423,94,1
16888,400,3,434.2,144.73333333333332,145,44,1
16889,194,6,2526.65,421.10833333333335,1611,163,0
16890,476,3,285.41,95.13666666666668,243,17,1
16891,1,11,1727.94,157.08545454545455,652,335,0
16892,0,7,754.75,107.82142857142856,367,119,0
16893,366,2,249.89,124.945,117,80,1
16894,501,3,1306.96,435.65333333333336,503,186,0
16895,64,5,1102.9,220.58,421,135,0
16896,554,1,103.95,103.95,18,18,1
16897,298,2,289.78,144.89,73,37,1
16898,25,5,885.21,177.042,695,223,0
16899,7,8,1695.77,211.97125,811,101,0
16900,16,3,887.11,295.7033333333333,833,78,0
16901,728,1,204.26,204.26,42,23,1
16902,115,1,1706.88,1706.88,629,43,0
16903,28,3,1041.75,347.25,717,148,0
16904,3,21,4675.36,222.63619047619045,2607,484,0
16905,4,17,4706.77,276.86882352941177,1913,171,0
16906,81,7,1410.92,201.56,590,180,0
16907,28,9,1470.89,163.43222222222224,451,109,0
16908,721,1,252.59,252.59,61,20,1
16909,71,1,379.14,379.14,436,18,1
16910,3,8,1508.96,188.62,884,318,0
16911,635,2,255.25,127.625,161,30,1
16912,28,15,4460.51,297.36733333333336,1689,130,0
16913,289,3,423.91,141.30333333333334,229,18,1
16914,35,1,183.76,183.76,112,25,1
16915,8,11,1543.18,140.2890909090909,190,54,0
16916,23,4,902.02,225.505,649,180,0
16917,276,2,1851.88,925.94,792,45,0
16918,49,16,3206.54,200.40875,2066,280,0
16919,155,24,4909.66,204.56916666666663,2333,230,0
16920,410,1,355.45,355.45,81,23,1
16921,60,3,409.21,136.40333333333334,275,78,1
16922,572,1,611.08,611.08,281,122,1
16923,11,32,13157.13,411.1603125,6190,431,0
16924,20,3,829.89,276.63,467,69,0
16925,539,1,125.65,125.65,123,18,1
16926,370,5,1169.61,233.92200000000005,197,63,1
16927,115,3,543.05,181.01666666666665,993,5,1
16928,79,29,3897.53,134.39758620689653,2587,135,0
16929,3,7,1295.39,185.0557142857143,929,51,0
16930,25,3,378.89,126.29666666666668,339,47,1
16931,4,23,5032.22,218.79217391304348,3357,466,0
16932,52,3,412.55,137.51666666666668,217,116,1
16933,0,9,3099.3,344.3666666666667,1533,213,0
16934,54,6,2083.14,347.19,936,128,0
16935,381,3,530.86,176.95333333333335,273,55,1
16936,25,2,548.29,274.145,339,122,1
16937,498,1,196.25,196.25,123,49,1
16938,8,9,6995.360000000001,777.2622222222222,5041,547,0
16939,488,3,433.85,144.61666666666665,229,38,1
16940,51,8,6427.66,803.4575,4503,360,0
16941,611,1,33.0,33.0,12,2,1
16942,12,9,1904.99,211.6655555555556,805,159,0
16943,211,5,1299.49,259.898,147,24,1
16944,609,1,101.36,101.36,27,7,1
16945,21,33,8548.16,259.0351515151515,5889,231,0
16946,382,5,1222.04,244.408,509,69,1
16947,235,5,955.21,191.042,655,50,1
16948,138,7,868.77,124.11,2091,20,1
16949,3,6,1286.27,214.37833333333333,791,57,0
16950,56,10,3541.77,354.177,2432,111,0
16951,134,3,1277.75,425.9166666666667,1318,73,0
16952,108,5,795.83,159.166,343,76,1
16953,29,1,20.8,20.8,10,1,1
16954,0,20,6081.88,304.094,4086,83,0
16955,184,6,1120.31,186.71833333333333,723,33,1
16956,17,1,308.74,308.74,114,16,1
16957,238,2,416.64,208.32,172,15,1
16958,434,1,778.49,778.49,514,69,1
16959,86,1,117.35,117.35,49,7,1
16960,38,8,1990.88,248.86,1492,334,0
16961,115,3,794.56,264.8533333333333,482,52,1
16962,409,1,251.04,251.04,158,15,1
16963,186,1,110.55,110.55,35,7,1
16964,732,2,207.85,103.925,49,6,1
16965,226,1,201.19,201.19,291,26,1
16966,7,7,2154.97,307.8528571428571,1981,8,0
16967,188,1,319.02,319.02,333,21,1
16968,3,2,439.43,219.715,326,31,1
16969,38,3,650.41,216.8033333333333,816,42,1
16970,625,1,71.4,71.4,12,2,1
16971,37,1,357.21,357.21,72,40,1
16972,382,2,749.0,374.5,183,54,1
16973,385,1,127.0,127.0,60,6,1
16974,522,2,365.5,182.75,70,5,1
16975,422,3,926.12,308.70666666666665,586,44,1
16976,266,1,251.52,251.52,88,2,1
16977,394,4,496.0,124.0,142,25,1
16978,77,3,768.88,256.2933333333333,285,65,1
16979,3,9,2859.74,317.74888888888887,1451,82,0
16980,254,3,1422.83,474.2766666666666,990,91,0
16982,60,1,384.06,384.06,182,22,1
16983,12,11,3490.53,317.3209090909091,2315,151,0
16984,87,9,10350.53,1150.058888888889,5127,669,0
16985,16,23,10923.16,474.92,3103,130,0
16986,29,11,4888.75,444.4318181818182,2539,65,0
16987,2,11,2521.4,229.21818181818185,671,155,0
16988,4,2,382.67,191.335,158,20,1
16989,6,6,1133.25,188.875,1233,7,0
16990,218,2,344.0,172.0,200,1,1
16991,420,1,1041.21,1041.21,793,74,1
16992,10,13,5476.5,421.2692307692308,2061,212,0
16993,463,2,1950.95,975.475,285,19,1
16996,29,9,2123.61,235.95666666666668,919,32,0
16997,287,3,702.0,234.0,360,7,1
16998,149,5,402.0,80.4,104,2,1
16999,22,2,484.82,242.41,294,21,1
17000,395,2,406.3,203.15,305,26,1
17001,0,19,6640.8,349.5157894736842,3782,108,0
17002,85,7,2571.55,367.36428571428576,1265,64,0
17003,401,4,828.21,207.0525,494,90,1
17004,45,4,2324.36,581.09,1233,48,0
17005,470,2,622.36,311.18,691,14,1
17006,4,8,1635.27,204.40875,572,103,0
17007,50,7,1120.1,160.01428571428573,717,63,0
17008,428,1,81.36,81.36,24,1,1
17009,550,1,242.06,242.06,336,10,1
17010,17,1,195.36,195.36,118,11,1
17011,29,3,671.7,223.9,792,27,1
17012,724,1,360.61,360.61,251,34,1
17014,7,3,583.4300000000001,194.4766666666667,243,63,1
17015,28,3,1838.61,612.87,1978,182,0
17016,576,1,552.4,552.4,309,41,1
17017,2,29,12576.99,433.6893103448276,9397,120,0
17018,40,6,2287.7,381.2833333333333,456,26,0
17019,10,11,3602.29,327.4809090909091,2396,344,0
17020,541,2,935.62,467.81,860,64,1
17021,441,6,1182.22,197.03666666666663,992,35,1
17022,30,2,260.0,130.0,180,16,1
17023,416,3,800.1800000000001,266.7266666666667,530,48,1
17024,44,3,95.85,31.95,69,2,1
17025,60,5,1349.67,269.934,885,31,0
17026,184,3,175.83,58.61000000000001,107,4,1
17027,78,9,1310.63,145.62555555555556,645,126,0
17028,580,3,1593.83,531.2766666666666,856,85,0
17029,110,7,2137.3,305.3285714285715,1265,19,0
17030,63,1,146.87,146.87,146,11,1
17031,11,6,2773.85,462.3083333333333,1595,34,0
17032,547,8,2984.32,373.04,1667,183,0
17033,85,4,1332.79,333.1975,871,33,0
17034,15,5,1276.42,255.284,694,49,0
17035,245,4,613.59,153.3975,327,29,1
17036,382,1,176.9,176.9,76,12,1
17037,87,1,1267.32,1267.32,656,75,0
17038,29,2,743.17,371.585,535,61,1
17039,603,1,1954.99,1954.99,689,44,0
17040,137,2,463.25,231.625,189,15,1
17041,26,6,1655.2,275.8666666666667,1303,93,0
17042,2,5,1036.58,207.316,990,74,0
17043,31,8,2593.65,324.20625,1616,175,0
17044,24,12,11962.3,996.8583333333336,5722,92,0
17045,112,5,827.6800000000001,165.536,294,44,1
17046,156,5,1906.07,381.214,1636,76,0
17047,84,6,2289.23,381.53833333333336,1184,114,0
17048,117,7,2071.68,295.9542857142857,1068,88,0
17049,2,19,9942.53,523.291052631579,4273,316,0
17050,95,11,4648.59,422.5990909090909,2432,193,0
17051,193,4,706.49,176.6225,507,107,1
17052,27,1,399.09,399.09,251,72,1
17053,130,1,498.48,498.48,122,13,1
17054,27,5,1356.33,271.266,804,64,0
17055,445,1,232.85,232.85,83,24,1
17056,737,1,128.60000000000002,128.60000000000002,26,8,1
17057,595,1,294.74,294.74,129,48,1
17058,81,3,1179.89,393.2966666666667,592,51,0
17059,29,9,4864.57,540.5077777777777,3107,349,0
17060,265,1,234.24,234.24,216,5,1
17061,73,11,5232.2300000000005,475.6572727272728,1526,57,0
17062,313,6,889.75,148.29166666666666,644,82,1
17063,20,13,3638.53,279.8869230769231,1899,150,0
17064,58,3,855.45,285.15000000000003,316,53,1
17065,637,2,194.7,97.35,82,6,1
17066,725,1,228.34,228.34,93,17,1
17067,724,3,454.54,151.51333333333335,322,8,1
17068,11,47,8987.68,191.2272340425532,4351,250,0
17069,27,14,5517.2300000000005,394.0878571428572,3230,202,0
17070,113,2,437.42,218.71,232,102,1
17071,27,13,3793.71,291.82384615384615,1934,141,0
17072,624,1,273.35,273.35,212,20,1
17073,17,4,1446.09,361.5225,759,142,0
17074,562,1,203.05,203.05,19,4,1
17075,17,10,2236.63,223.663,785,153,0
17076,35,6,1242.75,207.125,514,31,0
17077,577,1,306.0,306.0,36,1,1
17078,35,2,378.2,189.1,788,28,1
17079,77,1,118.8,118.8,24,2,1
17080,21,7,957.53,136.79,569,26,0
17081,24,6,949.39,158.23166666666663,381,166,0
17082,32,6,4732.03,788.6716666666666,2526,117,0
17083,108,9,4049.79,449.9766666666667,1955,30,0
17084,34,3,5001.21,1667.07,3178,263,0
17085,122,28,7847.67,280.2739285714286,3583,411,0
17086,6,6,2050.08,341.68,1859,76,0
17087,737,1,221.53,221.53,113,12,1
17088,27,4,1991.01,497.7525,868,96,0
17089,385,1,128.45,128.45,35,4,1
17090,3,13,3080.1800000000003,236.9369230769231,1344,54,0
17091,2,19,7495.75,394.5131578947368,3732,242,0
17092,49,11,5511.41,501.0372727272727,3768,273,0
17093,592,1,235.88,235.88,114,13,1
17094,321,2,402.2000000000001,201.1,212,18,1
17095,22,7,2572.25,367.4642857142857,1695,110,0
17096,14,11,3697.93,336.17545454545456,1559,162,0
17097,1,9,1143.36,127.04,582,182,0
17098,381,3,591.07,197.0233333333333,125,10,1
17099,532,1,582.17,582.17,317,40,1
17100,17,2,971.74,485.87,800,65,0
17101,9,7,2507.05,358.15000000000003,1175,54,0
17102,261,1,25.5,25.5,2,1,1
17103,721,1,424.3,424.3,471,32,1
17104,423,1,474.03,474.03,149,19,1
17105,158,2,665.78,332.89,693,80,1
17106,388,1,481.58,481.58,153,51,1
17107,32,10,16052.72,1605.272,7530,377,0
17108,663,1,174.95,174.95,31,9,1
17109,28,8,1291.71,161.46375,788,124,0
17110,164,3,499.9,166.63333333333333,136,38,1
17111,46,2,459.58,229.79,581,44,1
17112,502,1,197.57,197.57,130,44,1
17113,573,6,2305.59,384.265,913,122,0
17114,5,8,801.12,100.14,215,85,0
17115,7,7,2761.49,394.4985714285714,885,102,0
17116,647,1,389.78,389.78,392,47,1
17117,287,1,116.2,116.2,68,9,1
17118,317,1,157.02,157.02,154,10,1
17119,2,2,606.91,303.455,334,35,1
17120,232,1,307.46,307.46,120,18,1
17121,402,1,314.74,314.74,106,12,1
17122,118,4,570.5,142.625,368,23,1
17123,161,3,977.17,325.72333333333336,676,37,1
17124,184,1,294.24,294.24,129,31,1
17125,49,1,230.5,230.5,281,34,1
17126,151,9,2016.43,224.04777777777775,1426,295,0
17127,428,5,1155.0300000000002,231.00600000000003,340,27,1
17128,334,1,157.09,157.09,76,14,1
17129,519,1,31.85,31.85,5,2,1
17131,4,5,2463.17,492.634,983,78,0
17132,451,2,1220.91,610.455,963,62,1
17133,15,12,14622.33,1218.5275,10107,22,0
17134,106,3,625.3,208.4333333333333,144,31,1
17135,15,10,1722.18,172.21800000000002,1686,98,0
17136,661,1,231.68,231.68,256,14,1
17137,415,6,1099.81,183.30166666666665,680,125,0
17138,275,7,4417.27,631.0385714285715,2024,234,0
17139,15,25,19566.76,782.6704,9853,447,0
17140,246,1,454.12,454.12,296,16,1
17141,417,4,727.58,181.895,423,138,1
17142,238,4,1275.25,318.8125,322,78,1
17143,416,2,880.97,440.485,314,82,1
17144,0,2,984.57,492.285,483,42,0
17145,512,4,3120.91,780.2275,2591,168,0
17146,105,13,5852.64,450.20307692307694,2188,164,0
17147,22,9,3199.95,355.54999999999995,1308,99,0
17148,51,1,124.88,124.88,82,9,1
17149,450,1,143.10000000000002,143.10000000000002,18,6,1
17150,376,6,1357.95,226.325,397,64,1
17151,734,1,231.90000000000003,231.90000000000003,42,4,1
17152,194,4,2016.5,504.125,577,9,1
17153,23,1,213.78,213.78,104,14,1
17154,74,1,329.34,329.34,490,23,1
17155,17,7,892.46,127.49428571428572,987,43,0
17156,491,1,591.87,591.87,391,39,1
17157,7,19,5151.900000000001,271.1526315789474,2092,78,0
17158,31,5,1980.0,396.0,1147,74,0
17159,21,5,2099.59,419.918,1348,115,0
17160,30,17,10209.16,600.5388235294117,8390,215,0
17161,443,1,856.01,856.01,537,52,1
17162,28,10,1715.46,171.546,1001,81,0
17163,21,4,699.78,174.945,531,27,1
17164,32,7,2467.35,352.4785714285714,1501,92,0
17165,283,6,1794.32,299.05333333333334,788,77,0
17166,38,2,206.34,103.17,78,11,1
17167,379,3,867.11,289.0366666666667,429,64,1
17168,498,1,400.2,400.2,220,21,1
17169,57,3,1156.73,385.57666666666665,671,64,0
17170,373,2,178.68,89.34,152,8,1
17171,288,2,384.59,192.295,225,25,1
17172,78,3,956.57,318.8566666666666,1215,39,0
17173,4,8,3766.6,470.825,1122,36,0
17174,217,1,59.9,59.9,41,4,1
17175,43,4,1443.69,360.9225,866,42,0
17176,201,3,902.32,300.7733333333333,576,37,1
17177,504,1,119.5,119.5,40,29,1
17178,730,1,432.96,432.96,100,31,1
17179,177,6,1507.26,251.21,625,75,0
17180,55,11,2236.77,203.34272727272727,1809,189,0
17181,56,3,309.85,103.28333333333336,268,28,1
17182,422,2,321.3,160.65,54,4,1
17183,7,6,3347.31,557.885,1296,42,0
17184,568,2,198.41000000000005,99.205,73,14,1
17185,591,3,229.46,76.48666666666666,119,38,1
17186,46,2,144.0,72.0,200,1,1
17187,226,2,467.71,233.855,426,21,1
17188,10,13,4592.93,353.3023076923077,2569,136,0
17189,105,5,953.63,190.726,601,101,0
17190,58,7,1726.57,246.65285714285716,2218,160,0
17191,27,15,4310.34,287.356,2208,269,0
17192,535,1,75.28,75.28,45,20,1
17193,35,9,2310.04,256.6711111111111,1668,28,0
17194,273,3,812.5,270.8333333333333,420,57,1
17195,654,1,562.98,562.98,486,31,1
17196,427,1,327.75,327.75,154,84,1
17197,29,1,1013.01,1013.01,191,29,1
17198,23,3,692.22,230.74,357,89,1
17199,581,1,135.04000000000002,135.04000000000002,232,8,1
17200,386,4,356.71,89.1775,367,25,1
17201,53,4,1143.1,285.775,1004,154,0
17202,420,1,160.65,160.65,55,8,1
17203,35,10,5564.09,556.409,4597,195,0
17204,174,9,5504.6900000000005,611.6322222222223,2651,110,0
17205,53,3,999.35,333.1166666666667,2214,27,0
17206,52,1,204.24,204.24,76,7,1
17207,651,1,292.62,292.62,233,55,1
17208,395,1,111.15,111.15,101,21,1
17209,648,3,595.7,198.5666666666667,723,36,1
17210,392,1,251.72,251.72,242,47,1
17211,26,13,3773.35,290.2576923076923,2141,217,0
17212,252,3,794.41,264.80333333333334,727,29,1
17213,39,13,4869.400000000001,374.5692307692308,2087,130,0
17214,59,6,1059.12,176.52,272,79,0
17215,463,1,186.15,186.15,104,11,1
17216,553,1,63.6,63.6,21,13,1
17217,233,2,210.1,105.05,93,27,1
17218,3,18,3891.39,216.18833333333333,2066,248,0
17219,31,2,259.13,129.565,188,43,1
17220,23,21,4457.31,212.25285714285715,2663,408,0
17221,6,5,976.62,195.324,713,115,0
17222,64,6,1579.51,263.25166666666667,857,94,0
17223,309,3,558.04,186.0133333333333,155,62,1
17224,500,1,100.86,100.86,65,8,1
17225,581,1,131.15,131.15,36,5,1
17226,308,3,895.47,298.49,853,51,1
17227,18,12,1878.93,156.5775,1681,58,0
17228,15,13,2820.03,216.92538461538464,2354,199,0
17229,95,2,318.76,159.38,185,39,1
17230,263,18,9388.49,521.5827777777778,3753,141,0
17231,11,25,7064.8,282.592,3681,509,0
17232,2,2,417.77,208.885,202,30,1
17233,34,3,560.86,186.95333333333332,298,56,1
17234,182,1,149.89,149.89,55,14,1
17235,24,8,1562.98,195.3725,845,52,0
17236,12,12,1929.26,160.77166666666668,804,123,0
17237,10,4,994.13,248.5325,414,76,0
17238,2,32,7331.67,229.1146875,3555,486,0
17239,312,4,1189.45,297.3625,515,18,1
17240,595,1,130.60000000000002,130.60000000000002,108,7,1
17241,384,12,2736.64,228.0533333333333,859,116,0
17242,107,5,2889.28,577.856,1459,44,0
17243,0,69,20203.58,292.80550724637686,7932,359,0
17244,52,5,1826.04,365.208,1419,109,0
17245,204,2,371.63,185.815,307,24,1
17246,546,2,38.92,19.46,36,6,1
17247,14,1,280.09000000000003,280.09000000000003,105,53,1
17248,119,2,500.54,250.27,276,85,1
17249,428,1,68.03,68.03,79,27,1
17250,3,2,381.97,190.985,167,55,1
17251,362,3,798.98,266.32666666666665,377,65,1
17252,116,2,348.91,174.45499999999998,192,86,1
17253,17,1,178.26,178.26,43,18,1
17254,4,3,469.48,156.49333333333334,397,129,0
17255,40,4,781.7,195.425,583,163,0
17256,106,5,498.93,99.786,299,20,1
17257,435,2,189.78,94.89,187,14,1
17258,396,2,417.3,208.65,188,46,1
17259,147,6,1452.39,242.06500000000003,844,179,0
17260,410,1,120.95,120.95,23,6,1
17261,509,1,221.59,221.59,95,43,1
17262,51,11,2488.76,226.25090909090912,635,12,0
17263,207,1,63.440000000000005,63.440000000000005,36,23,1
17264,423,1,268.28,268.28,217,70,1
17265,138,2,550.01,275.005,389,106,1
17266,1,5,501.72,100.344,243,95,0
17267,126,2,317.2,158.6,158,37,1
17268,107,11,1733.89,157.62636363636364,1395,26,0
17269,385,1,491.81,491.81,314,110,1
17270,468,2,601.45,300.725,420,45,1
17271,735,1,204.3,204.3,113,46,1
17272,41,4,2148.63,537.1575,1778,70,0
17273,423,1,141.12,141.12,133,12,1
17274,34,2,573.22,286.61,271,76,1
17275,382,1,114.1,114.1,71,23,1
17276,401,1,502.49,502.49,187,50,1
17277,227,2,1065.35,532.6750000000001,430,67,1
17278,240,2,271.24,135.62,195,17,1
17279,57,1,187.83,187.83,48,8,1
17280,437,1,118.86,118.86,74,6,1
17281,373,6,797.85,132.975,295,2,1
17282,129,5,2308.54,461.708,2332,168,0
17283,378,1,188.46,188.46,179,15,1
17284,59,8,2788.06,348.5075,2069,285,0
17285,627,2,407.94,203.97,134,41,1
17286,21,3,389.18,129.72666666666666,368,89,1
17287,25,21,3826.86,182.23142857142855,1955,279,0
17288,8,11,2468.43,224.40272727272725,1699,233,0
17289,31,9,2041.8,226.86666666666667,1237,202,0
17290,3,8,1487.96,185.995,1139,184,0
17291,307,1,550.8000000000001,550.8000000000001,72,1,1
17292,471,2,271.75,135.875,131,14,1
17293,7,17,3750.63,220.62529411764703,2228,148,0
17294,668,2,467.79,233.895,297,17,1
17295,28,3,547.0,182.33333333333331,293,53,1
17296,729,1,338.13,338.13,216,32,1
17297,16,1,128.18,128.18,65,49,1
17298,100,5,954.26,190.852,852,61,0
17299,11,6,993.23,165.53833333333333,919,96,0
17300,390,2,393.64,196.82,467,37,1
17301,20,2,294.39,147.195,216,107,1
17302,14,5,1135.63,227.12600000000003,575,68,0
17303,360,1,250.04,250.04,144,53,1
17304,533,1,111.5,111.5,73,5,1
17305,648,1,2135.46,2135.46,1006,9,1
17306,10,21,9782.35,465.8261904761905,13747,17,0
17307,394,11,3999.89,363.6263636363637,3667,22,0
17308,392,2,4511.76,2255.88,5148,5,0
17309,94,3,320.39,106.79666666666668,181,33,1
17310,386,2,1025.1,512.55,402,1,1
17311,77,6,3566.56,594.4266666666666,2755,124,0
17312,138,3,644.3,214.76666666666665,372,11,1
17313,30,1,2328.84,2328.84,1402,24,0
17314,24,17,4904.43,288.4958823529412,3663,200,0
17315,1,43,9599.58,223.2460465116279,5088,385,0
17316,419,1,124.45,124.45,44,35,1
17317,45,3,2600.34,866.7800000000001,1146,8,0
17318,724,1,157.32999999999998,157.32999999999998,59,17,1
17319,668,1,29.1,29.1,14,3,1
17320,99,6,2444.85,407.475,1182,86,0
17321,7,6,1665.21,277.535,790,241,0
17322,375,5,922.59,184.518,631,115,1
17323,14,12,1551.04,129.25333333333333,1426,168,0
17324,17,12,2171.07,180.9225,1485,111,0
17325,279,3,609.5699999999999,203.19,465,39,1
17326,407,2,312.35,156.175,136,82,1
17327,409,2,152.35,76.175,59,3,1
17328,672,1,104.7,104.7,86,6,1
17329,13,5,998.53,199.706,430,80,0
17330,22,4,423.8,105.95,122,7,1
17331,123,1,175.2,175.2,16,1,1
17332,527,5,838.27,167.654,794,82,1
17333,85,1,494.25,494.25,375,28,1
17334,301,3,635.1500000000001,211.7166666666667,566,20,1
17335,383,2,497.04,248.52,210,34,1
17336,471,1,81.12,81.12,48,1,1
17337,150,4,1981.06,495.265,1247,421,0
17338,16,17,11889.33,699.3723529411765,5780,590,0
17339,93,3,302.36,100.78666666666668,172,10,1
17340,29,18,19617.95,1089.8861111111112,9497,322,0
17341,156,5,1272.21,254.442,831,200,0
17342,379,4,1227.54,306.885,521,31,1
17343,354,6,1259.94,209.99,454,61,1
17344,45,2,457.36,228.68,200,64,1
17345,14,10,1586.63,158.663,2008,174,0
17346,3,26,4998.61,192.2542307692308,3439,517,0
17347,85,1,228.96,228.96,216,1,1
17348,14,9,2442.29,271.36555555555555,2766,326,0
17349,178,5,772.41,154.482,772,74,1
17350,7,7,1893.701,270.5287142857143,1178,124,0
17351,35,12,1988.23,165.6858333333333,383,45,0
17352,695,1,36.25,36.25,15,5,1
17353,128,4,3242.0,810.5,2168,7,0
17354,50,4,3133.96,783.49,2531,85,0
17355,385,1,273.31,273.31,249,28,1
17356,311,5,946.47,189.294,925,73,1
17357,23,2,384.39,192.195,152,41,1
17358,302,5,861.01,172.202,430,126,1
17359,10,2,284.46,142.23,237,36,1
17360,16,6,1200.51,200.085,624,189,0
17361,48,5,871.7900000000001,174.358,380,51,1
17362,238,7,1024.04,146.29142857142855,549,99,0
17363,394,3,920.46,306.82,499,34,1
17364,0,28,11972.92,427.6042857142857,7464,513,0
17365,12,15,8184.49,545.6326666666666,8015,395,0
17366,431,2,1077.24,538.62,504,120,1
17367,237,1,167.55,167.55,149,33,1
17368,22,14,2758.29,197.0207142857143,2319,195,0
17369,455,1,979.2,979.2,1152,1,1
17370,72,4,446.18,111.545,540,31,1
17371,16,6,655.37,109.22833333333334,281,135,0
17372,40,28,4347.31,155.26107142857146,1863,412,0
17373,39,7,1167.5,166.78571428571428,738,65,0
17374,218,3,727.11,242.37,155,34,1
17375,198,4,660.55,165.1375,480,77,1
17376,70,4,453.64,113.41,244,41,1
17377,23,78,17644.27,226.20858974358976,7335,505,0
17378,373,1,10.95,10.95,1,1,1
17379,10,1,389.72,389.72,623,71,1
17380,433,3,645.0,215.0,252,5,1
17381,8,38,36398.65,957.8592105263158,42879,50,0
17382,64,8,902.28,112.785,457,16,1
17383,3,2,304.09000000000003,152.04500000000002,160,51,1
17384,18,3,507.55,169.18333333333334,121,15,1
17385,14,1,256.11,256.11,197,42,1
17386,7,7,2812.77,401.82428571428574,1955,32,0
17387,19,2,746.81,373.405,522,71,0
17388,77,11,2675.37,243.21545454545452,2555,41,0
17389,0,61,57215.33,937.9562295081968,17880,63,0
17390,420,1,149.3,149.3,49,12,1
17391,163,2,508.8,254.4,480,2,1
17392,306,3,585.92,195.30666666666664,450,66,1
17393,410,2,381.15,190.575,238,45,1
17394,218,1,203.87,203.87,241,4,1
17395,507,1,97.5,97.5,66,3,1
17396,38,14,8409.6,600.6857142857143,2313,29,0
17397,21,3,1198.28,399.4266666666667,691,132,0
17398,114,3,653.38,217.7933333333333,310,30,1
17400,125,8,4623.28,577.91,2185,345,0
17401,540,1,114.85,114.85,34,11,1
17402,4,23,4635.56,201.5460869565217,1450,105,0
17403,35,2,382.87,191.435,188,45,1
17404,3,23,47781.12,2077.44,50679,126,0
17405,0,3,1031.41,343.80333333333334,726,77,0
17406,332,13,4186.95,322.0730769230769,1847,155,0
17407,411,1,552.9,552.9,426,23,1
17408,162,3,316.09000000000003,105.36333333333334,163,7,1
17409,184,10,7793.51,779.351,4089,50,0
17410,15,5,1214.72,242.944,616,57,0
17411,11,5,1425.38,285.076,608,69,0
17412,2,16,4220.22,263.76375,2554,161,0
17413,404,2,560.14,280.07,302,10,1
17414,43,6,2249.52,374.92,6256,6,0
17415,79,1,507.84,507.84,114,14,1
17416,29,22,17298.45,786.2931818181819,8769,324,0
17417,548,1,164.18,164.18,76,16,1
17418,41,3,670.0600000000001,223.35333333333332,521,40,1
17419,10,18,6126.25,340.34722222222223,2884,203,0
17420,49,6,953.58,158.93,446,43,1
17421,385,3,1059.41,353.1366666666667,807,46,1
17422,15,11,3594.76,326.79636363636365,3538,149,0
17423,45,3,1118.95,372.98333333333335,790,39,0
17425,18,2,759.1700000000001,379.585,407,42,1
17426,7,13,8077.77,621.3669230769231,5187,248,0
17427,71,1,100.8,100.8,34,2,1
17428,0,45,31466.76,699.2613333333334,17356,422,0
17429,127,5,1357.46,271.492,1286,80,0
17430,32,4,622.57,155.6425,455,30,1
17431,312,1,403.3,403.3,292,41,1
17432,17,9,1728.99,192.11,1008,213,0
17433,87,2,569.96,284.98,305,81,1
17434,1,7,2373.82,339.1171428571429,1693,100,0
17435,410,1,331.35,331.35,195,15,1
17436,1,5,534.0600000000001,106.812,178,8,1
17437,529,1,369.68,369.68,283,52,1
17438,253,5,1422.77,284.554,553,49,1
17439,655,1,325.74,325.74,370,8,1
17440,156,4,323.58,80.895,282,4,1
17441,731,1,293.35,293.35,245,21,1
17442,36,15,4620.3,308.02000000000004,3134,188,0
17443,219,1,534.24,534.24,504,1,1
17444,147,3,2940.04,980.0133333333332,2119,132,0
17446,176,2,120.9,60.45,198,6,1
17447,39,2,541.53,270.765,443,33,1
17448,496,46,14523.67,315.7319565217391,11534,569,0
17449,1,13,4868.15,374.4730769230769,2483,292,0
17450,7,51,244784.25,4799.691176470588,83914,144,0
17451,0,7,1721.4,245.9142857142857,1203,83,0
17453,17,2,486.72,243.36,219,19,1
17454,191,10,1547.94,154.794,727,98,0
17455,203,1,131.7,131.7,66,8,1
17456,364,2,975.56,487.78,508,59,1
17457,126,14,5984.81,427.4864285714286,2695,30,0
17458,14,2,529.58,264.79,282,81,1
17459,42,2,657.3,328.65,537,88,1
17460,93,16,2157.9700000000003,134.87312500000002,954,93,0
17461,22,3,735.82,245.2733333333333,770,104,0
17462,59,2,675.69,337.845,227,25,1
17463,15,7,2535.26,362.18,1480,234,0
17464,157,3,907.14,302.38000000000005,608,35,1
17465,425,7,2542.79,363.2557142857143,1477,103,0
17466,9,2,763.28,381.64,306,41,1
17467,394,1,102.6,102.6,20,4,1
17468,9,3,194.8,64.93333333333334,184,8,1
17469,15,17,5051.25,297.13235294117646,2304,165,0
17470,44,11,2626.47,238.77,2731,111,0
17471,474,1,321.65000000000003,321.65000000000003,153,19,1
17472,190,4,922.35,230.5875,551,183,0
17473,408,2,607.0,303.5,270,33,1
17474,599,1,1047.0,1047.0,200,6,1
17475,78,1,194.37,194.37,178,14,1
17476,395,2,489.86,244.93,224,29,1
17477,612,2,1144.3,572.15,225,44,1
17478,407,2,1272.8000000000002,636.4000000000001,516,40,1
17479,632,1,389.2600000000001,389.2600000000001,266,18,1
17480,77,2,882.23,441.115,581,50,1
17481,3,4,1255.59,313.8975,1061,69,0
17482,486,2,775.64,387.82,240,50,1
17483,64,4,591.73,147.9325,265,23,1
17484,575,2,209.57,104.785,339,14,1
17486,260,1,396.87,396.87,191,24,1
17487,727,1,160.55,160.55,37,8,1
17488,640,1,336.5,336.5,136,18,1
17489,58,2,376.64,188.32,428,28,1
17490,0,9,2750.5,305.6111111111111,1531,93,0
17491,0,17,5653.67,332.56882352941176,3362,105,0
17492,247,3,1122.42,374.14,450,32,1
17493,384,1,100.91,100.91,62,8,1
17494,501,1,54.7,54.7,26,3,1
17495,7,3,806.72,268.9066666666667,367,38,0
17496,358,4,1412.89,353.2225,675,54,1
17497,389,2,287.25,143.625,59,7,1
17498,75,1,272.22,272.22,394,17,1
17499,289,2,1341.39,670.6949999999999,1086,66,0
17500,16,3,1138.0,379.3333333333333,17,3,1
17501,220,2,288.6,144.3,160,18,1
17502,8,4,689.1,172.275,376,25,1
17503,2,2,558.96,279.48,486,36,0
17504,205,18,9490.17,527.2316666666667,5420,244,0
17505,161,5,2435.48,487.096,1242,83,0
17506,75,1,302.2,302.2,139,14,1
17507,261,2,605.58,302.79,359,79,1
17508,280,8,4579.23,572.40375,2891,199,0
17509,57,8,6083.64,760.455,3512,75,0
17510,24,2,514.56,257.28,422,28,1
17511,2,60,172132.87,2868.8811666666666,117174,657,0
17512,28,18,5467.820000000001,303.76777777777784,5434,102,0
17513,71,3,1158.8,386.26666666666665,440,18,1
17514,127,2,522.0,261.0,284,72,1
17515,30,9,1602.51,178.05666666666667,527,91,0
17516,14,6,947.5,157.91666666666666,522,150,0
17517,308,1,153.94,153.94,102,11,1
17518,425,2,329.42,164.71,267,71,1
17519,16,15,4774.17,318.278,3230,142,0
17520,53,1,546.81,546.81,365,30,1
17521,29,5,1278.06,255.612,806,65,0
17522,1,5,1070.71,214.142,1034,59,0
17523,10,4,652.74,163.185,872,25,1
17524,360,3,539.14,179.71333333333334,362,37,1
17525,359,3,1161.9,387.3,338,19,1
17526,4,12,3939.24,328.27,1442,67,0
17527,53,4,939.37,234.8425,488,45,1
17528,0,8,3628.5,453.5625,2138,183,0
17529,609,2,1240.25,620.125,790,78,1
17530,0,12,2791.69,232.64083333333332,1741,359,0
17531,189,3,1266.82,422.2733333333333,472,54,1
17532,385,1,65.34,65.34,30,4,1
17533,434,1,34.8,34.8,24,1,1
17534,53,5,1668.83,333.766,860,76,0
17535,279,1,164.4,164.4,136,13,1
17536,176,3,364.83,121.61,201,16,1
17537,29,2,887.6700000000001,443.835,699,74,0
17538,25,1,98.42,98.42,134,9,1
17539,617,4,1176.84,294.21,708,132,0
17540,24,6,1590.6,265.1,588,41,0
17541,509,1,119.86,119.86,44,31,1
17542,269,3,340.85,113.61666666666667,323,57,1
17543,549,1,120.05,120.05,62,13,1
17544,389,3,944.82,314.94,410,80,1
17545,42,6,1409.86,234.9766666666667,682,204,0
17547,375,2,727.85,363.925,223,22,1
17548,233,4,731.26,182.815,494,22,1
17549,23,2,148.86,74.43,210,5,1
17550,196,9,2506.64,278.5155555555555,968,250,0
17551,358,1,290.34,290.34,142,39,1
17552,59,12,2786.77,232.2308333333333,1951,78,0
17553,129,4,3757.6,939.4,2288,2,0
17554,0,5,1952.45,390.49,1763,58,0
17555,19,5,1045.74,209.148,739,220,0
17556,205,2,300.67,150.335,184,13,1
17557,13,4,575.46,143.865,310,28,1
17558,392,1,259.17,259.17,54,28,1
17559,512,1,167.62,167.62,270,12,1
17560,94,8,1895.8,236.975,1588,37,0
17561,18,4,703.02,175.755,381,163,0
17562,13,7,1122.38,160.34,817,48,0
17563,577,2,392.38,196.19,256,27,1
17564,23,3,454.01,151.33666666666667,146,38,1
17565,586,1,131.83,131.83,67,30,1
17566,7,2,869.77,434.885,497,113,0
17567,6,9,4838.08,537.5644444444445,2908,128,0
17568,632,1,374.45,374.45,275,61,1
17569,331,1,344.14,344.14,159,29,1
17570,381,1,100.0,100.0,1,1,1
17571,49,5,1630.91,326.182,991,290,0
17572,70,10,652.21,65.221,327,14,1
17573,28,3,380.6,126.86666666666667,308,24,1
17574,242,1,185.65,185.65,77,8,1
17575,666,1,171.7,171.7,72,5,1
17576,7,41,8711.95,212.48658536585367,4583,417,0
17577,644,2,348.75,174.375,179,20,1
17578,217,7,1047.33,149.6185714285714,529,57,1
17579,4,4,753.28,188.32,375,89,0
17580,252,5,541.02,108.204,223,78,1
17581,0,43,17951.17,417.4690697674418,9519,387,0
17582,235,5,1446.95,289.39,603,92,0
17583,559,1,135.95,135.95,55,7,1
17584,6,6,5309.42,884.9033333333333,2464,85,0
17585,108,7,2064.71,294.9585714285714,2510,295,0
17586,618,1,167.4,167.4,68,8,1
17587,627,1,176.71,176.71,67,42,1
17588,99,7,2939.55,419.9357142857143,1379,35,0
17589,59,18,13837.94,768.7744444444445,8704,601,0
17590,1,3,1468.02,489.34,822,162,0
17591,72,8,2339.32,292.415,1028,93,0
17592,738,1,148.3,148.3,38,13,1
17593,3,11,8092.32,735.6654545454545,5595,311,0
17594,84,4,2497.88,624.47,1368,70,0
17595,11,2,386.69,193.345,228,68,1
17596,22,13,4491.46,345.49692307692305,7010,274,0
17597,213,5,3484.09,696.818,2215,109,0
17598,380,1,409.98,409.98,126,10,1
17599,477,1,52.05,52.05,11,3,1
17600,17,1,161.67000000000002,161.67000000000002,144,13,1
17601,238,2,413.08,206.54,295,69,1
17602,1,14,7354.43,525.3164285714286,5880,450,0
17603,77,4,1788.38,447.095,638,104,0
17604,216,6,942.38,157.06333333333333,614,142,0
17605,589,1,160.75,160.75,71,13,1
17606,736,1,87.30000000000001,87.30000000000001,42,6,1
17607,375,1,333.81,333.81,269,22,1
17608,32,4,488.06,122.015,528,134,1
17609,40,11,1887.9,171.62727272727273,1321,317,0
17610,539,5,1511.94,302.38800000000003,893,114,0
17611,6,28,8337.53,297.7689285714286,5341,722,0
17612,52,18,5394.86,299.71444444444444,3521,213,0
17613,22,14,4544.55,324.6107142857143,2490,211,0
17614,56,1,386.32,386.32,235,97,1
17615,129,6,721.8000000000001,120.3,378,47,1
17616,173,4,734.4,183.6,288,1,1
17617,558,1,385.19,385.19,249,18,1
17618,5,11,4001.64,363.7854545454545,1798,202,0
17619,311,1,214.37,214.37,124,71,1
17620,59,1,81.44,81.44,60,4,1
17621,20,6,3175.12,529.1866666666666,1110,61,0
17622,597,2,1130.21,565.105,379,19,1
17623,32,7,2365.77,337.96714285714285,799,130,0
17624,14,4,1568.63,392.1575,958,91,0
17625,17,8,5978.9,747.3625,3505,429,0
17626,602,1,254.0,254.0,202,18,1
17627,478,1,296.36,296.36,676,10,1
17628,80,1,75.75,75.75,79,5,1
17629,5,10,2455.52,245.552,1903,129,0
17630,169,2,503.6,251.8,158,24,1
17631,1,7,998.49,142.64142857142858,591,66,0
17633,30,7,2057.39,293.91285714285715,899,84,0
17634,35,9,2358.59,262.0655555555556,838,209,0
17635,423,3,1265.58,421.86,770,60,1
17636,18,1,285.56,285.56,182,20,1
17637,30,2,547.0600000000001,273.53000000000003,280,35,1
17638,646,2,842.4000000000001,421.2000000000001,432,2,1
17639,275,6,615.17,102.52833333333332,576,59,1
17640,86,6,3168.94,528.1566666666666,1692,48,0
17642,119,5,1824.49,364.898,1475,88,0
17643,372,2,439.7,219.85,226,30,1
17644,0,20,6028.6,301.43,3469,160,0
17646,218,12,3898.79,324.89916666666664,1308,124,0
17647,64,3,331.66,110.55333333333331,82,12,1
17648,60,5,2216.37,443.274,954,114,0
17649,137,3,1578.89,526.2966666666667,723,88,0
17650,20,1,166.07999999999998,166.07999999999998,150,8,1
17651,11,16,5703.52,356.47,4086,198,0
17652,24,12,4867.72,405.6433333333334,2509,118,0
17653,36,4,1207.56,301.89,1409,44,0
17654,276,1,117.55,117.55,41,22,1
17655,10,9,2976.38,330.7088888888889,1268,75,0
17656,72,5,1674.69,334.938,1399,67,0
17657,429,1,126.0,126.0,60,7,1
17658,25,2,595.42,297.71,616,17,1
17659,16,14,3586.99,256.21357142857147,1752,150,0
17660,140,2,342.22,171.11,259,75,1
17662,661,2,412.92,206.46,184,14,1
17663,25,17,5175.83,304.4605882352941,2297,153,0
17664,18,4,1166.23,291.5575,1058,68,0
17665,492,1,563.1,563.1,690,19,1
17666,3,5,2047.8,409.56,1552,30,0
17667,65,9,3950.7,438.9666666666666,2192,140,0
17668,0,2,347.75,173.875,93,14,1
17669,42,10,6142.35,614.235,3505,85,0
17670,227,1,205.7,205.7,110,11,1
17671,15,5,2009.16,401.832,987,54,0
17672,49,7,5778.63,825.5185714285715,2758,179,0
17673,1,13,4173.88,321.0676923076923,3284,195,0
17674,73,2,551.04,275.52,672,19,1
17675,0,70,37642.48,537.7497142857143,16180,345,0
17676,3,10,2448.64,244.864,1764,85,0
17677,1,54,35058.46,649.2307407407408,20921,346,0
17678,263,2,599.76,299.88,368,27,1
17679,52,7,3577.61,511.0871428571429,1755,70,0
17680,23,3,497.4500000000001,165.8166666666667,155,20,1
17681,596,5,731.2,146.24,450,12,1
17682,9,11,4065.28,369.5709090909091,2281,85,0
17683,385,3,819.01,273.00333333333333,781,41,1
17684,43,1,239.41,239.41,145,15,1
17685,16,12,5454.95,454.57916666666665,3474,124,0
17686,6,9,8296.81,921.8677777777776,3583,283,0
17687,420,1,432.68,432.68,210,26,1
17688,393,1,304.2,304.2,114,19,1
17689,387,2,317.08,158.54,300,17,1
17690,29,20,6963.8,348.19,2939,237,0
17691,357,4,637.55,159.3875,315,37,1
17692,126,12,2975.8,247.98333333333332,2338,90,0
17693,136,1,200.47,200.47,231,16,1
17694,141,3,1695.97,565.3233333333334,1493,54,0
17695,131,5,1746.04,349.208,1809,46,0
17696,37,27,7679.59,284.42925925925925,5891,191,0
17697,235,1,338.95,338.95,93,19,1
17698,260,1,154.95,154.95,93,8,1
17699,476,2,442.0,221.0,208,17,1
17700,16,14,6679.97,477.1407142857143,3469,259,0
17701,252,1,417.95,417.95,109,24,1
17702,29,6,3144.04,524.0066666666667,2153,120,0
17703,34,4,1094.84,273.71,897,63,0
17704,168,2,885.19,442.595,343,27,1
17705,2,11,2083.9,189.44545454545457,1301,74,0
17706,3,31,20272.15,653.9403225806452,7824,408,0
17707,184,8,609.3,76.1625,546,9,1
17708,187,4,884.1800000000001,221.045,387,57,1
17709,169,5,671.01,134.202,295,37,1
17710,423,1,293.5,293.5,158,20,1
17711,10,2,385.1,192.55,246,22,1
17712,44,1,522.91,522.91,215,29,1
17713,381,4,1198.09,299.5225,989,55,1
17714,320,5,1410.18,282.036,608,69,0
17715,200,2,489.6,244.8,576,1,1
17716,22,24,15956.97,664.8737500000001,8819,334,0
17717,420,1,376.92,376.92,344,26,1
17718,231,2,439.18,219.59,274,22,1
17719,37,15,5396.04,359.736,2466,111,0
17720,25,10,2666.91,266.691,1589,81,0
17721,658,1,307.21000000000004,307.21000000000004,107,11,1
17722,95,5,3520.2200000000003,704.0440000000001,2412,163,0
17723,126,7,3378.4000000000005,482.6285714285715,912,6,0
17724,70,3,1033.0,344.3333333333333,300,38,1
17725,15,11,3439.08,312.64363636363635,2162,115,0
17726,394,7,1092.06,156.00857142857143,444,52,1
17727,14,1,1060.25,1060.25,645,66,0
17728,3,5,4238.76,847.7520000000001,2146,196,0
17729,595,1,438.65,438.65,247,23,1
17730,2,20,7773.8,388.69,5300,177,0
17731,78,6,1708.99,284.83166666666665,707,82,0
17732,372,8,2166.42,270.8025,1058,90,0
17733,38,2,692.19,346.095,463,33,1
17734,53,6,1442.32,240.38666666666663,741,76,0
17735,1,26,16790.33,645.7819230769231,10683,391,0
17736,8,3,377.44,125.81333333333332,238,24,1
17737,8,2,168.24,84.12,108,8,1
17738,18,13,4183.56,321.81230769230774,2776,173,0
17739,11,18,7730.59,429.4772222222222,2335,56,0
17740,388,6,426.9,71.15,222,5,1
17741,406,2,101.1,50.55,114,6,1
17742,112,11,2098.48,190.7709090909091,653,52,0
17743,447,1,229.2,229.2,96,3,1
17744,3,7,2649.14,378.4485714285714,3826,121,0
17745,477,2,600.34,300.17,164,27,1
17746,239,4,904.18,226.045,688,32,1
17747,112,1,71.4,71.4,12,1,1
17748,526,1,358.15,358.15,111,17,1
17749,177,3,1026.18,342.06,446,52,1
17750,4,9,1710.45,190.05,3747,101,0
17751,420,1,157.86,157.86,147,31,1
17752,358,1,80.64,80.64,192,1,1
17753,463,4,382.06,95.515,124,63,1
17754,0,13,4451.22,342.4015384615385,4366,185,0
17756,375,3,728.75,242.91666666666663,399,54,1
17757,0,56,9074.05,162.03660714285712,5011,362,0
17758,18,12,4964.03,413.6691666666666,3199,403,0
17759,16,5,1261.88,252.37600000000003,965,114,0
17760,21,6,746.39,124.39833333333333,531,58,0
17761,32,1,712.78,712.78,398,19,1
17762,455,1,129.75,129.75,129,16,1
17763,262,4,86.15,21.5375,41,11,1
17764,50,5,1513.57,302.714,674,126,0
17765,158,4,524.0,131.0,195,71,1
17766,380,2,299.61,149.805,155,21,1
17767,14,2,413.05,206.525,198,35,1
17768,7,7,3292.73,470.39,2339,134,0
17769,12,17,7053.38,414.90470588235297,3157,330,0
17770,198,5,1143.27,228.654,365,33,1
17771,56,4,387.41,96.8525,373,63,1
17772,10,3,360.75,120.25,113,94,1
17773,513,2,575.37,287.685,254,48,1
17774,96,9,3273.83,363.75888888888886,1585,286,0
17775,254,1,56.4,56.4,72,3,1
17776,386,2,330.56,165.28,273,74,1
17777,24,3,647.56,215.85333333333327,501,141,0
17778,661,1,197.7,197.7,214,10,1
17779,20,3,650.32,216.7733333333333,396,73,1
17780,666,3,346.56,115.52,156,76,1
17781,158,2,188.02,94.01,34,12,1
17782,382,2,679.02,339.51,538,29,1
17783,71,3,376.96,125.65333333333332,438,91,1
17784,549,1,112.86,112.86,72,19,1
17785,52,3,403.38,134.46,227,48,1
17786,84,2,266.85,133.425,195,57,1
17787,152,4,1817.54,454.385,896,94,0
17788,73,2,1117.9,558.95,211,3,1
17789,280,2,397.15,198.575,199,27,1
17790,26,20,2779.41,138.9705,1387,188,0
17791,29,1,106.1,106.1,46,10,1
17792,466,2,368.35,184.175,149,45,1
17793,24,1,300.34,300.34,226,49,1
17794,686,2,147.3,73.65,46,7,1
17795,179,2,342.83,171.415,305,43,1
17796,39,7,1236.39,176.62714285714287,347,149,0
17797,21,8,1971.87,246.48375,1086,222,0
17798,581,1,178.07,178.07,138,43,1
17799,21,20,6246.93,312.3465,3674,478,0
17800,36,9,1187.21,131.91222222222223,732,51,0
17801,450,3,770.03,256.6766666666667,820,66,1
17802,81,10,4946.22,494.622,2705,283,0
17803,391,1,184.66,184.66,98,27,1
17804,375,3,383.78,127.92666666666668,194,82,1
17805,73,2,927.03,463.515,1126,10,1
17806,10,1,546.04,546.04,727,43,1
17807,394,3,437.87,145.95666666666668,262,88,1
17808,548,4,262.64,65.66,143,29,1
17809,15,20,10085.89,504.2945,2995,59,0
17810,668,2,373.16,186.58,118,51,1
17811,3,47,9519.8,202.5489361702128,5278,538,0
17812,12,7,911.99,130.28428571428572,444,162,0
17813,13,5,1698.07,339.614,752,297,0
17814,374,2,1609.37,804.685,1435,112,0
17815,392,1,591.96,591.96,612,13,1
17816,36,6,96.11,16.018333333333334,80,41,1
17817,3,6,788.15,131.35833333333332,353,115,0
17818,737,1,124.78,124.78,86,42,1
17819,71,12,6021.05,501.75416666666666,1610,66,0
17820,373,1,180.61,180.61,111,39,1
17821,405,1,334.62,334.62,162,6,1
17822,419,5,2162.93,432.586,1375,152,0
17823,420,2,449.25,224.625,252,88,1
17824,50,1,298.4,298.4,408,13,1
17825,598,4,701.96,175.49,516,24,1
17826,373,1,133.34,133.34,84,33,1
17827,4,6,2376.17,396.02833333333336,1582,240,0
17828,22,4,1820.09,455.0225,667,54,0
17829,298,5,4756.74,951.348,3009,121,0
17830,1,3,398.7,132.9,92,18,1
17831,32,1,35.400000000000006,35.400000000000006,12,2,1
17832,49,1,155.37,155.37,208,61,1
17833,722,1,338.46000000000004,338.46000000000004,143,28,1
17834,414,2,689.6700000000001,344.83500000000004,639,54,1
17835,2,3,342.24,114.08,344,45,1
17836,46,1,110.21,110.21,88,23,1
17837,41,8,1541.23,192.65375,510,110,0
17838,26,13,5604.64,431.1261538461539,3491,141,0
17839,41,1,318.15,318.15,257,50,1
17840,443,1,175.9,175.9,128,44,1
17841,1,211,68545.25,324.8590047393365,36584,2116,0
17842,601,1,430.69,430.69,89,18,1
17843,302,2,320.4,160.2,251,58,1
17844,106,1,51.56,51.56,52,5,1
17845,554,4,596.09,149.0225,195,42,1
17846,84,1,2033.1,2033.1,1,1,1
17847,515,2,129.69,64.845,29,9,1
17848,80,30,3559.11,118.637,1404,105,0
17849,217,8,1063.76,132.97,224,24,1
17850,371,155,51208.87,330.3798064516129,21052,100,0
17851,421,6,1552.35,258.725,933,185,0
17852,11,5,657.8100000000001,131.562,372,82,0
17853,406,3,1596.29,532.0966666666667,625,84,0
17854,184,6,1068.5,178.08333333333334,607,113,0
17855,372,1,208.97,208.97,197,17,1
17856,1,4,1418.03,354.5075,842,12,0
17857,3,24,27347.04,1139.46,19906,21,0
17858,5,30,12518.65,417.2883333333333,5383,173,0
17859,304,1,141.92,141.92,102,23,1
17860,368,4,717.39,179.3475,696,127,1
17861,2,18,5088.29,282.6827777777778,4541,329,0
17862,323,4,1254.89,313.7225,440,90,1
17863,58,12,5360.4800000000005,446.7066666666667,4676,154,0
17864,12,5,876.57,175.31400000000002,1015,93,0
17865,30,46,26312.19,572.0041304347826,12950,391,0
17866,142,3,1134.95,378.31666666666666,535,20,1
17867,29,15,1582.0500000000002,105.47,638,119,0
17868,385,1,227.15,227.15,85,18,1
17869,106,7,813.64,116.23428571428572,491,72,1
17870,1,13,2753.29,211.7915384615385,1699,215,0
17871,204,5,1068.95,213.79,665,64,1
17872,381,1,235.87,235.87,176,15,1
17873,79,18,6265.33,348.07388888888886,4159,65,0
17874,184,6,683.46,113.91,221,37,1
17875,687,1,167.1,167.1,98,25,1
17876,399,3,3424.02,1141.34,1958,3,1
17877,169,1,237.61,237.61,98,12,1
17878,43,3,1378.93,459.6433333333334,1014,82,0
17879,173,1,178.52,178.52,45,6,1
17880,364,3,824.9200000000001,274.97333333333336,466,43,1
17881,303,1,133.35,133.35,32,8,1
17882,378,2,291.56,145.78,130,47,1
17883,2,7,988.42,141.20285714285714,476,155,0
17884,3,20,2698.47,134.9235,2749,305,0
17885,11,1,156.34,156.34,110,50,1
17886,31,6,1572.55,262.09166666666664,711,138,0
17887,128,1,111.35,111.35,30,10,1
17888,20,25,1807.44,72.2976,1536,145,0
17889,211,7,746.42,106.63142857142856,403,97,1
17890,322,2,586.89,293.445,402,88,1
17891,161,1,203.86,203.86,393,34,1
17892,55,3,244.1,81.36666666666666,109,27,1
17893,224,1,107.21,107.21,149,15,1
17894,71,18,2304.58,128.03222222222223,938,215,0
17895,43,1,95.45,95.45,127,15,1
17896,22,1,256.32,256.32,288,2,1
17897,172,9,2099.89,233.3211111111111,864,211,0
17898,84,4,299.18,74.795,251,48,1
17899,158,1,154.55,154.55,170,29,1
17900,189,2,112.2,56.1,73,4,1
17901,28,3,260.08,86.69333333333333,38,22,1
17902,546,1,216.4,216.4,526,24,1
17903,393,1,381.09,381.09,142,44,1
17904,20,1,181.07,181.07,59,33,1
17905,70,13,2178.87,167.6053846153846,1299,129,0
17906,246,1,72.9,72.9,26,12,1
17907,640,1,291.76,291.76,1046,13,1
17908,373,5,1142.47,228.494,670,178,0
17909,736,1,110.05,110.05,35,8,1
17910,725,1,261.7,261.7,121,25,1
17911,8,1,366.23,366.23,223,39,1
17912,309,6,374.55,62.425,215,48,1
17913,58,14,3429.29,244.9492857142857,1725,224,0
17914,3,1,329.36,329.36,457,72,1
17915,550,1,225.78,225.78,184,27,1
17916,628,2,43.87,21.935,90,15,1
17917,44,3,335.03,111.67666666666666,184,77,1
17918,500,3,396.39,132.13,352,34,1
17919,87,2,1840.32,920.16,1452,37,0
17920,3,54,23581.78,436.6996296296296,12265,715,0
17921,63,10,2394.36,239.436,991,230,0
17922,542,1,170.4,170.4,49,8,1
17923,281,3,497.0,165.66666666666666,140,2,1
17924,11,8,3257.7000000000003,407.2125,1208,27,0
17925,372,1,244.08,244.08,72,1,1
17926,132,5,1035.49,207.098,572,27,1
17927,721,1,294.0,294.0,108,10,1
17928,44,3,341.24,113.74666666666668,222,27,1
17929,10,12,3082.1,256.84166666666664,434,6,0
17930,35,13,4275.22,328.86307692307696,3795,39,0
17931,133,14,3402.24,243.0171428571429,1919,274,0
17932,28,3,1331.57,443.8566666666666,789,84,0
17933,631,1,114.69,114.69,63,12,1
17934,51,3,1049.15,349.7166666666667,628,36,1
17935,137,7,686.14,98.02,244,60,1
17936,4,1,380.13,380.13,257,68,1
17937,8,7,4301.22,614.46,1754,19,0
17938,419,1,144.29,144.29,53,29,1
17939,159,1,99.14,99.14,40,12,1
17940,48,16,30306.79,1894.174375,85148,11,0
17941,130,4,1433.28,358.32,1108,5,1
17942,7,1,77.50000000000001,77.50000000000001,38,2,1
17944,422,1,74.99,74.99,84,24,1
17945,696,3,360.35,120.11666666666667,244,66,1
17946,232,2,149.57999999999998,74.78999999999999,75,18,1
17947,36,1,176.68,176.68,168,9,1
17948,146,1,358.56000000000006,358.56000000000006,144,1,1
17949,0,118,117314.08,994.1871186440678,60538,58,0
17950,71,7,1166.29,166.61285714285714,659,133,0
17951,39,4,1340.5800000000002,335.14500000000004,780,24,0
17952,377,4,788.46,197.115,477,85,1
17953,539,1,159.17000000000002,159.17000000000002,98,20,1
17954,4,19,3804.38,200.2305263157895,3180,479,0
17955,198,6,949.9,158.31666666666666,681,16,1
17956,248,1,12.75,12.75,1,1,1
17957,65,1,111.68,111.68,287,31,1
17958,116,2,973.88,486.94,284,35,1
17959,591,1,140.75,140.75,49,2,1
17960,170,3,135.08,45.02666666666667,60,37,1
17961,20,100,2866.74,28.6674,1491,486,0
17962,141,4,666.96,166.74,633,146,1
17963,470,4,643.16,160.79,341,98,1
17964,31,2,463.21,231.605,294,84,1
17965,37,29,7006.65,241.6086206896552,4383,588,0
17966,37,10,1963.92,196.392,3918,82,0
17967,371,2,223.42,111.71,111,59,1
17968,373,4,590.44,147.61,352,106,1
17969,165,20,2354.29,117.7145,1014,113,0
17970,210,1,562.79,562.79,513,27,1
17971,547,1,161.94,161.94,62,21,1
17972,241,1,135.19,135.19,36,30,1
17973,51,1,337.04,337.04,176,15,1
17974,24,6,1739.09,289.8483333333333,1189,279,0
17975,14,24,6696.33,279.01375,2179,243,0
17976,371,1,321.79,321.79,93,56,1
17977,28,2,1511.45,755.725,1948,94,0
17978,364,4,1159.99,289.9975,1297,62,0
17979,35,4,732.41,183.1025,383,116,0
17980,165,4,1012.72,253.18,771,41,1
17981,410,1,239.12,239.12,260,17,1
17982,680,1,138.18,138.18,117,13,1
17983,394,1,171.71,171.71,108,23,1
17984,144,5,1152.19,230.438,939,209,0
17985,21,1,631.35,631.35,171,20,1
17986,55,1,20.8,20.8,10,1,1
17987,184,5,965.44,193.088,981,139,0
17988,11,14,489.54,34.96714285714286,186,115,1
17989,378,1,207.33,207.33,300,26,1
17990,236,6,1527.61,254.6016666666667,777,40,0
17991,224,3,300.3,100.1,93,37,1
17992,388,1,252.88,252.88,130,49,1
17993,616,1,225.99,225.99,108,60,1
17994,121,11,2270.03,206.3663636363636,2181,227,0
17995,281,3,495.48,165.16,263,28,1
17996,379,3,482.33,160.77666666666667,587,63,1
17997,73,8,1962.46,245.3075,2273,133,0
17998,379,3,639.24,213.08,561,57,1
17999,36,3,528.46,176.15333333333334,286,125,1
18000,563,1,124.25,124.25,109,6,1
18001,11,6,924.14,154.02333333333334,874,120,0
18002,375,4,244.37,61.0925,71,52,1
18003,375,1,353.51,353.51,297,23,1
18004,361,1,157.92,157.92,75,32,1
18005,3,2,226.47,113.235,86,52,1
18006,22,4,969.51,242.3775,395,57,0
18007,392,1,215.22,215.22,246,46,1
18008,69,23,19759.08,859.0904347826087,7825,77,0
18009,234,8,2144.23,268.02875,651,145,0
18010,256,1,174.8,174.8,60,14,1
18011,372,2,410.79,205.395,125,63,1
18012,722,1,115.3,115.3,63,13,1
18013,154,2,187.29,93.645,285,31,1
18014,27,1,162.22,162.22,66,29,1
18015,3,1,120.03,120.03,157,46,1
18016,31,7,1954.56,279.22285714285715,1207,115,0
18017,80,4,688.0,172.0,400,1,1
18018,107,4,297.99,74.4975,186,43,1
18019,51,1,38.45,38.45,7,5,1
18020,543,1,190.48,190.48,67,12,1
18021,509,2,216.41,108.205,168,32,1
18022,35,5,1507.25,301.45,1311,306,0
18024,152,2,389.78,194.89,184,21,1
18025,379,6,1177.72,196.28666666666663,1053,83,0
18026,500,2,2074.07,1037.035,530,12,1
18027,98,1,115.31,115.31,78,21,1
18028,582,1,192.05,192.05,133,4,1
18029,641,1,433.77,433.77,253,18,1
18030,3,2,230.65,115.325,67,8,1
18031,378,1,451.3,451.3,298,49,1
18032,333,1,73.5,73.5,42,5,1
18033,64,1,93.82,93.82,252,32,1
18034,21,3,754.2,251.4,951,182,0
18035,35,5,1260.23,252.046,1134,52,0
18036,31,11,1545.49,140.4990909090909,741,221,0
18037,153,15,167.42,11.161333333333332,37,31,1
18038,555,1,141.48,141.48,80,25,1
18039,373,4,548.22,137.055,555,137,1
18040,18,2,357.20000000000005,178.60000000000002,148,18,1
18041,11,38,8018.769999999999,211.02026315789476,7316,464,0
18042,53,2,281.15,140.575,69,13,1
18043,24,3,529.29,176.42999999999998,265,106,1
18044,3,18,3505.61,194.75611111111112,1598,128,0
18045,44,1,178.34,178.34,138,43,1
18046,649,1,189.63,189.63,44,26,1
18047,380,2,326.09,163.045,130,74,1
18048,202,3,394.93,131.64333333333337,256,56,1
18049,436,2,500.92,250.46,402,82,1
18050,358,2,412.06,206.03,250,22,1
18051,633,7,2282.28,326.04,1661,41,0
18052,564,1,10877.18,10877.18,17766,16,0
18053,70,3,571.07,190.35666666666668,409,29,1
18054,392,1,176.5,176.5,96,11,1
18055,6,14,10142.64,724.4742857142857,3534,320,0
18056,287,2,554.6,277.3,334,28,1
18057,392,3,1188.46,396.15333333333336,970,121,0
18058,9,3,774.06,258.02,394,12,1
18059,22,3,306.46,102.15333333333332,258,17,1
18060,407,2,1185.46,592.73,902,74,1
18061,21,28,6083.81,217.2789285714286,3359,30,0
18062,172,6,1632.67,272.1116666666667,831,46,0
18063,390,2,186.6,93.3,48,2,1
18064,132,11,4481.83,407.4390909090909,2685,53,0
18065,5,29,5866.63,202.29758620689657,2265,193,0
18066,74,3,1440.4,480.1333333333334,535,37,0
18067,39,1,396.33,396.33,189,36,1
18068,288,1,101.7,101.7,6,1,1
18069,25,11,4464.92,405.9018181818182,3168,602,0
18070,668,1,314.1,314.1,86,9,1
18071,257,6,1169.68,194.9466666666667,678,52,1
18072,185,1,247.44,247.44,288,18,1
18073,113,12,3859.82,321.6516666666667,3102,23,0
18074,373,2,1019.44,509.72,361,37,1
18075,22,20,5783.29,289.1645,3281,180,0
18076,379,1,151.49,151.49,164,8,1
18077,7,18,4078.79,226.59944444444443,3020,141,0
18078,216,4,725.53,181.3825,370,65,1
18079,44,5,4203.93,840.7860000000001,8730,107,0
18080,18,2,1231.5,615.75,642,2,1
18081,35,3,343.45,114.48333333333332,195,14,1
18082,25,1,680.84,680.84,608,62,0
18083,397,1,463.53,463.53,268,36,1
18084,15,3,795.23,265.07666666666665,755,7,1
18085,329,4,1341.85,335.46250000000003,507,42,1
18086,273,1,101.34,101.34,106,7,1
18087,97,17,14761.52,868.324705882353,7775,44,0
18088,60,1,166.03,166.03,107,35,1
18089,446,1,428.45,428.45,95,9,1
18090,421,1,321.9,321.9,307,47,1
18091,592,1,360.85,360.85,539,25,1
18092,1,18,14693.72,816.3177777777778,8298,42,0
18093,92,8,4452.71,556.58875,3429,43,0
18094,81,13,6391.52,491.6553846153847,4164,55,0
18095,312,5,2303.09,460.61800000000005,1623,37,0
18096,11,6,1657.87,276.31166666666667,1409,299,0
18097,7,11,4627.92,420.72,2716,86,0
18098,395,1,527.94,527.94,215,85,1
18099,126,1,168.31,168.31,149,19,1
18100,549,1,451.56,451.56,440,30,1
18101,10,5,622.01,124.402,247,89,0
18102,0,145,580987.04,4006.8071724137935,181645,382,0
18103,548,1,105.8,105.8,23,10,1
18104,36,1,754.64,754.64,362,38,1
18105,37,1,113.48000000000002,113.48000000000002,46,18,1
18106,329,6,1441.06,240.17666666666665,506,126,0
18107,441,1,165.88,165.88,65,38,1
18108,253,3,848.8100000000001,282.93666666666667,261,43,1
18109,1,38,9555.71,251.4660526315789,4822,203,0
18110,19,2,392.28,196.14,169,58,1
18111,588,1,405.85,405.85,232,27,1
18112,11,4,773.36,193.34,443,59,0
18113,368,1,76.32000000000001,76.32000000000001,72,1,1
18114,289,1,220.1,220.1,55,28,1
18115,697,1,9.7,9.7,3,3,1
18116,67,13,2134.49,164.19153846153847,1267,311,0
18117,25,1,315.65,315.65,605,68,1
18118,10,29,6221.02,214.5179310344828,3184,444,0
18119,367,1,180.7,180.7,124,29,1
18120,213,1,111.15,111.15,31,17,1
18121,148,2,653.3000000000001,326.65000000000003,438,28,1
18122,7,6,1793.06,298.8433333333333,1225,239,0
18123,23,3,666.64,222.2133333333333,616,53,1
18124,471,1,102.65,102.65,47,20,1
18125,29,4,1131.75,282.9375,800,164,0
18126,60,1,200.92,200.92,135,52,1
18127,18,4,556.13,139.0325,250,56,1
18128,536,1,399.29,399.29,216,42,1
18129,242,1,112.55,112.55,48,13,1
18130,14,3,1059.39,353.13000000000005,824,58,0
18131,631,1,222.96,222.96,552,4,1
18132,503,1,220.13,220.13,212,60,1
18133,211,1,931.5,931.5,1350,1,1
18134,597,2,445.0,222.5,128,27,1
18135,28,10,1249.62,124.96200000000002,753,23,0
18136,62,5,1631.36,326.27200000000005,860,77,0
18137,550,2,145.99,72.995,59,26,1
18138,294,1,152.65,152.65,38,8,1
18139,17,6,8438.34,1406.39,5557,35,0
18140,473,1,536.41,536.41,395,49,1
18141,401,2,882.47,441.235,433,38,1
18142,156,2,1019.52,509.76,1276,9,1
18143,116,2,1000.16,500.08,570,59,1
18144,7,19,4892.95,257.5236842105263,2144,51,0
18145,12,11,5609.74,509.9763636363636,5104,250,0
18146,140,2,160.35,80.175,153,10,1
18147,45,2,179.34,89.67,203,7,1
18148,646,1,112.85,112.85,63,9,1
18149,50,7,1553.96,221.99428571428567,869,54,0
18150,31,3,566.58,188.86,332,29,1
18151,134,6,1879.44,313.24,986,99,0
18152,645,1,426.69,426.69,75,10,1
18153,658,1,246.22,246.22,200,17,1
18154,2,5,932.6,186.52,626,34,0
18155,74,3,371.62,123.87333333333332,266,19,1
18156,12,2,675.64,337.82,283,100,0
18157,570,1,213.9,213.9,145,25,1
18158,8,2,453.4,226.7,354,24,1
18159,300,1,530.15,530.15,139,23,1
18160,56,3,1003.88,334.62666666666667,519,56,0
18161,14,6,1803.1,300.5166666666667,965,57,0
18162,731,1,371.51,371.51,332,45,1
18163,583,1,728.84,728.84,452,33,1
18164,36,1,399.65,399.65,184,24,1
18165,176,1,302.46,302.46,254,10,1
18166,623,1,175.5,175.5,90,10,1
18167,22,3,1384.86,461.62000000000006,382,24,0
18168,175,16,3435.5,214.71875,1995,209,0
18169,60,1,202.65,202.65,61,9,1
18170,32,9,2878.0,319.77777777777777,1184,59,0
18171,58,9,2437.31,270.8122222222222,991,76,0
18172,14,52,17467.24,335.90846153846155,7407,176,0
18173,86,5,2696.36,539.272,1730,34,0
18174,6,2,162.5,81.25,80,1,1
18175,675,1,176.10000000000002,176.10000000000002,70,7,1
18176,357,1,476.35,476.35,283,30,1
18177,30,9,2216.32,246.2577777777778,1238,66,0
18178,128,11,6103.74,554.8854545454545,3850,204,0
18179,8,8,2547.55,318.44375,1811,101,0
18180,4,6,1843.75,307.2916666666667,1721,108,0
18181,23,5,1188.34,237.668,510,139,0
18182,462,1,291.13,291.13,167,10,1
18183,226,2,632.07,316.035,371,36,1
18184,14,1,49.8,49.8,60,1,1
18185,248,1,304.25,304.25,183,17,1
18186,722,1,329.58000000000004,329.58000000000004,338,11,1
18187,631,1,724.89,724.89,310,48,1
18188,14,6,3280.59,546.765,1888,95,0
18189,77,3,1403.73,467.91,836,79,0
18190,191,5,745.62,149.124,490,34,1
18191,261,2,529.4,264.7,332,15,1
18192,71,1,957.97,957.97,339,45,1
18193,164,3,1207.35,402.4500000000001,926,66,0
18194,81,6,4162.04,693.6733333333333,1774,23,0
18195,386,1,101.16,101.16,60,5,1
18196,94,4,1457.19,364.2975,1038,210,0
18197,575,1,230.1,230.1,166,9,1
18198,3,17,5425.56,319.1505882352941,4074,81,0
18199,683,1,344.75,344.75,99,20,1
18200,105,1,150.35,150.35,104,29,1
18201,722,1,447.53,447.53,191,27,1
18202,199,3,1396.99,465.66333333333336,581,55,0
18203,156,4,492.52,123.13,111,40,1
18204,70,3,1975.35,658.45,1190,159,0
18205,35,2,517.36,258.68,192,30,1
18206,552,1,314.66,314.66,246,19,1
18207,498,1,544.47,544.47,325,31,1
18208,565,1,360.08,360.08,82,17,1
18209,28,1,139.10000000000002,139.10000000000002,58,8,1
18210,1,7,2768.83,395.5471428571428,1499,116,0
18211,25,5,600.07,120.014,359,37,1
18212,325,2,514.37,257.185,158,40,1
18213,236,1,232.48,232.48,232,15,1
18214,530,4,1780.34,445.085,989,38,0
18215,88,5,2232.49,446.4980000000001,1131,53,0
18216,30,1,481.75,481.75,200,26,1
18217,28,4,945.04,236.26,740,33,0
18218,210,4,1121.84,280.46,1028,25,1
18219,2,17,3352.7000000000003,197.2176470588236,1586,87,0
18220,226,6,1921.76,320.2933333333333,1352,17,0
18221,21,6,1424.94,237.49,1000,71,0
18222,92,1,443.0,443.0,335,19,1
18223,4,26,14000.85,538.4942307692307,6644,192,0
18224,263,1,158.95000000000002,158.95000000000002,69,10,1
18225,2,26,13014.8,500.5692307692307,7282,266,0
18226,43,26,11878.88,456.88,7883,299,0
18227,217,2,388.75,194.375,22,6,1
18228,56,2,779.9,389.95,238,23,1
18229,11,28,10150.51,362.5182142857143,3071,73,0
18230,8,9,4291.06,476.7844444444445,1996,42,0
18231,191,28,6854.17,244.7917857142857,2915,218,0
18232,81,4,592.97,148.2425,302,31,1
18233,325,1,440.0,440.0,4,1,1
18234,551,1,179.6,179.6,80,30,1
18235,71,3,1796.48,598.8266666666667,1578,100,0
18236,29,12,1795.35,149.6125,696,80,0
18237,2,5,987.1,197.42,622,40,0
18238,514,1,270.92,270.92,114,14,1
18239,218,6,1712.26,285.37666666666667,844,85,0
18240,45,1,422.58,422.58,126,6,1
18241,9,21,2986.99,142.23761904761906,1471,101,0
18242,71,8,3605.21,450.65125,2021,113,0
18243,413,1,515.78,515.78,221,26,1
18244,430,2,568.64,284.32,856,19,1
18245,6,20,6324.9800000000005,316.249,5098,336,0
18246,23,3,758.8199999999999,252.94,214,3,1
18247,414,3,839.73,279.91,335,28,1
18248,122,2,804.02,402.01,511,39,1
18249,16,1,95.34,95.34,128,8,1
18250,309,1,349.27,349.27,199,21,1
18251,86,9,26278.86,2919.873333333333,39639,87,0
18252,50,7,1533.69,219.09857142857143,932,125,0
18253,642,1,317.88,317.88,128,7,1
18254,580,1,267.9,267.9,188,16,1
18255,88,2,303.15,151.575,201,16,1
18256,387,1,110.7,110.7,180,10,1
18257,38,12,4600.15,383.3458333333333,2369,219,0
18258,463,6,2059.67,343.27833333333336,1981,30,0
18259,24,7,3941.9,563.1285714285715,1274,51,0
18260,172,23,9947.26,432.4895652173913,5244,212,0
18261,42,2,324.24,162.12,146,19,1
18262,139,3,577.54,192.5133333333333,552,40,1
18263,25,3,1213.16,404.3866666666667,1468,59,0
18264,498,1,603.25,603.25,241,36,1
18265,71,2,801.51,400.755,311,44,1
18266,433,1,251.1,251.1,138,14,1
18267,672,1,269.37,269.37,135,17,1
18268,133,6,1490.23,248.37166666666667,711,36,0
18269,365,1,168.60000000000002,168.60000000000002,76,7,1
18270,37,3,444.55,148.18333333333334,209,17,1
18271,609,2,680.85,340.425,319,19,1
18272,2,9,4385.9800000000005,487.3311111111112,2880,145,0
18273,1,4,357.0,89.25,140,1,1
18274,29,1,175.92,175.92,88,11,1
18275,577,2,741.85,370.925,417,19,1
18276,43,6,1656.52,276.08666666666664,1246,81,0
18277,57,5,1180.05,236.01,449,53,0
18278,73,2,414.2000000000001,207.1,140,22,1
18279,518,1,231.34,231.34,630,13,1
18280,277,2,488.15,244.075,194,28,1
18281,180,2,201.14,100.57,146,17,1
18282,7,2,178.05,89.025,103,12,1
18283,3,22,2664.9,121.1318181818182,1679,352,0
18284,431,1,461.68,461.68,494,28,1
18285,660,1,427.0,427.0,145,12,1
18286,476,2,1296.43,648.215,608,67,1
18287,42,7,4182.99,597.5699999999999,3013,120,0
