CustomerID,PC1,PC2,PC3,cluster
12346,4.545885848712548,3.983237615125873,-0.2293373815927699,0
12347,2.900344432400681,-0.4642486140404278,-1.421089251311701,0
12348,0.9431068943749816,0.4671355733577254,-0.1454527937238372,0
12349,2.212981792235142,1.0764917778489105,-0.9538060304478752,0
12350,-1.5471161018224149,0.8909220744955295,-0.1941661293904171,1
12351,-1.508652994664886,0.8489316993343888,0.0176800038960507,1
12352,1.3105210756526284,-0.4861272512172397,0.1788482687926111,0
12353,-1.271335188398203,0.0894522440061502,0.1466930427977796,1
12354,0.1126117652955432,2.103714895179474,-0.5295055285955935,1
12355,-0.2066896918227332,1.0824606209527543,-0.0832866541820863,1
12356,2.598206955138337,1.0488467738438574,-0.7092831973659309,0
12357,3.843672339216415,3.279471041189069,-1.395891139866971,0
12358,2.1155692030136084,-0.1114650166032135,-2.012819421459218,0
12359,2.996591097425892,0.95393117506581,0.3161235452416214,0
12360,2.190398579616946,0.4370782911237159,0.2374911721998109,0
12361,-1.2276013896243974,-0.4446284228395536,0.7356370536457891,1
12362,2.976586621396646,-0.7188145723347306,-0.8632082084317129,0
12363,-0.7186598605194192,0.2633567838252066,-0.2567686784986151,1
12364,1.197176836828334,-0.5288757766702221,-0.9485492982945556,0
12365,-1.0672485838614658,0.6969559018956877,0.0672661910446359,1
12366,-1.7626322752200136,1.660769875942015,-0.4408060834795009,1
12367,-1.416164920156723,-1.3000000660092774,-2.022777858642466,1
12368,-0.7334338786252246,2.270419927702264,-0.3153255721634895,1
12369,0.7089386584182866,1.488496315335954,0.5568920089619122,0
12370,2.233108171774867,0.6341506000518625,0.1132915078562714,0
12371,1.938874770155673,0.9590966581007312,-0.3199936891720942,0
12372,0.3323674998461632,0.5610942824131062,-0.3910927123221647,0
12373,-0.1683812588125892,0.8619737499449286,0.3571622068489888,1
12374,1.6177140795030942,0.7450065148335437,-0.7908308143371041,0
12375,-0.8391077800957392,-0.7460084595275713,-1.4224816932857671,1
12376,-1.4304720536560367,0.5753043374226122,0.1660923841461805,1
12377,1.5392489836219172,1.7483680773224022,0.4905679253681962,0
12378,2.481516982225333,2.8768079133859943,-0.5157107450899125,0
12379,0.6608527980736334,0.4434320657278154,-0.0421231865115653,0
12380,3.089456823585077,0.6338852343701471,-0.2622429855385313,0
12381,1.3571242862212725,-0.6556392632712269,-1.1716451251507898,0
12383,0.930480005362894,0.5850608244976474,0.6111851425402347,0
12384,-0.742356701546263,-0.1994001854304114,-0.9474818506998256,1
12385,0.5491425818151229,2.917925320870965,-0.5486961477046579,0
12386,-1.4839898979708137,0.3102903169537872,0.2075804433004298,1
12387,-2.563136515324368,0.060074172317098,0.1758310973588628,1
12388,2.0637440264275995,-0.0378233173426862,-0.4628268250863647,0
12389,0.0623103123696407,1.21891684406106,0.4052950407266837,1
12390,-0.523097444208915,1.0021087187544877,-0.8787746020381221,1
12391,1.9188746627580613,-0.0061666750585479,-0.144465242030763,0
12392,-2.5208549010978287,0.6833131854802996,0.007323454642194,1
12393,1.169348370603496,0.308081124790872,0.1199440344364301,0
12394,0.2777345645747529,1.0447149689632964,-0.8511231597102891,0
12395,2.553176028830409,-0.6420722965793991,0.2945035693834075,0
12396,-0.1314112688163313,2.298890719426679,0.081598476572286,1
12397,1.4907426143247495,1.5290329561168845,-1.0283835779779429,0
12398,1.1662995180159674,2.073168590618559,-1.3385503440198745,0
12399,1.107211707597045,0.0735702950607559,0.6433009785295816,0
12400,-2.3497114234168928,0.4154688774292677,0.0282333993396604,1
12401,-3.832758650654237,-0.7717182613551841,0.0129968412330039,1
12402,0.0119632432165313,0.057251443453518,0.9964000000758813,1
12403,-0.7115121922170395,0.7022218259369982,-1.331332596157084,1
12404,-5.1336434507022215,-0.8904996200845078,0.1345098192513021,1
12405,0.6735886311720451,2.4991200085708303,-0.956559926746724,0
12406,2.634451556091676,1.2838223596880216,-0.8735956175211668,0
12407,0.9641856603177368,0.0716157206608822,-0.0731847186752494,0
12408,2.1167401258613667,0.3189931800765023,-0.1081133855726243,0
12409,3.961650534003345,2.751682655537601,-0.4083882719041264,0
12410,-0.3765403294053201,0.7147937802366527,0.383001221450065,1
12411,-1.5986364230411594,0.9906505059361128,-0.0343157249520759,1
12412,1.4408356528995727,0.4264940169155921,0.194712146140583,0
12413,-0.0751855334505537,-0.2045981011101463,-0.0451042590951624,1
12414,-0.4107819963345666,-0.3627561851743103,0.7478716852331722,1
12415,6.6341574448131615,2.497539507444969,-0.1572246451875214,0
12416,-2.333525166943519,0.57946773068727,0.2729963495476117,1
12417,3.385075039421113,-1.2941571406204009,-0.3160349449177589,0
12418,1.0055727875510532,0.7955554151080076,0.13389952830783,0
12419,-1.204533948816857,0.5408945754349707,0.3472855096815664,1
12420,-0.4529610841855048,1.0270715206039165,-1.054258479921432,1
12421,0.5238315558723972,-1.0843979496395777,-0.3390977265181633,0
12422,2.24850113529466,-0.1784201007927914,1.0984786660227224,0
12423,2.414188227681317,-1.7337452046532438,-1.2527367622946373,0
12424,1.4637470449870538,1.5185531713451432,0.0558001665963943,0
12425,0.9862315508996607,1.431082414759925,-0.572902793013569,0
12426,0.3464220593409424,1.4132237823673748,-0.0999676734594858,0
12427,0.0014921461808911,-0.3475741734470984,-0.8195266833673901,1
12428,3.082091118821,0.7378141470333723,-0.1373998066388235,0
12429,2.777108520253626,0.290598907741024,-0.8333385491324526,0
12430,-1.671515288587119,-0.0770837013551002,-1.1324793293840476,1
12431,3.3759720928200325,-0.3860556944490307,0.9307476638607524,0
12432,2.108496965247695,1.2088531583466302,-0.496609563712531,0
12433,4.73022410282315,0.4161048133337782,-1.83629167018698,0
12434,0.2529139274433851,0.3867704057887635,-0.0963326783262959,0
12435,3.0174572834697777,2.357972630029501,-0.5320022678510117,0
12436,-1.0092674646531392,0.9838244785959884,-0.9449531050782916,1
12437,4.321056225168398,-1.6242444373140803,-0.1073373063559387,0
12438,1.7021247615373527,1.427709127662502,-1.6414987759512492,0
12439,-0.0978628109943409,1.6396431670329783,0.5436599692340847,1
12440,-0.7488709674071248,1.2175355050994157,0.1652863242228903,1
12441,-2.366871597452852,0.210136759427576,0.0699632025796937,1
12442,-1.3043594701059993,-1.3752736327268396,-2.142640092036066,1
12443,-1.3828709364166696,1.573545199977172,0.0767205219528633,1
12444,2.1846771581635176,0.9183134678293484,-0.7854550031505215,0
12445,-0.7907225887806987,-0.5817180821321577,-0.9246693015233952,1
12446,0.1869606016644925,1.5336347078227155,-1.1733004004403418,1
12447,-1.1037113094951845,1.1808665212593368,-0.3750876657085479,1
12448,-0.8012691838695325,0.5706780611685196,-1.1799260891139192,1
12449,2.3329773554927145,0.6954391616275533,-0.5677462673818859,0
12450,-0.5086335652445467,-0.6026253963096285,0.6809352330248705,1
12451,4.002148764258703,1.1816113514120998,-0.7423088257746931,0
12452,-0.8260267133531667,-0.6807401890849684,-1.0817554435181824,1
12453,-0.2409425304283353,1.4589296219520185,-0.6653228961382754,1
12454,2.922263946294109,2.769791697244876,-1.274966228297869,0
12455,2.551470079927071,0.60668428584479,0.5223766298427032,0
12456,1.71152044694168,1.3885702339459014,-0.7227462713873569,0
12457,1.3124360600519782,0.1135582755413357,0.2257323282358959,0
12458,0.8858067918868573,0.502224344087702,-0.0906320354676193,0
12459,-1.259547944496254,1.4573542023097088,0.0629070262525203,1
12460,-1.6655833356984036,0.9815286215065248,0.0052723070514103,1
12461,-0.3510685903832117,0.6157854112804806,-0.4394970936577896,1
12462,0.5496733543290524,0.5112157072501382,-1.2356274187746998,0
12463,0.6247877647879888,0.0851835838338445,-0.128148038817443,0
12464,-0.4755116220051896,-1.5722741892797092,-0.9474705510967396,1
12465,0.1415114325103728,-0.048880752786441,-1.089492333879817,1
12466,-5.215351703164149,-1.0084335150870276,0.187239541330841,1
12467,-2.639630674446659,-0.0243772648203905,0.2221321737130436,1
12468,1.7021430387168812,1.3527368999429354,0.4131667027638577,0
12469,1.2592601257457643,2.749068894900888,0.05208262149972,0
12470,-2.1734494367212323,0.5955308286101614,0.4433069474164924,1
12471,5.476883767581317,-1.3183267381462855,0.0399480058787145,0
12472,4.122921395785846,0.597141276129295,0.4964681607421602,0
12473,2.1717074467713053,0.8075507930350622,-0.4681762015728667,0
12474,3.9718140784704414,-0.6246299223631642,0.7703123559207629,0
12475,0.4561152416347305,0.8433767479902021,-0.6914323065716984,0
12476,3.937855310276108,-0.0992900118769152,0.3618507909371334,0
12477,4.035922651178899,1.760260376504516,-0.5889130684294969,0
12478,0.1257646790740349,0.2090830922214911,-2.385516833645744,1
12479,-0.1606809599030286,0.3024209541767496,-1.795046156944018,1
12480,2.58414219141473,0.7008876168034187,-0.2638435740477141,0
12481,3.671761918751858,0.4984523964064078,0.1081127236427533,0
12482,3.4374128917189,1.5284918448264038,1.529162665088873,0
12483,2.275008482861224,-0.9248422181183846,0.204784544193503,0
12484,2.941441720784649,0.1511450230642963,0.4181761360021123,0
12485,-0.6206792106618174,1.9179106632973,-0.0896035239884034,1
12486,-0.0967499854549537,2.2725773380667578,-0.2630333847580823,1
12487,-2.4799383178343795,1.0661301712689646,-0.2056261787330351,1
12488,0.6836587408923435,-0.1346711301395269,-1.2632666194932904,0
12489,-1.7950396483604107,0.882256163089578,-0.2245974353548681,1
12490,3.685011021153789,-0.726477335633583,-0.2571146074192649,0
12491,-0.6972937343675742,0.5565902145506608,-1.21143385572772,1
12492,-0.2400005907096397,-0.1826591852336673,-0.1644489196524128,1
12493,-1.2359409791128393,0.0952229869699559,-0.0194163438764928,1
12494,1.2651185704560597,-1.091554819416245,-0.0172323989490887,0
12495,-1.7628954889657045,1.178172045544549,0.0913839093325715,1
12496,-4.001327328801835,-2.019697548036964,1.411303620366418,1
12497,2.1802558865970103,2.461832316092652,-0.9429410248456498,0
12498,-0.9782246394051664,-1.2217564813284203,-0.6144158887407812,1
12499,-1.252984776736788,1.278182510104754,0.1478298561819158,1
12500,2.561260298649564,-0.6333493691538493,0.3650266540489578,0
12501,1.2682144096972634,3.041528715986051,-0.3758875455648022,0
12502,1.4614170115725096,1.0873739332460823,-0.0252995182526429,0
12503,-1.0276359810399769,2.582243293571398,-0.921036600245355,1
12504,-0.3293157625142117,-0.8408338877801881,-0.8605316578679842,1
12505,-0.3487118353291523,2.137483573791385,-0.31626397051938,1
12506,-3.1993888452056183,-1.0182201853084094,0.3718317080246599,1
12507,0.7225725570417313,0.7876906055395574,0.0881617566406009,0
12508,-0.5193211006627856,-0.6398420350910723,-0.5583924115952861,1
12509,-2.684599585009374,0.1074073769309799,-0.2133088739333174,1
12510,1.9184366796873435,0.8357617121060895,0.5731721465927776,0
12511,1.568129500072329,3.4990630581457034,-0.3712575667252384,0
12512,-2.055728276989986,-1.580697862551656,0.198500373295073,1
12513,-0.3939663509093102,1.250110421525788,-0.7303773591524504,1
12514,0.5440039875771698,1.7302608418935297,-0.0054382482061179,0
12515,-1.6121454122241037,1.0605934175421845,-0.2393294902081447,1
12516,1.2599064067633852,1.0336305412767193,-0.3028959997821981,0
12517,1.8210367552507447,0.2308819052561842,-0.1547812923680166,0
12518,1.9595408744300848,-1.0462716716385505,-1.9056558223430853,0
12519,-0.3043125251406723,0.3513135402751359,-0.5405465424156415,1
12520,1.4659250286138437,0.6718925168004719,0.1314709834415703,0
12521,-0.5518275479759259,1.2753450145842642,-0.6104689233547699,1
12522,-1.7873582124272955,-1.257857127015498,-0.4590618558071537,1
12523,2.485417679256274,-1.3671220378557896,0.7764965745962267,0
12524,3.637169736909757,-0.0724021182173303,-0.2920961438790017,0
12525,-0.2272216264450945,0.8386943160907757,0.7673652572337006,1
12526,1.298462451594612,-0.8871538032797728,-2.255350815167348,0
12527,-0.3394619479233072,-0.7252303355919819,0.3095550878928877,1
12528,1.1530754067186904,-0.6495270996005444,-0.8451588694330915,0
12529,-1.6302103562877703,0.9977118447431336,0.1364838106576422,1
12530,1.926379560816928,0.2127811341225566,0.3381809203833612,0
12531,1.4975254359094723,0.9809790693765992,-1.3019908382097127,0
12532,-1.1649760258269073,0.1486519746274173,-1.3450139611320089,1
12533,0.1446962700809173,1.839368245826409,0.4133145832862337,1
12534,0.3197612705596181,1.9339184175815056,-0.7691065379501165,0
12535,-0.6135780794394675,0.4413114672103025,-0.4530047813272156,1
12536,3.24241422138002,2.8993810196546117,-1.1373076810934684,0
12537,-0.4423074444562281,1.866438441448387,-0.160941466066697,1
12538,-0.2926457464787465,-0.044026610392643,-0.8736606819451056,1
12539,3.463150532019616,1.4243296160049332,-0.5872966862691428,0
12540,4.482740918454303,0.0108469554797733,0.625692220140236,0
12541,0.3380026096255493,-0.06078433440499,-0.5941214930725823,0
12542,-0.8544966794159575,0.6029292415571704,0.6597289004086185,1
12543,-0.105547724232422,2.2459115026684207,-0.237136208182372,1
12544,-1.1323613825155692,0.264588415402032,-1.2529594226694571,1
12545,0.0834087524068427,0.7834495453018883,-0.5572293962100124,1
12546,0.4589924326877496,0.7917087911570116,-0.7494203509683169,0
12547,-1.3936165798742914,-0.4681554468326295,0.3813582066694509,1
12548,-3.1837391707734044,-0.7433674215159687,-0.2481945005103159,1
12549,0.2961375690344062,0.5602353501058271,1.1731440565207816,0
12550,0.2483623988914488,1.6268618377863482,-0.9816671947858964,1
12551,-2.4750267037875715,0.1570411207922866,0.0398586245979281,1
12552,-1.215885578640857,-0.4336581047151332,-0.7538712378725057,1
12553,2.486932550503174,-0.6525411810738743,-0.4079125023548909,0
12554,-1.1615558181888348,1.382228878053249,-0.064638260833453,1
12555,-4.593243347557063,-0.1105112210746473,-0.2142327666200114,1
12556,-0.0591216824402631,0.0242190189649587,-0.2863672227822065,1
12557,3.031267306580057,1.7993507202288015,-1.6031069343629438,0
12558,-1.1528554139377671,-0.5457543226013883,-1.9199161140944845,1
12559,-1.046131718118798,0.6074938687261278,0.1792862034534958,1
12560,1.6531796085642905,0.2043709327555705,-1.6096406903732403,0
12561,-1.851643988597146,0.5083855558079512,-0.0610118855273077,1
12562,2.537688672884771,-0.1687084465277028,-0.7062965777004696,0
12563,-2.0806110195200027,0.632970303342466,-0.0188537263658451,1
12564,-1.3289546287819345,1.1428991634732035,-0.3965466136282953,1
12565,-2.642137768732593,-0.0797260289496264,-0.0302164483383947,1
12566,-1.136997201964521,0.5350502272679767,-0.7768185468576703,1
12567,3.683549723353114,0.4242512637160591,0.2128008567465849,0
12568,-3.680965626922178,-0.6282143383717949,0.5391662825239679,1
12569,2.615036807016513,-2.6331363488693285,-0.125686118514365,0
12570,-4.980145884520008,-0.668948365372376,0.0354514773972122,1
12571,-0.3972177788009734,-0.134881168991933,-0.6108455236598189,1
12572,0.5350699082012098,0.0805236414406674,-1.5110948786098388,0
12573,-0.1094909936433239,-0.476140476073853,1.1716829830786353,1
12574,-2.3731220133952027,0.367503696177525,-0.1519563276864594,1
12575,-0.8495533331179744,0.837568242483414,0.4416612156644873,1
12576,1.4681800538020982,-0.4599050552804639,0.28212961161159,0
12577,1.4664009984313569,-0.8269999296722826,0.6155638005990275,0
12578,2.374276605630586,1.1843763406747356,-0.8875326623368288,0
12579,-0.7861824259887331,0.7387903266167131,-0.8194133883320177,1
12580,-0.0074283978400176,1.233714964467433,0.0399084185219248,1
12581,-1.6594493647774615,-0.3771571412983369,-0.94268932317029,1
12582,0.8088656728761859,1.016646707458424,0.4847038646482787,0
12583,4.057502183818804,-0.8581205627259395,-0.4814653636109928,0
12584,1.2450425395605405,-1.30683874429656,-1.0118559607360924,0
12585,0.8904698015860175,1.983518327636228,-0.1605568629899314,0
12586,1.2084233718451527,0.1603136297308996,-0.8184633487482957,0
12587,-2.3419085594995503,-1.2898652709434315,-1.9247723844707556,1
12588,0.0016943175307028,-0.3981158748526666,-0.335078225504191,1
12589,2.1799991966858205,0.3407792056729851,-0.180220645752863,0
12590,2.4475652216014634,3.7738319931934448,-0.9510097860354992,0
12591,0.2185115512519364,1.0510395640634969,0.4436844048718107,1
12592,1.14873896561387,0.7608778414882226,-0.0549963003806773,0
12593,-1.315989273489972,-0.6023375868749835,0.0540259474311139,1
12594,2.2239902751920506,-0.3134764448355189,0.408641188743622,0
12595,-1.5910700803499285,0.9473791029995088,0.1371247017581827,1
12596,-0.4120651960899829,0.1390446913431545,-0.643944865029279,1
12597,2.29463703090158,0.920796793768766,-0.7840075158154748,0
12598,2.554459227028768,-0.4662581679858664,-0.3171171392822797,0
12599,1.414970354548135,-1.0726549884279688,0.3877480980191538,0
12600,1.9407214432646651,-0.9371343300765788,0.4729409771689072,0
12601,-0.7622648927018874,-0.8152740699381326,0.8536947092001733,1
12602,-1.9966319000162016,-0.519432206904123,-0.6904042710807906,1
12603,-1.3976456425452717,0.8808322715839872,-2.3800698910480818,1
12604,-1.6028182324478564,-0.7293003238749907,-0.1821862030249835,1
12605,0.23034262913481,0.6551240157000336,0.838322637459306,0
12606,-5.953090916235904,-2.0732520159378014,0.6633332344443715,1
12607,1.1077801932326838,2.1076421304417874,-1.1572245669982406,0
12608,-1.2987291692169052,1.2551138362227818,-0.1630662854436045,1
12609,1.7416335082299892,0.150855078802483,0.5592475339367742,0
12610,1.3108893157728958,0.0041925152862599,-0.4502791558508474,0
12611,0.6572110624410431,1.7434119670293575,-1.225611577543513,0
12612,-0.5820977607955438,1.248914750490825,-1.1900587263720197,1
12613,2.8138933010742053,0.6991582224034215,0.3708274451108878,0
12614,-1.8107419507424083,0.7212597152282156,-0.2289291270221637,1
12615,3.205467545759596,-0.3052210086693788,-1.3687594291376202,0
12616,0.0100420606939777,0.4728574247210284,-0.2353938711322245,1
12617,-0.7627534460001766,0.1336918248136031,-1.1152684886103297,1
12618,-1.885264783171078,-0.7185127329305979,-1.2777938128569877,1
12619,2.089856988618322,-0.3289583506856889,-0.3162383873051057,0
12620,1.0997746463665978,0.0618752970886736,-0.8657398277093435,0
12621,5.052724700856627,-0.7262676202084433,-0.4395176261759315,0
12622,-2.4234900688673267,0.0608048699816238,-0.1956468404331127,1
12623,1.5800272882789277,1.0381328899555498,0.8523103888931038,0
12624,-0.4930828954158932,0.3888259688769429,-0.2382609116059842,1
12625,2.1056902654614342,2.0950875242527007,0.1573113185757071,0
12626,2.921619673369712,0.4970462171900639,-0.1345513993651649,0
12627,2.5584280575962737,0.1693515352262035,-0.6332536859853548,0
12628,0.3237853950251378,-0.9908731601116364,-1.5371027590913728,0
12629,0.1931832072128138,1.840724644517716,0.0007231219901137,1
12630,0.7836874321273888,0.3654269509944819,-1.5256224240059175,0
12631,1.807682822417662,0.6246999270117339,0.0347459182034221,0
12632,-0.4545826785306014,1.2188276262857896,0.406079107517302,1
12633,2.5736672335752275,0.9886261140739218,0.1319521721740094,0
12634,-1.215896213243255,0.6520648895900969,0.4998333665163641,1
12635,1.705393676020657,1.1454241634995477,0.0301325366764016,0
12636,-4.542375693294696,0.011707754209454,-0.2191651761413635,1
12637,3.054175748669497,0.7013539395568167,0.6063314630337582,0
12638,0.2880089275999743,0.4311385900072455,-0.8597245519743415,0
12639,0.218732287527887,0.9359439796949116,0.2966437187116438,1
12640,0.2830563213297858,0.0096797960292252,-0.826382182176723,0
12641,-2.282239261306731,-0.1316504271343311,-0.5626327525070535,1
12642,0.2778604536213186,-0.0935134706219803,-0.7513492083257108,0
12643,1.9457654538951772,1.0467292224078355,0.1056732087086126,0
12644,0.977811615683615,0.7746318228917689,0.2664632712371299,0
12645,1.9623160748470607,0.0982274761383021,0.0212367794599968,0
12646,1.0015203359385778,0.2451179025668678,-1.9410224344469904,0
12647,3.976072265909755,-0.3996194221007789,0.7548747035902647,0
12648,-0.0289746572016691,0.2274501230931593,0.3045180675042246,1
12649,1.331739480712497,0.0039884061750755,0.7245752575840184,0
12650,-0.5791686070061551,-0.7098171239193292,-2.289879522501892,1
12651,-1.2833537245078137,-0.736164142527567,1.0959521065868647,1
12652,-0.1146585764412877,1.2897291308768792,0.1861479349510235,1
12653,1.5844086490525533,2.1056145349460604,-0.3663026330222534,0
12654,-0.264323429079351,-1.6665617862730455,-0.5306062796848612,1
12655,-2.091169822571225,0.6662774705803161,0.007987517101909,1
12656,2.791863387834212,0.5235081522853555,-0.4592927072026614,0
12657,0.9629494313896352,-0.1730578106077834,-1.114186122199808,0
12658,-0.0715133194774058,0.7562686111584977,-1.6387552397789216,1
12659,-2.65325949418414,-1.3034553981441763,-0.991952359552188,1
12660,-1.3683131750472497,-0.5812029836846484,-1.7053199670694996,1
12661,-2.2735520351937986,0.2306216770999365,0.2176090556374063,1
12662,3.468653635338008,-1.6394699716471046,-0.9542984911290922,0
12663,-2.234880396506751,-0.0944113973278821,0.6868301311474485,1
12664,1.770484196885727,-0.1633158764543684,-1.2757718380213543,0
12665,-1.8347840997740663,-0.5657130524747424,0.6774523589515007,1
12666,-0.1966136966357856,2.441143074984365,-0.5384688017334194,1
12667,-0.3250504768055139,1.0339473604930882,-1.0748654758845133,1
12668,3.626493880474021,0.7512403921147993,-0.5532046045746617,0
12669,1.222126287522212,1.6132008415182677,-0.1099622057573462,0
12670,2.0020431045977203,-0.0571678450336995,-0.8436188604935951,0
12671,0.8370347378832431,3.480629612718454,-0.5254478100585899,0
12672,-1.4550739738104903,0.301504644629083,0.301869328738195,1
12673,0.991708885560434,-0.4219712407403259,-1.4425633951578452,0
12674,1.017482686930813,0.4381708894464268,-0.4985296555427869,0
12675,-0.1422835462557654,1.3319989536011008,0.6399622117042887,1
12676,1.6632340077618926,-0.6780870550766407,0.1404750062808019,0
12677,-1.7251372861825411,0.4000592449402452,0.4750919629136272,1
12678,4.654136753157004,1.4485226207690862,0.2096214923236442,0
12679,0.2176724937654608,-0.0934276059013652,-0.1138467036188504,0
12680,0.6601143977022015,-1.7123387458459935,-1.9999502911891511,0
12681,5.014819287839482,-0.1860349455233338,0.7421962454147426,0
12682,4.816897317926707,-1.1403546908642332,0.2711007046314886,0
12683,3.974896377516163,-0.6105310649774014,-0.3840158139348537,0
12684,1.6744567617111512,-0.6612626571803326,-0.7323787033800793,0
12685,1.7389747590106033,0.1735363793776689,-0.2368711687041072,0
12686,-3.0506292037874645,-0.5065104300589794,0.2854972285323017,1
12687,0.9839053537654898,2.2619546838745768,0.2926890652261356,0
12688,2.3042635199414825,3.603899433181147,-1.2179101727279698,0
12689,0.6124568763659003,0.6742960287302041,-1.0728712294792204,0
12690,-1.5640970633924778,0.8823389683509612,-0.5114694272527004,1
12691,0.1537133101611549,-1.042618058452777,-0.1461226383786363,0
12692,-3.1289695848611414,-0.1830004090259803,0.5224708875229519,1
12693,0.5290628911124936,-0.1529259176516905,0.6468176924569786,0
12694,1.007073062431595,0.9458952179408826,-0.3585877424182053,0
12695,0.7794328889720357,-1.326027430359208,-0.7163414574361244,0
12696,-0.3431037772398973,1.195727351461207,0.3595054597963042,1
12697,0.1632887951458975,-0.1097953703530136,-0.6723582694587371,1
12698,-1.8537445421366043,1.0866232519507055,0.0528627911568702,1
12699,-0.6254344398368329,1.710433753220566,-0.1055834744734066,1
12700,2.7615730765586908,0.9360337686175132,-1.2899017853540875,0
12701,1.4605989710013192,0.3578476880596594,0.3439573395682661,0
12702,-1.8607418178965556,-0.5609490149800926,-1.4379671148400446,1
12703,0.2158939223165069,-0.1481224635081728,0.0969939596199313,0
12704,1.5310479136879678,-0.9111203970818638,-0.7091789119334047,0
12705,3.808629474190188,0.4045304238768757,-0.0722386216984243,0
12707,-0.7879767051740447,1.5127879809811402,-0.3255338829405786,1
12708,2.420204792440902,-0.6729260522020358,0.5989326988280637,0
12709,4.632367735669448,0.2527598567475653,0.2104290477984829,0
12710,0.4679137170593693,0.499217564528454,0.0234983525961105,0
12711,0.1216433135973153,1.8180041915101568,0.3853392378283397,1
12712,2.607340758331292,-0.6075657633713056,0.582777892537602,0
12713,0.8128468179184116,0.0393689408960248,-3.088384826037016,0
12714,4.199680477063965,0.6519072532733029,-0.4532598568758241,0
12715,-1.2778712332638942,0.554851370504599,-0.6717318847766797,1
12716,0.8943362348935038,-0.1290975873613406,-1.8497700112870068,0
12717,0.299993308730327,0.7754623230512384,0.088071391904832,0
12718,-1.4794080215996168,0.0252014315735832,-0.6906552628038276,1
12719,0.0907187438926101,-0.6154287943761866,-1.6902520602799227,1
12720,3.7437272929955743,-1.6696812340707723,0.0417443808156848,0
12721,2.307824910339193,0.2112638654060112,0.0782333909949107,0
12722,0.1214897018026995,-0.0968257192185389,0.153017149178786,1
12723,0.4018377636952679,-1.7872828096110938,-0.927448185346097,0
12724,1.80772231141758,-0.8432672098269401,-0.8657129736841486,0
12725,0.8889697634888849,1.319964186951648,0.6454375951888657,0
12726,2.1649729152869184,-0.1973614454963944,0.05923241020328,0
12727,2.699213770226802,-0.0552513319872005,-0.4704586660700718,0
12728,0.1864782185282942,-0.3834691938210998,0.2213527251085264,0
12729,-0.9350782472903052,0.8869320625122957,-0.6947537909296623,1
12730,-0.566271305645476,2.036538232733721,-0.1203997209599639,1
12731,4.196093792437398,1.218472525922614,-0.2539300628203574,0
12732,-1.9956280684864056,0.3028031956307917,-0.3998631787581346,1
12733,1.0342460162752756,1.2149153210791497,0.4461689557802206,0
12734,-1.0763164198245352,0.2650123379690079,0.4621465482066966,1
12735,-0.5224424486613313,0.9668353317096602,0.194320200518255,1
12736,-2.308940633622442,0.565372096915017,-0.3398566363687818,1
12737,-1.783137825526063,2.6204770737960907,-1.3281749159638838,1
12738,-2.3916837992005653,0.1065399810168453,0.1420583281986591,1
12739,1.244010241370168,0.9953755182412722,-0.2109917895354837,0
12740,-0.7381703807351402,0.6554254447794137,-0.9063175095007424,1
12741,-1.5687430672583575,0.419369451601939,0.5028303653881011,1
12742,0.3451768407764815,2.609758838217678,-0.0232260809566723,0
12743,-0.3193711132981152,0.2242480877914325,0.257233697650448,1
12744,4.041240089634484,2.0122198450356383,-0.1680923055664402,0
12745,-0.6118915991357835,0.8082300923874116,0.5188033031893542,1
12746,-2.079181217813032,0.7288898673772796,0.1619655775667251,1
12747,3.2734389188034845,-1.4643867219887432,-0.7031004273507259,0
12748,6.981028986344657,-3.3376967771248003,1.6251208144983167,0
12749,3.2070163733867645,-0.0701906753048298,-0.9686431444182556,0
12750,-1.6786411759912612,0.3679707863013148,-0.5645923663858058,1
12751,-1.3756793739428752,0.7159224326204884,0.4175298418292919,1
12752,1.8006265243524069,3.396321999679447,-1.6554585288420929,0
12753,3.979950846182186,2.458409365041757,-1.1746170141071364,0
12754,1.5206700744236796,2.010064019609424,-0.0307232695498335,0
12755,1.5058897223403476,0.8402783390993636,0.8099197314917512,0
12756,-2.669010866565536,-0.7010279559364009,-0.6207939046567046,1
12757,3.037853001817101,0.0208288695226529,-0.0559543370986777,0
12758,3.012288345496251,1.87963326527985,0.1725574949636016,0
12759,2.4845624250662093,0.6275281805540627,0.2389566091307081,0
12760,-1.5208323760748992,1.0548160246071092,0.0228183157365777,1
12761,-0.7866391049313505,1.0915537517398657,0.2630791285504896,1
12762,1.393363818957993,0.7864052982116478,-1.7738133170362174,0
12763,-1.042786705970417,0.2137965861794242,-0.2036625712061573,1
12764,0.2146542567332401,2.693449067894064,-0.6903914357081555,1
12765,0.2371768691266286,0.3371334132414548,1.1861102812735915,0
12766,3.6282031815335305,0.2650605221686644,-1.059713826253575,0
12767,-0.1396355185103554,2.143415404334361,-0.3119987102928832,1
12768,-2.5098472105991787,0.2397239427212199,0.1476227009914432,1
12769,-0.169792859915005,2.17420495135659,-0.724272357631205,1
12770,0.9150474602309164,2.541192383743611,-0.7867972089079373,0
12771,-1.9986285421032408,0.8164014268328016,0.0326185986715196,1
12772,0.2221451774191047,1.4492109427265385,-1.0835117590802823,1
12773,-2.9181710109745858,0.00173367433766,0.2837854839262917,1
12774,-3.3034774156322477,-0.3148485044138572,0.3318917004363622,1
12775,1.0770037199326548,-0.7806307919734208,-0.2906994674142593,0
12776,-3.937321821104774,-0.8640956312182471,0.6165425206323356,1
12777,-0.8868512204522143,1.5458478108063185,-0.0694484784877988,1
12778,1.3577864047767254,-1.0000720246547088,0.1110424376380418,0
12779,2.677082894700644,0.0403610370247965,0.3988918895442335,0
12780,-1.4993816014156054,1.1384607586435156,0.174133230519922,1
12781,-0.1260804441358563,0.5577903867395065,-0.660324083335722,1
12782,2.617304838629827,-0.7048107685903187,-0.6493129459314954,0
12783,1.6281177091677603,-1.024715037494045,-1.5212695102858411,0
12784,1.4131119734661917,0.1611957180327334,-1.176831587823182,0
12785,-0.2061606592399281,0.8725916395100983,0.4766159522149165,1
12786,-0.909903274237184,2.004987322181204,-0.2162500694768262,1
12787,0.2163787560418295,-0.9563646543891536,-0.9232388473395876,0
12788,-1.449548835220565,-0.4545648252646262,1.0449370518478247,1
12789,-2.3860952993957416,-1.318108510097866,-0.3281483074924703,1
12790,-0.7132154564998076,0.4886052280743737,0.0721529837132859,1
12791,-0.7620273039620961,-0.3035894310961006,0.978357607405886,1
12792,-0.4088442169712952,0.9676976344660788,0.0802424599355807,1
12793,-0.4207804208767367,0.6153853238714605,0.4895564044075695,1
12794,0.0806763859923614,0.509233306634457,-0.6330861091932694,1
12795,-1.211163069484112,0.1761217501324918,-1.7417282608058609,1
12796,-1.8826852026913936,1.2970974670724074,-0.1507207840947759,1
12797,-1.0930903492138364,0.6144984037755231,0.3142538203539894,1
12798,2.8004085405561288,1.7592584024018576,-1.918764026774058,0
12799,-2.122235318801549,0.5856299008533029,0.212085160005729,1
12800,-0.9826472969957624,0.2420662337167405,0.80135983338567,1
12801,-0.1040603416909515,2.3548677282116466,-0.2060798529611149,1
12802,1.3069660246658832,0.4266736149787997,0.8754398770482207,0
12803,0.1579336276817324,2.328300107507295,-0.2734402953924492,1
12804,-1.2065526827774462,0.0976312768375189,0.911740263659353,1
12805,0.0842396072250347,0.8115407988787386,0.6500339298136552,1
12806,1.0731229280541867,1.6953841799537734,0.5133754418996043,0
12807,-1.7106065250910478,0.9297421810710608,-0.1215360481763417,1
12808,-0.1093254332366415,-0.9857263312422132,0.0309379823677002,1
12809,0.5223886688637368,1.135127074047008,0.0720833412084782,0
12810,-0.9503318112377526,0.7393231932098745,0.5865705608901118,1
12811,-0.1635504068058342,-0.0020711309098309,0.8326174956851216,1
12812,-1.5622600099697923,-0.1722487947257323,-0.9597623476679776,1
12813,0.3030234480853399,1.5177413172780967,0.4362598015016393,0
12814,-3.114979004849737,-0.5714811257754389,-0.8021787010030084,1
12815,-0.1323020119827142,1.059419707247338,-0.3123136274131704,1
12816,-0.9705063336609564,0.1737745390610374,-0.3623879424367474,1
12817,-1.0523113923116914,0.2634784488612317,0.2905807905878743,1
12818,0.069486936071798,2.630832594315573,-0.987863585494106,1
12819,-1.0471737845901945,1.5826350546766534,-0.1867237524114389,1
12820,2.266488560600952,-1.4683953203208022,-0.6469961339391177,0
12821,-2.011667406685648,-0.5607481518817352,0.3071145005823709,1
12822,0.0610573904826684,0.711304775141163,-0.560508564868131,1
12823,0.7067082781058944,0.0005397942249687,-0.2771003221387436,0
12824,-0.9273779551638558,0.5295365221906133,-0.9424110439981492,1
12825,-1.4404085607781276,0.6458188310185692,0.4083685386325096,1
12826,2.1801203039505213,-1.5337138704976288,-0.6781991990893235,0
12827,-0.6575637687947601,-1.5509834515541183,-1.2486643785161506,1
12828,0.7142824835722155,-1.744868396043668,-1.093674202868633,0
12829,-1.227727412900783,-0.2577730329259062,0.7303452967609977,1
12830,2.196038589203911,1.4429548767042646,-0.9925913240108364,0
12831,-1.2635679941871485,-0.2063400305995802,0.4852871714862428,1
12832,-0.9373732360552284,-0.6049925789208801,-0.658284055183765,1
12833,-1.1933265378362157,0.8530879153540009,-0.5848575647694243,1
12834,-1.7426645161139762,0.7445492246418178,-0.2218225851522166,1
12835,2.121208648601133,-0.7874735039752836,2.5798008123955247,0
12836,2.6989906056908435,0.0463044831581005,0.8228400597926693,0
12837,-0.4686952895472514,0.5145154455582529,0.1641567186061337,1
12838,2.002819322853718,-0.4518812781511341,0.4961099186521655,0
12839,3.7474140048977578,-1.2010569376132918,-0.3378853029675318,0
12840,1.794693895200732,0.9150567509802392,0.509424465654087,0
12841,3.585573544034005,-2.0516445086506856,0.6483295278840618,0
12842,0.7613083077720907,0.5923693903206981,-0.2623474583362862,0
12843,2.576330549420922,-0.8433551875481727,1.350410521233218,0
12844,-0.1000410456245104,-1.0127873949284434,-0.0434141604578231,1
12845,-1.4169986802618155,-0.8942567991725631,0.9684313297219536,1
12846,-6.169384692749234,-2.385440402795145,0.8029165736963796,1
12847,1.2964358984947906,0.9349080073429734,-1.076896966329438,0
12848,-2.4521611720772443,0.5493112653675563,0.321607566830409,1
12849,1.843966611732762,0.2855996895726985,-0.194223541871117,0
12850,-2.231887574353945,1.0711067662896776,-0.5018109674786464,1
12851,-1.1304087801829503,-0.6294992489732212,0.2598075680358402,1
12852,-1.6776796085837196,0.7778748354677345,-0.1984943786844134,1
12853,1.719493821556384,0.2053608747488619,0.9065530544938468,0
12854,1.7573069024060872,0.3322314963923924,0.506844839153365,0
12855,-0.709171121376962,-0.2077648404796183,1.109254946517159,1
12856,1.7538131977310754,-0.5829547205929484,-0.634086367666719,0
12857,1.35755332964515,1.1400975520689784,0.4506766919731845,0
12858,-2.3807749859073835,-0.0587492546213686,0.4275229335943108,1
12859,-1.0184459515390083,1.6368382681551643,-0.19968982369444,1
12860,-3.717034960249485,-0.9640498755905128,0.9456196539478586,1
12861,-3.9280548015534897,-0.699134137108915,0.4515384426931572,1
12862,0.1377492991120193,1.3129056573809643,0.5551670624160244,1
12863,0.9089813383524294,0.3793543486931782,-0.3846351289697317,0
12864,-1.6712078599832825,-0.2702134302618217,-0.2209701935245785,1
12865,2.035573424161181,0.8724618557779374,-0.6205810468371791,0
12866,0.0945600090799083,0.9095763678323996,0.4016208008411309,1
12867,3.4602268010225914,0.2442066562960131,0.357382466881025,0
12868,0.9483955798230757,0.0296127900854543,0.9884394764120252,0
12869,-1.5505559579322927,1.1150211860728845,0.3423574591132348,1
12870,0.5603397689795624,1.3649370741412217,0.5106925978982103,0
12871,-0.5868303163603907,0.0038572232261171,-0.3215757461919312,1
12872,1.6461545069937589,0.1584137719250853,1.6704291427838054,0
12873,0.399660021233917,1.50725911322426,0.0232400504726905,0
12874,-0.199467894306109,1.2790471520792173,0.2609716340965114,1
12875,-0.0177747814812393,0.3755202817895069,-0.1953191531482173,1
12876,2.077147601678368,1.4069244669946754,-0.3971135445134586,0
12877,2.411455638329506,-2.1118768764163107,0.0555744200009564,0
12878,-0.2743365390601201,0.99899541426256,0.0355317949036602,1
12879,-0.9402463525779948,-0.485817950065626,-0.6542756975746589,1
12880,-0.8519994921195935,0.8023235846345981,0.320976908291703,1
12881,-2.569992798023809,0.6106748776837666,-0.5373137310422472,1
12882,0.1374296509517349,0.4945770800194917,-2.109532338062061,1
12883,-0.321985613394059,-0.9492427319001242,-0.3773901806171084,1
12884,-2.1095228062067832,0.3168401359925029,-1.0535717372764817,1
12885,0.4434328896630884,0.3679319413881426,-0.2397498321743437,0
12886,0.6604837775350845,1.1069005205011837,-0.584700344699855,0
12887,-2.1928820629245838,0.4786119353897133,0.0005639641940333,1
12888,-2.2354386436252525,-0.0515766228474758,-0.2463446525551511,1
12889,-1.5865025370139738,-0.7148716853212115,1.0558939296147027,1
12890,0.3561374496705011,-0.0319263798002481,-0.6399167022077216,0
12891,-0.6416093686367286,-1.2045643288537913,0.8469471162985582,1
12892,-1.8630452515792804,0.6856272194016256,0.0349762481605443,1
12893,-1.68522267717194,-0.6477342943435594,-0.8880609067118045,1
12894,-2.7166184160785387,0.1416283739340229,0.4209906511683179,1
12895,-1.0539307884048217,-0.5312724461033864,-0.5662232234371525,1
12897,-1.327228743074474,-0.5241726950113837,0.4294445294930267,1
12898,-1.5851436363420586,0.0154878714540318,0.7365870210986284,1
12899,-1.7175981570372376,1.0476780455838564,-0.1370188772596545,1
12900,-1.78550462985922,0.9998270036447808,-0.1456257740257527,1
12901,3.841467130034878,-0.127438350895543,-0.4144976770938094,0
12902,-2.690629177076126,-0.1809792906684346,-0.0310171248502418,1
12903,-0.3401074634064827,2.032252405736068,-0.209172837428476,1
12904,-0.2444639384482864,-0.5157791156798928,-0.8259190348759188,1
12905,-0.215365425073668,1.4749343590991135,0.4516941495783995,1
12906,1.699053749643325,0.202702836661879,-1.0060992534087072,0
12907,-1.28264774464675,0.5444232466212628,0.3384977894684199,1
12908,-0.1597152808585306,0.7204122809551,-0.3711564237346055,1
12909,1.8302985087459795,-0.0014719980329538,0.1784508037867235,0
12910,2.4789310748110003,-0.1160645144374702,-0.0228526873293543,0
12911,0.852210270839811,2.836077652978785,0.0508022317320212,0
12912,0.8495801215357772,-0.8975543786915469,-1.7436172052212715,0
12913,2.658171527683704,-0.5315295238984987,-0.8876579557683956,0
12914,-1.9367923988841,0.5954408481021248,-0.0051976086193894,1
12915,-0.1297042299107124,0.0467380413046121,0.3879884210832169,1
12916,1.6926772805578223,1.0082210031900285,0.3489224918966079,0
12917,1.350066150709699,1.1592899453329222,-0.0027720989198772,0
12918,-1.1875765494449897,4.752981399707681,-2.4418257342167484,1
12919,0.7288803817805755,-1.088508904546663,-0.8273611307733963,0
12920,-0.1555612187054414,-1.447154929013733,-0.2250484497958708,1
12921,5.240035535748003,-0.8551627033969393,0.8217344630251159,0
12922,-0.9184348011131972,0.907584061102782,-0.4319951852724581,1
12923,-0.2724985258430871,-0.1536636051552693,-0.1376458946008038,1
12924,1.1778284919579631,-0.5471367566470049,0.8207358660027455,0
12925,0.4387839264931008,-0.9866222548464314,-1.293988131896649,0
12926,0.703487182443604,0.8571754653871141,1.077283000241993,0
12927,-2.227625507562532,0.3875391498945211,0.051805692400945,1
12928,2.172017019091187,-0.2156028926672652,0.2928682865781217,0
12929,-3.089349725619155,-0.3348534834209835,0.0387517019240452,1
12930,-1.0634657429499004,-0.1894269319223714,-0.3428873919130542,1
12931,5.385698941905625,1.038152535634335,-0.0064201801264015,0
12932,0.6291670010370395,0.210579240485638,1.539075546130498,0
12933,1.4324087445250853,-0.9493182399402836,0.3835872249631549,0
12934,-3.351872120172339,0.4585629146736222,-0.076741061033196,1
12935,2.816290817715648,-1.4987557668979663,-0.7795554597534126,0
12936,0.5113096606514781,-0.5671520479297172,-0.6063832142165679,0
12937,2.0498275764041787,-0.4952764933944594,-0.1536598278286007,0
12938,-2.197693277038945,-1.113122760418355,-1.0115147159754465,1
12939,3.388811439493528,1.3537561805537752,-0.0968939407649581,0
12940,0.2254811129611851,0.5169868765207587,-0.4712790209357427,0
12941,-1.2622296470206469,1.3329065075828648,0.3026003852978788,1
12942,-0.47818138561206,-0.0788485487497699,0.3169578308350895,1
12943,-1.3114562502732758,0.6483028519440702,0.5132807296869103,1
12944,-0.467081887598838,-0.0406228135273679,-0.7860351441451997,1
12945,-0.265487590852073,1.0998019929337706,0.1486425636370904,1
12946,-1.669165717625007,0.9470607303074524,0.0082652903149803,1
12947,0.7858558869461932,0.076577156037396,0.7112442740043382,0
12948,1.5636587969993578,-0.806630961614725,-0.1021543626314678,0
12949,3.989485877899917,0.3182882643525284,0.595352561163242,0
12950,1.1422800493510972,-0.1712234522610412,-2.4669934132329656,0
12951,2.1053381987175888,-1.3468122406360732,0.0201949000308912,0
12952,1.0054122349805363,-0.6162621587955998,-1.1826256881784014,0
12953,0.2346714521371294,-0.12149758077321,-1.4149261946406306,0
12954,-2.668115300709363,0.3006455171029025,0.3184427171289317,1
12955,2.942320543655873,-1.1452179701423206,-1.5380747323837145,0
12956,-0.8319930775281211,-0.4091115196096411,0.9982951177674636,1
12957,3.5953823789261805,0.0044715596200323,-0.1479864551597137,0
12958,-1.2528426696325137,0.400631099142411,0.5386928692579233,1
12959,-2.6556839744721787,0.1539105615719243,0.1846381887754858,1
12960,0.303540512184079,0.8005115887936535,0.8047928875090643,0
12961,-1.7060918681152928,0.4202874826763432,0.3221089532904727,1
12962,-1.2418580768179928,-1.5142002910049928,-1.370568943121341,1
12963,2.165132919764022,-1.0721438615190326,-0.2086038775127335,0
12964,-2.5664596474876715,-0.1138673974099357,0.4620660628354485,1
12965,0.0509200995030474,1.3449412793483295,-0.6829752071660882,1
12966,-1.9174774069009048,-1.1053031977109975,-1.636435853454131,1
12967,0.8012306043931758,1.9919156662690125,0.0545954977723569,0
12968,-2.717135220918168,-0.4581667297055694,-0.5853038928341785,1
12969,-3.203738413890896,-0.0311099060483373,0.2421095273548408,1
12970,1.66309860249263,-1.808148097893858,0.1277370439344727,0
12971,4.3133501502199225,-2.637579807490639,0.9431750643891708,0
12972,0.1670431606925636,0.6111239889575968,0.9319608405602186,1
12973,-2.380196466939265,1.0596953615177087,-0.4881655532305071,1
12974,-1.4283295978647326,0.0316233376287484,0.1315494758425543,1
12975,0.7384268517980204,0.721987990087335,1.1146712977185578,0
12976,1.5828642618931985,0.5988659212376636,0.9396505009369788,0
12977,-0.932874692431109,-0.7256300058605281,0.7002846700173341,1
12978,1.1288054222742878,1.138912229095113,0.9109668728627522,0
12979,-0.6843513373145053,1.6750509464453789,0.3608726092427023,1
12980,1.9723731912593336,1.031193819870415,0.1876612854275277,0
12981,-1.1414604535996602,-0.6123472043265794,-0.8705403427277412,1
12982,1.405452661040878,0.4500248107859802,1.1205135516817164,0
12983,-0.8325156211390474,1.5871474777570116,0.1410429647078666,1
12984,-3.00562594365597,-1.4727872575807868,-1.3642841736511997,1
12985,1.5876580300913563,-0.3674374924371037,-2.485712587477379,0
12986,0.9062915365264256,0.3287160742769194,1.3561395127446925,0
12987,0.4372588868734926,-0.1500723515673899,0.2087415271835262,0
12988,-0.8673004588365123,1.238403881853419,-0.0605164618772788,1
12989,3.661319315685159,-1.1195655607141348,-0.5754900289379771,0
12990,-0.3087291410960151,-1.1890453478414644,-0.2431462638648604,1
12991,0.0854315735830736,-0.4453669313205777,-0.6219362184255898,1
12992,-3.681560639025461,-0.3355393342918212,0.4500794403858614,1
12993,0.7024800168190556,-1.211171314260499,0.1072540116401496,0
12994,0.6360422724093632,-0.7703057754979866,-1.528509124909614,0
12995,-2.347245806327603,-0.023541991135245,-1.0194405377214628,1
12996,-1.6013704544155454,0.980569434383539,-0.0940632562517984,1
12997,1.2900753711092228,-0.6332625524846026,-0.1060421604900439,0
12998,-0.0115703066325191,0.824740413889551,0.8449093313627958,1
12999,-1.0181786140716478,-0.3005279480373796,0.4657354365430569,1
13000,0.1376114992405798,0.0101861636923038,0.2774964041680984,1
13001,4.854110184449182,-0.4195906013086851,-0.2030800329472626,0
13002,-1.4369547854002456,-0.2697195540371601,0.6391457615775805,1
13003,-2.679984305595501,-1.7384961346693686,0.2059346061871878,1
13004,4.079047707789111,-1.0181280116373046,0.8196418252512451,0
13005,-0.1423980184120063,0.1381468988502898,0.4248645293660922,1
13006,-3.120410586251656,-1.258681396393429,-0.7270901312448751,1
13007,-2.666670319125334,0.3254747869949824,0.2400979254173706,1
13008,-0.7864619089528567,0.1877634431328088,0.6183813259920478,1
13009,-2.55564565023393,0.7751555643987473,-0.0294915541391301,1
13010,-1.6814211023714167,0.1218146651648699,0.3465364787393388,1
13011,-4.347242549642144,-1.2324925274893277,0.2568274638095935,1
13012,1.9496909005339935,-1.000728654804121,-0.2763675955315733,0
13013,4.234604097209528,-1.6053572915436691,-0.6591238988487951,0
13014,2.573096260054747,-0.2746817382130516,-0.3585005605613371,0
13015,2.815722630537748,0.4841442007287882,0.4822623915152948,0
13016,-0.1307093658571854,-0.0139434780292051,-0.1273265147075924,1
13017,-2.3820307986601548,-0.9189407694042768,-2.410493146927983,1
13018,3.791997322523071,-1.0927630356828428,0.9890890462950602,0
13019,-0.131969643589579,0.0580913011140049,1.0782282536103902,1
13020,-0.8958125664430497,0.8874011208108173,0.5651357860261005,1
13021,2.8611297959389126,-1.3202597690440876,-0.312696503975604,0
13022,-3.7516274871063686,-0.8594913626202733,0.3646287355582608,1
13023,0.5802689702845341,0.5944801987249887,-0.3299879683265646,0
13024,-1.201416918550042,0.6959422035141892,0.4099428134539059,1
13025,-1.759756395970204,1.1637543187352666,0.1698148544909874,1
13026,1.887614209333277,-1.9846023713887957,-1.3714084509367912,0
13027,3.035281967763636,1.3389774833229662,0.0857326901860131,0
13028,0.1073292248538661,-0.0354668919935256,-0.8985344661752233,1
13029,0.0487682410422343,-0.030232989711908,-0.8561438998557644,1
13030,0.3042199294774704,-0.2201216797428346,-1.1852723086494426,0
13031,1.748365402544826,1.4621237909667049,1.041323897277662,0
13032,1.649834331421831,-0.2216859092277927,0.4902675243282909,0
13033,-2.2898589788521173,-0.4221522376565002,0.4999503819137334,1
13034,-0.165424260441964,-0.1756435936485522,-0.2347237464397419,1
13035,0.3367477902798541,0.6443428761267548,-0.4544731020039924,0
13036,-2.5883126629444533,0.990231767809583,-0.1280256909235661,1
13037,1.9638847663010908,0.089446961379141,1.1439326700827472,0
13038,-0.3193468626445376,0.163897973763848,-0.3021880829708355,1
13039,-0.5428197947015447,0.5261192948832828,0.9355761291960324,1
13040,0.0364042307074171,-0.3743054066837417,-1.4111403650592174,1
13041,-0.7845488565204013,0.2102019207242576,0.812857763715042,1
13042,0.5683270359828303,1.3552132094756968,0.9595154217639034,0
13043,-1.1985049786057134,1.3543196110132305,-0.5216955462390918,1
13044,2.2637269468324623,0.6799529993776231,1.5004456854476782,0
13045,-0.2354514033856307,0.0940104310121537,0.0025922959597966,1
13046,0.242245087243371,-0.1095550475301055,-0.5571758008046516,0
13047,3.0396424538728644,-0.5043169168340699,0.7806104186837446,0
13048,2.3506200179896752,-0.2025616609835714,-0.3075946559520826,0
13049,0.1480961171907042,0.2320771765497976,-0.398815118757928,1
13050,4.056698917660949,-0.8958036858090362,0.9267417345886804,0
13051,-3.065334539234881,-0.6225878977834078,0.6204548689072498,1
13052,1.512042799481803,0.7116546446187204,0.8978025379672562,0
13053,-2.851858772712524,-0.030164475233733,0.5256565084524302,1
13055,1.5023774238264362,0.8400329933434365,0.0489334434058353,0
13056,-2.062630314337853,0.5511616502381631,0.308569084780283,1
13057,-0.6805229184812835,0.523741555120225,0.8136554615804927,1
13058,-2.0980174172193693,-1.6198235685661904,-0.7537693624092351,1
13059,1.0961755782610851,-0.1011296189757537,1.421157345256319,0
13060,-1.758162894357289,0.7057615636927,-0.3053147608541554,1
13061,-1.8503327143192232,0.058149814946312,-0.9034319593022392,1
13062,-1.3934731890545182,0.8239318043604098,-0.5187622282032093,1
13063,-2.341710694210043,0.3842374078607817,0.1762808473904408,1
13064,0.981049660061939,-0.7046242227807312,-0.5666721316302429,0
13065,-0.2432523344605112,0.1284872908543004,0.994221648306218,1
13066,-0.3799750482247307,-0.4631720523744495,-0.7146666676056024,1
13067,-1.0782668526150314,-0.533278567026172,-0.062864027762673,1
13068,-1.6881830316771662,-1.0014188131373367,-1.8674630609200145,1
13069,4.662622130287036,-2.148110988497426,-0.0682221116568523,0
13070,-0.8447688683795629,-0.1093685078671694,0.2806750137960135,1
13071,-3.085810076443224,-0.0383564236307474,0.3988438190964842,1
13072,-2.600870832967072,0.1058933361991125,-0.2314459954524446,1
13073,-1.2924962001932052,0.3634349995477532,0.4963094156648502,1
13074,-0.0730462442986945,0.9073562941603804,0.6868339835949266,1
13075,-0.247556950571194,1.766528055814617,-0.9836973949258324,1
13076,-2.9689094794678663,-0.0479737564245748,0.1896151630745729,1
13077,2.7174658890857257,-1.8166590151226865,-1.035471121785024,0
13078,4.844472332108453,-1.069339634339403,-0.0878283837403743,0
13079,-0.8324591673032424,-2.641650087189365,-0.9596323698716654,1
13080,-1.6719857957843671,-1.2678521992191645,0.7801677729914965,1
13081,5.931071804068062,1.1662036945575798,0.036368335542649,0
13082,2.729489923077017,0.0774902213961944,1.242806508678887,0
13083,-0.5073611197449965,-1.7485094106920351,-1.373061112493791,1
13084,-3.1063518816552285,-0.0072172919112877,0.0127015067262416,1
13085,0.864309118163182,0.1744689097627966,0.6687879044268568,0
13086,-1.1192426732847858,1.2059418665257426,0.0235537640895618,1
13087,-2.0531778848721425,1.0531590040730436,0.1589657106702562,1
13088,-2.125719688610779,0.539091399081,0.091287113250883,1
13089,7.098475305040249,-1.3521003583307978,1.039633428695837,0
13090,3.55819819504382,-0.4370006147374637,-0.0757734247312694,0
13091,1.1804115815363037,0.9151837671170292,-1.0427044791874795,0
13092,0.8488914174417233,-0.8239342286438969,0.726817985364214,0
13093,4.783056078930035,1.2155357622234355,1.812328592676757,0
13094,0.6944905658994804,-1.147938798027106,-0.3175257026391725,0
13095,-2.8256513078127896,-1.2296548854539602,-0.4251106336564824,1
13096,-3.2036339293575478,1.085322720422694,-0.9797243415938818,1
13097,3.788477935132148,-0.2061572447611477,0.939898980260381,0
13098,5.074582882406667,-0.4066526707321268,-1.2717072003594068,0
13099,-2.324434779518961,0.100075551626825,-1.0709480964485865,1
13101,-0.4125227008327893,-0.1660140880821105,0.7862204794281089,1
13102,4.208646697457913,-1.9043516340186688,-0.5125697935133892,0
13103,-0.2849939814029592,-0.3317910247529463,-0.4666018948731424,1
13104,0.9240400736061573,-1.6584579220645277,-1.2343389083996297,0
13105,-3.7349032349532,-0.634729597401279,0.0843051201641542,1
13106,-1.0006603577270674,0.4029493011842294,-0.3535701900068069,1
13107,2.524151846987849,0.4927613887554049,0.1648934739832634,0
13108,-0.4803435368945749,1.039002430269762,0.2440675183413811,1
13109,0.4211867778982674,0.3279729066789365,-0.2760561672664755,0
13110,1.6892388179329465,-0.7818513025713396,0.4990682596639579,0
13111,-1.8751687708760685,1.1361257814837378,0.1270355355371926,1
13112,-5.229536356823849,-2.0666217338030486,0.7754819985155519,1
13113,4.373612936139032,-1.3999096375174636,-0.8310537748570314,0
13114,-2.301792160010604,0.7226726148306958,0.3134177204240611,1
13115,2.86033346834343,-0.0527107203901458,-0.3139120341609541,0
13116,-0.7787681528452359,1.071017372869327,-0.6044870678670078,1
13117,1.7488999081955017,-1.69166698545122,0.8223197217414444,0
13118,1.488765019665203,-0.7256903330510672,0.0163908785854968,0
13119,-2.701997710918557,0.1273820862398241,0.4706071195670436,1
13120,-4.896116832045109,-1.8967903668226016,0.097876789114891,1
13121,-1.2147776248648785,0.6371617808897955,0.1164562801933185,1
13122,0.0968549471952551,0.7667224505200368,-0.3378565243446862,1
13123,-1.0443885358133362,0.6090834790876519,0.5651598942266033,1
13124,2.26591373377305,1.6630254450361337,-0.0945430665775383,0
13125,-2.614718014630017,0.0811002837962846,0.4190028251544978,1
13126,2.7126169501442057,-1.138738851167227,-0.2955929262473061,0
13127,-1.653672770586702,0.1267476139261431,-0.7748748121326994,1
13128,-3.177169931226419,0.8320044653674314,-0.4425471829167177,1
13129,-2.0086358152632955,-0.2017261129670735,0.6008355353761456,1
13130,-3.739930145970359,-1.3651853352965484,-0.534042536162922,1
13131,1.8643254963734108,0.0599196489518301,-0.2832162259823835,0
13132,-3.8351019888998983,-0.8605647412627359,-0.0912966810818882,1
13133,-2.50371056344317,-1.180997576141524,0.7332168754506706,1
13134,1.3589690610767593,0.3817918214832623,0.33990662169659,0
13135,1.2108093139430416,2.6209117903956503,-0.8018074249147209,0
13136,2.6594950139129354,0.2167295069670174,0.6172077063724941,0
13137,3.60853969422194,-0.4332242997813176,0.2777353750116427,0
13138,0.5297674538285195,-1.0315429719802267,-0.1441082568385976,0
13139,3.210451799646989,0.7994355433227464,-0.526466593517886,0
13140,0.3186807819523878,-0.2807948720888845,0.5936848873658459,0
13141,3.023327756675469,0.2168644479122233,1.0907077660281412,0
13142,-0.8987138675644448,-0.1258162811551846,-1.3726377780934558,1
13143,-1.422377084603554,1.302087471017153,0.0885804072120481,1
13144,-3.2274718051794937,-1.03341144684813,0.4692860235246932,1
13145,-0.5880943704906113,-0.9407411353105856,-0.377099254014825,1
13146,-1.458871439171554,-0.3650017695201821,-1.2034176467970543,1
13147,-1.2522081890172154,-1.1388581329744862,-1.6452830482066905,1
13148,3.457880573922141,-0.6566595936362332,1.058224409174066,0
13149,1.2540713958616514,-0.0881192443395253,-0.7925783133550844,0
13150,-1.8156327083489443,-0.0125329061603547,0.5383378345797306,1
13151,1.0120992457368942,1.6862246822030609,0.3196312705574854,0
13152,0.8643648301852688,0.5138480102245057,1.285637768085262,0
13153,-0.3174673573535935,0.0451556782371832,-2.2237899683579343,1
13154,0.5185477978037752,1.359243299750168,0.5366278665766693,0
13155,0.789930432739077,-0.6152252346910323,0.0563573708164312,0
13156,0.5496042725341216,1.3091852165490456,0.5778782670748159,0
13157,2.66159808974036,0.614777503572082,0.2352431642080087,0
13158,0.7054777676422811,0.1161524753048144,0.3246698279094249,0
13159,1.294298346285773,-0.4395674550946892,-0.8241059540898044,0
13160,-2.847533386517452,-1.4395642912718478,-1.223328824026629,1
13161,-1.368545066958809,0.3384364964902545,0.3046113643407396,1
13162,2.9852975280579264,0.6588343232856967,0.9991798047160434,0
13163,-5.705253191832123,-2.262583500553454,0.8418576431205751,1
13164,-2.083785016932512,0.3399113938615352,0.3426122721957731,1
13165,0.8527000145764044,0.5745072733089025,-0.5265788450007642,0
13166,-0.1817829581636688,1.068282147068938,0.2045788877720878,1
13167,0.7633113211740253,-0.7371981226808028,-0.3117028766898354,0
13168,1.2123238110299812,-0.0181066336172678,-0.0756689685769972,0
13169,-0.5283053741987149,0.0060568679003979,-0.4844608449123555,1
13170,-1.8649165707452944,-1.1969601278241582,-0.6718729038971509,1
13171,-0.5753810343737159,-1.0410132567569494,-0.4963978505526915,1
13172,-3.9682474381359407,-0.7489236085539692,0.0190576414172258,1
13173,2.1048965186229505,-1.524947179446089,-0.4178359664315164,0
13174,3.506613475757077,0.1490072098162241,0.1364816831950041,0
13175,-0.5301792686508849,1.2494280138666758,0.4729380117405075,1
13176,-0.2041458330423825,0.6589360154251384,-0.8680746990192841,1
13177,-0.9281473547683272,-0.0488460711628787,-0.5139501422376893,1
13178,3.765723552275643,0.2441495383092726,0.3632161221128236,0
13179,-0.8495948489348716,1.7276895344984091,0.0825335368605734,1
13180,-3.615664704035341,-0.4242299950064793,0.3528265936237287,1
13181,-1.5385970908794258,1.0260678551749127,-0.1124380364206878,1
13182,-2.083353079536057,-0.8482593246231562,-0.7127471764826749,1
13183,2.817955103934978,-0.4424817825200304,-0.5154122654096202,0
13184,1.5553828773810348,-1.337050057639457,0.2592325026107727,0
13185,-4.2839645084607785,-0.9436138051212178,-0.2573716257832407,1
13186,0.838463192052065,0.5531596607575693,-0.5732558006587481,0
13187,-1.151114650292655,-0.8584070987956097,1.2947825310125407,1
13188,-2.9646545525494434,-1.4598379986707906,-1.841193988363922,1
13189,-0.6551544419843068,-1.10543282591147,-0.6130973579839784,1
13190,-1.2187289335719222,0.2959738583667873,0.7146877681818891,1
13191,-1.99140264280226,0.2789880768380214,0.7996410123620165,1
13192,1.489440078107741,0.4550808965902358,0.4356546695899949,0
13193,-2.431010133668019,-0.9568166620282452,-0.4379375898883579,1
13194,-1.212172741619706,0.1802340283984995,-0.3052258943381319,1
13195,-2.2964700636582136,-0.1003292148504537,0.5652869020403481,1
13196,2.124783000291659,-0.2627739571385369,-0.5025190654727889,0
13197,-1.5461649073464676,1.2345513154883017,0.1011150013658405,1
13198,2.9000796747622024,0.0633272786716096,-0.4599008343233755,0
13199,4.028234532770202,-1.8283775981505117,0.2499369309373901,0
13200,0.2160269866756433,-0.7451707291719097,-0.5362729131957128,0
13201,0.219560645121519,0.7574921147424023,0.9888148374516336,0
13202,0.2308901594789612,0.1514749900960306,1.1837206827767852,0
13203,2.1460167752204464,-0.9450550063239672,-0.1005187652688198,0
13204,-0.2623416667627825,2.3504435817872005,0.0480917178518744,1
13205,-0.6584676944351616,3.4602515657361907,-1.655487443679743,1
13206,2.9769645426307028,1.2093663721018189,1.628205168219608,0
13207,-0.9010699138879006,-1.371915801151424,-0.8401105766060355,1
13208,1.472757250290231,-0.5775498660109545,0.8070485706090527,0
13209,3.315600959660929,0.3730292478190134,0.2981841978747941,0
13210,-1.0480383862910043,0.5764896461484622,-0.6896089339199167,1
13211,1.8930197193099665,-0.95618037901801,-0.2388505196302202,0
13212,0.3466724980062563,-0.5324528674163235,-0.447223097406655,0
13213,2.2160221452259288,-0.0786364939504025,0.6723905869668033,0
13214,1.7297485545781084,1.0267949547894544,1.3044666887016323,0
13215,-3.637475201317137,-0.5281023897821838,-0.0171693251417177,1
13216,-1.7681726372189015,0.9123259067385596,-0.5365001926760179,1
13217,-1.1524999024683014,-0.3231969160201932,-0.1753240930614975,1
13218,-3.2699292239942443,-1.2498051913332182,-0.1374499497005925,1
13219,-3.80862352633288,-0.6722851153673921,0.5854806120251358,1
13220,0.2259836583238834,-0.1276487443858442,0.1273128111485383,0
13221,-0.3706017180303897,0.9212270951150932,0.132097270751224,1
13222,-3.998598603849146,-0.3959260434580814,0.0483053372625625,1
13223,-0.6437247726194665,-0.3253420587783789,0.4662576799213775,1
13224,1.3364643481780087,1.592041778497398,-0.7456065065864294,0
13225,3.817031899666549,0.1066322858162168,-1.3105256640786551,0
13226,-1.51543343085073,-0.1221108923614756,0.454936479847611,1
13227,-2.075900201070352,0.43969749103305,-0.4659447453228243,1
13228,-1.844663425034783,0.5929271997013247,-1.3445217329136554,1
13229,-2.561361774923653,-0.073766381032549,-0.1815345767730669,1
13230,3.649039568078591,-1.9117766106394425,0.5120748469799684,0
13232,1.1727344034674,-1.194080550923834,-0.0553030301648314,0
13233,0.7275191743489895,0.0926966665380782,0.1706689121089818,0
13234,-1.4151425484554283,0.2563653277797307,1.00540801751958,1
13235,0.0077834152234621,2.0144572156959435,-0.5838145733991287,1
13236,-0.0732414592142763,0.0859286138466558,-0.9977961810268324,1
13237,-1.1119866968110503,1.6435596319675705,-0.3457810797434916,1
13238,0.1252699220814884,-1.162446583753525,-0.4492766030462388,0
13239,0.6699203655213849,0.5169407078092138,0.838163624602517,0
13240,0.8806080934758945,-0.6069788658457708,0.9756334019819976,0
13241,-2.5952267968828115,-0.3400766340532656,0.6157083891629517,1
13242,-0.6525881446882575,-1.152446995304679,0.6839294717470831,1
13243,0.5080298554503347,0.0624425692884666,0.983338820543846,0
13244,-2.4395697641633087,-0.7464850230609095,-0.2372158310513145,1
13245,0.0499699998246852,0.6187522049500158,-0.7464350895224179,1
13246,2.391441055298852,-0.6286540595638873,0.2586286015268106,0
13247,-0.6120713218872952,-1.3659408227845595,-0.538553745980243,1
13248,-0.9353490294421648,0.0961760846702847,-0.107853538514045,1
13249,0.4583069362251843,-0.571328765827119,0.51519919307055,0
13250,-2.096268941441336,-0.1937270037924962,0.6461776711255443,1
13251,-1.658028154654394,0.6601369676464698,0.1706526587083143,1
13252,-1.614316232342841,0.2649604978118552,0.3900446171584448,1
13253,1.4773748130914532,1.398982581359897,0.1040857050498422,0
13254,-3.9056961104828583,-1.1427589907125668,0.3794643870513802,1
13255,-0.0611053431518952,-0.8787871693621201,-1.159052017639473,1
13257,-3.045889005856203,0.0362614546519811,0.0405764378536322,1
13258,0.2528529086740761,-1.0327163807902726,-0.7307364234036926,0
13259,0.9544765641538088,-1.0103406698943718,0.9878920397511964,0
13260,-1.1840133492937084,0.9191121890458952,-1.4174463653914382,1
13261,-1.0186591927741164,1.1470847479773856,-0.4039289247560922,1
13262,-0.7842541556927752,0.0016953825849062,0.6450375549533433,1
13263,4.250153387544895,-2.324438930563377,-0.1020152748114686,0
13264,-0.5651772204708145,1.870115111129367,-0.1593027360505325,1
13265,1.2210264693185908,0.3225560121815495,-0.0948175300698637,0
13266,3.132028020153322,-0.8212271039055479,0.1940437373685897,0
13267,3.5932447792335664,-1.724941349307705,-0.0466250247552562,0
13268,2.469524661304706,-0.6755830397858436,0.3312457196497673,0
13269,4.001592956558138,-1.8283957462675184,-0.6098274334124903,0
13270,-1.8889523949534437,1.6615888019161502,-0.990920784704159,1
13271,-0.9222601722563386,-0.3676869576608039,-0.5531401059236382,1
13272,-1.587754620259414,-0.9975020374573924,-0.7054334556077455,1
13273,-2.120353131000888,-0.4240395171143915,-0.2675956242408944,1
13274,-1.5029063247928929,1.0633531461110484,-0.0720652982151719,1
13275,-1.6862478688271525,-0.3415958499204862,0.8746056918799148,1
13276,1.2714766166820597,0.1790382551874976,0.3120861164477706,0
13277,-0.67846223972748,-2.086805229280386,-0.2475137249265395,1
13278,0.9667493508096936,0.1011309695237954,-0.1937663852873819,0
13279,-2.4642838489722614,-0.5848972499871476,-0.6233707703861534,1
13280,1.3920971210402715,0.1925283962109423,0.7883606973755871,0
13281,-1.487161575574281,1.0509818375384146,0.0135588908780696,1
13282,0.469195950827101,-0.3258606154023719,-0.7771002417507978,0
13283,-1.1944003049928396,-1.3211104518528187,0.1587212456356191,1
13284,-2.2697891576567097,0.3127971834441604,-0.0254054177292238,1
13285,2.19731008996992,0.300222976002253,-0.262627596716885,0
13286,-0.6434958569843734,1.9611781548933025,0.0078905418614638,1
13287,-0.5499324184811413,0.6569092459155195,0.9034011784021364,1
13288,-0.9996916285526202,0.1182903335470711,0.6407909847643336,1
13289,-1.946284938096848,1.0512520534073726,0.2014398336820182,1
13290,-4.144814107950369,0.2675245962749112,-0.6575070610303066,1
13291,1.6560844260003806,0.0414858901945596,1.1496053512565925,0
13292,0.282731343242011,-0.6704970719034539,0.0103104751439507,0
13293,-0.0236415662928941,0.0541171736378129,1.1555669924287382,1
13294,0.7552410181455205,1.1496140647390756,0.216630541843278,0
13295,0.0401412001869431,0.5058758294987726,0.8281753445927267,1
13296,-0.0911072080621312,-0.7329257510554134,0.8653894995656796,1
13297,2.4565414972111,0.0508576121365495,-0.881247882495862,0
13298,-1.2287100879015886,-0.9126245432635536,-3.456414705984783,1
13299,-0.000257866483315,0.8659669441241046,0.3539404078318779,1
13300,0.0756023099697475,0.7868632197762844,0.0516718053610791,1
13301,-0.2991222192195464,-0.6049419497458226,0.5630162669875438,1
13302,-3.408643604733343,-1.1446266125181888,-0.1689661329919395,1
13303,-3.9315382516876936,-0.9567715675647284,0.2921389896998654,1
13304,0.1315410823023341,0.6039255275550082,0.7796269284549207,1
13305,2.557429279470014,-1.571543488132574,-0.2522425943931881,0
13306,-3.7339590370068128,-1.016055275255235,0.4523268411769041,1
13307,-1.754353403141777,-1.063941741549321,0.3026763316551982,1
13308,1.0497432491654322,0.0677841853604513,-0.6091886293699013,0
13309,1.6086517713572612,-0.8339521457815906,-0.6774726455870161,0
13310,0.9392347288422772,-0.2851122287751146,-0.2361538264734469,0
13311,-0.0879100467742294,-0.7734318064749033,-1.8507747129753,1
13312,-3.223438956051336,-0.1267477556302124,0.0799533927599167,1
13313,2.0571511740494386,-0.6350486672166049,0.2007026057602114,0
13314,0.6746681666034637,-1.2404974359339818,-1.7164074384677452,0
13315,-1.6225493763369223,1.075316339826642,0.2942624129256684,1
13316,3.6555240731171295,1.3931296519135303,-0.2315771492944006,0
13317,2.7165874797727416,-0.2304299185787522,1.0642726520447678,0
13318,0.0234508280625784,-1.6691774467178748,-2.340641910240205,1
13319,4.698284979780869,-1.3160991703033251,0.5240874734461219,0
13320,1.283938633408656,0.2367123156467764,0.3240963968516883,0
13321,-0.9111196673730548,0.1779292679488338,-0.6866054950653905,1
13322,-1.4225270587110836,-0.6931737386628926,-1.2359843510625266,1
13323,-0.4561494555485161,-1.7698916349726983,-1.7093928996637089,1
13324,2.890698450854936,0.3155390659007097,0.0582461756458028,0
13325,-0.8072275332688952,1.2487500008284866,-1.243082082554783,1
13326,-1.9317191880978777,0.8003199918021809,-0.0412993452550191,1
13327,3.091628199063627,-0.0721750218379328,0.6497048932474134,0
13328,-0.1262803393365102,2.483690534918501,-0.7869613655105949,1
13329,2.18049180677384,0.4651938976924512,-0.2644172594640235,0
13330,1.4407432842135293,0.5789127251947808,0.2516000462414841,0
13331,-2.289287661638902,0.6378145412655074,-0.1138915162984055,1
13332,-0.8812529241983562,-0.1016420513281305,-1.6262714278957622,1
13333,-0.07865676608828,0.842646274381834,0.6634391988949389,1
13334,2.675767165611041,1.6443290934304928,0.0237730683358893,0
13336,0.062815805918307,1.4082813254237412,-0.9290076459524804,1
13337,0.5647131155166586,2.8305465765055344,-0.1697660731238792,0
13338,1.1814204281765894,1.111798949467325,0.2620811847199084,0
13339,-0.207704795546092,1.7758502784168737,-0.5317030413011006,1
13340,3.9840851843588334,1.7237179204346735,-0.137078622532808,0
13341,-0.444694887051601,1.7537645227033558,-0.4292881009572346,1
13343,-1.479735830534436,0.737652113012012,-0.475242736044782,1
13344,1.3115839252535133,1.2330736839779597,-0.4077124176228727,0
13345,-1.467338608716498,1.005708548631348,-0.280972817604383,1
13346,-2.2505934146490745,-1.3815656795567826,1.208912281946793,1
13347,-1.471497749186203,0.449053779797985,-1.0902829934113885,1
13348,-1.6954678615872467,-0.0453484966602761,-0.830878553481584,1
13349,-1.1191225885940677,-0.5409577225363089,-1.6246902510493224,1
13350,0.1247532165445359,0.2114158000670973,-1.3484110491039103,1
13351,-1.3469614172679445,0.4665581418301405,-1.021998862247968,1
13352,-0.8387994178603665,0.5552518599115895,-0.9356915894389344,1
13354,0.0510033991749639,1.3125257200894234,-0.929713403120999,1
13355,-0.4834750061104541,1.3602268440826284,-0.7876920993141427,1
13356,-0.203143858449105,1.3544390713797307,-0.9764551816829574,1
13357,1.9298351266346352,1.4613070278105529,0.7573395351604159,0
13358,-1.0245488765030673,1.1473850095812514,-0.2353585467868574,1
13359,0.1189246375419308,0.7472133799157333,-0.6138126929016235,1
13360,0.3569517024257992,0.960063045519388,0.7686221125573504,0
13361,-0.2540771026041389,1.787639771687973,0.0003664161784937,1
13362,2.7534325708126763,0.2950530928163441,-0.7879568093834957,0
13363,1.2040242131692005,0.4038263586337676,-0.9413055009457384,0
13364,-2.437940635613244,-0.6443229038751405,-0.6332879604861154,1
13365,1.4717590683033384,1.4171337426647763,-0.9888718348019744,0
13366,-3.397111250102826,-1.601245076645654,-0.7933423347068812,1
13367,-1.1584035804344528,1.4770262524381146,-0.1899897561805144,1
13368,-0.0141067062203329,0.4089477054239122,0.5919648405530301,1
13369,-1.7888968967627463,0.845444231392169,-0.1413039519297446,1
13370,-0.5174303466860477,1.8531863847766528,-0.261245769788084,1
13371,0.7554858255290148,2.356467213452396,0.1227836119995704,0
13372,-1.1847628551477674,0.5900220758438891,-0.7713042205232705,1
13373,2.9637630445258245,1.539315153772995,-0.0453729897487151,0
13374,-1.6142288512034528,0.3498409409071347,0.3582312146531881,1
13375,0.8630121298338066,1.5189057974672462,-0.6168411863220832,0
13376,0.0330477200292037,0.3583635633491753,-0.0754557264777187,1
13377,0.3878627187436495,1.8258283150884047,0.1704350904219859,0
13379,0.1220139925906164,-0.7334708065608855,-0.2398542669419919,1
13380,-3.82963013602445,-0.8693768974384678,0.2975153090758917,1
13381,3.0267723943553158,0.4861592956702721,0.0972210060503388,0
13382,0.410715112352301,0.3738570250667294,0.8828554731762296,0
13383,-2.3545828922934118,1.0924016192949582,-0.459382372181832,1
13384,2.8766332503065075,0.3454707654149414,0.1496705963841278,0
13385,-0.8555405493978824,1.4239456892103777,-0.187492827148093,1
13386,-0.5697403795188799,1.17448694423004,0.1871562623146238,1
13387,-1.719646986526507,0.2626482033322008,0.5806767791242226,1
13388,0.3416735707701843,0.6246939190852432,0.1121887696511654,0
13389,0.2568227472690511,-0.6563666895600563,-0.96857622905513,0
13390,-0.9512352935622648,0.9733442110537875,-1.1624219250205867,1
13391,-4.661673708753193,-1.2913892585112945,-0.3540096874914934,1
13392,-3.189484681275139,-0.3054550848297921,0.5733633659047607,1
13393,-0.0818683162277625,0.6913080668449244,1.0223651785138634,1
13394,3.6089283203748743,-1.3412589606571492,-0.5244584354912846,0
13395,0.5810952888870597,0.7874466908428747,0.3591658005913091,0
13396,0.5420888874592629,0.8155863571577743,-1.1481368965709604,0
13397,1.4422697618775988,-0.0838049468812683,0.4828441199949916,0
13398,-0.5756731264555532,0.6318145499334942,0.0242853604897234,1
13399,-2.18139351524517,-0.6006710076112466,0.8249542646369803,1
13400,-1.512376634079864,1.0335438719358871,0.2377799972475771,1
13402,0.3839413652742774,0.2929276356277483,0.2930927830580835,0
13403,-1.7485456715262964,-1.880840500324054,-0.6438965300587516,1
13404,-1.0558581796137243,-2.218971409515967,-2.346459893138591,1
13405,0.2964398649475694,-0.4355286337633808,0.2719041758807568,0
13406,-1.4315515994631554,0.770163597207882,0.0494588404019074,1
13407,0.8933887538980985,1.8727648167081632,0.6068880435364394,0
13408,5.925508070394986,-1.4615071956842691,0.3072092370394763,0
13410,1.0100548320506972,-0.680675746075263,-0.2258624910026806,0
13411,-1.995326654436776,-0.0233430683813781,-0.5310198468844656,1
13412,-1.2101485836120007,1.502994093346227,0.112738667982675,1
13413,-1.053558902228651,-0.903002383719036,1.7963755320588668,1
13414,1.2136410395767354,0.6168761770191281,0.3618705742135022,0
13415,-0.2521650302250824,0.1798385679317455,1.2131434582366296,1
13416,-0.4794289557776525,-0.0176939967078127,-0.7364554096041184,1
13417,1.0881098516964411,-1.0355044036587724,-1.0346177185077712,0
13418,3.922546435664763,-0.8158036976661789,0.6036470478007949,0
13419,-1.4782727934643325,-0.0647367978773392,-0.7295773968237624,1
13420,-2.484668676988634,-1.045537227070852,0.1509867412028947,1
13421,2.2191857197565663,0.2918701077824796,0.157122424108707,0
13422,1.5851939902632923,2.6860028381705736,-1.3116797095785189,0
13423,-2.152228189586552,0.514545933794926,0.0640086357201189,1
13424,-0.6221058027334255,1.640358563619337,-0.0043349086188666,1
13425,1.760374107333064,1.0862602047250352,0.1889852287459111,0
13426,3.732201578141289,-1.537050860321323,-0.939760250019777,0
13427,0.4412431410719782,-1.09411857880082,-0.2587971844017865,0
13428,0.1273594629054585,-1.2980734434249466,-0.5341164434760649,0
13429,0.8282035662483089,-0.7108513717680487,-0.7370758982288939,0
13430,0.2062702747354348,-0.0805982299160744,-0.9568224068162904,0
13431,1.6955691111237532,0.2312671801991269,0.360018094248539,0
13432,-0.9195824111933836,0.4601929983209066,0.9792312398939436,1
13433,-1.141851091499135,-0.0038816433113367,0.913703433835147,1
13434,0.3194555947948997,0.1894812600366492,-0.2222873298836833,0
13435,2.540091027807583,-0.4290274964525256,-0.9072483520226284,0
13436,-1.3928940649836044,-1.420433988415255,-2.448888412800527,1
13437,2.0251957001272527,-0.0975993782035246,-0.4623139352022208,0
13438,-4.794034135828086,-1.1825633153593782,0.2768052619093307,1
13439,0.392638484086668,0.6380167962705259,0.7114794660233135,0
13440,0.0276559203252397,-0.0387283145920347,1.2841336152776612,1
13441,-0.2873559092389377,0.4997716268214187,-0.3638568352328261,1
13442,-1.5589439173340862,-0.0668711848444113,1.0933176314721782,1
13443,0.5322211353138161,0.1460892820145926,1.5410026186206802,0
13444,-0.665853899838908,0.7514892915437592,0.4605529267715308,1
13445,-2.202332470642534,0.8019267077211427,0.0759934804158649,1
13446,1.612808562346392,0.6075453915661299,1.4804710069596152,0
13447,0.5083857072307273,-0.0119318905466632,-0.7493601108115631,0
13448,3.3869650890196006,0.1876788159582063,0.032295898756938,0
13449,-1.090416989310773,-0.1066008379757852,-1.2957273934913915,1
13450,2.1493020841344244,-0.415995301672266,0.1570949339703175,0
13451,3.391677202605539,0.3247551338487585,0.3408988814369779,0
13452,-2.6543527458182976,0.1350731201083999,-0.4416611486626503,1
13453,-0.485193568541319,0.2254339228724799,0.1955112520487339,1
13454,-1.90552641640868,0.6603093699404949,0.4321458824317069,1
13455,1.23026665802034,-0.1757179337873987,-0.305866980117166,0
13456,0.9055317188771462,-0.5112823532677822,-0.5140513549005777,0
13457,-2.812148628385131,-0.6280675570196174,0.9308401206826185,1
13458,3.924636214147261,-0.0195195636296705,-0.3416558230251106,0
13459,0.0907560787406869,1.6830950476187485,0.4845595178848693,1
13460,-1.529941734028626,-1.398545654855388,-0.4578519797514219,1
13461,1.729522455142477,0.7981916534453879,-0.5866424068066229,0
13462,0.1751657551839034,0.1275364543778478,0.8731325576781434,0
13464,1.6733020184512657,0.4953052496724426,0.0879942347074746,0
13465,-0.3471197859525584,1.3135800668958058,0.2673714448304288,1
13466,0.0306553142785313,-0.1141808034657988,0.7127656599489803,1
13467,0.7854641708589996,0.1975597851962751,-1.2881428582898788,0
13468,4.301582143490446,-2.5165538528735567,0.4810325890308584,0
13469,-3.4834162491436227,-0.4474220358589149,0.5118246803034421,1
13470,-2.4246075007623284,-1.1451364323138118,-0.0924890196253995,1
13471,2.478386024875724,-0.5525953677158055,-1.9408574791469024,0
13472,-1.010348824981062,0.7998093211182665,0.3813688532296702,1
13473,1.2186769808696558,-0.0517887953054186,0.2508252960837922,0
13474,-0.2977727716698769,0.0791418625733678,0.7856344738374262,1
13475,0.505315494790741,0.5993487287443819,0.4551657163444819,0
13476,0.7902310413628376,0.6406345437181098,0.5053440540972635,0
13477,1.784998331060204,-0.5609976716360447,0.4858924226985721,0
13478,0.9151047025728376,1.0637619958612756,1.0278215264771018,0
13479,-0.1258051751235906,0.0353318592941302,0.6212146356588473,1
13480,-0.7291470701484012,0.8187797643323631,0.4454598729562067,1
13481,2.1019626102904376,-0.1760193115239391,0.5234255821123537,0
13482,-1.525342156674241,-0.0802698194602839,0.2575179807500986,1
13483,-2.1448968448981054,-0.5717108004953021,-0.6409634872494421,1
13484,-0.6305681888006343,0.3284514741465928,0.3786571113368365,1
13485,1.4978155014235652,0.1015816545077795,1.3390285423525472,0
13486,0.3890903286026254,0.388041243080913,-0.1035451355628529,0
13487,-0.2238017608618751,-0.7177387065863916,0.1023877052437973,1
13488,4.027708054462925,-0.0528041684034826,0.4104113337790788,0
13489,-1.021863501257286,-0.8434173997461568,0.2500972975750625,1
13490,-3.143730729443481,0.1808810793976572,0.2335172208481901,1
13491,2.2720330717172303,-1.220073919088721,1.3398392992700878,0
13492,0.0252066433887989,0.6995387448908605,-0.0895309081674654,1
13493,-1.2478500719604677,0.7389305636034008,-0.2200409869016343,1
13494,-1.63274941305481,0.8164259105022856,-0.1601095129605837,1
13495,2.327391926892243,-0.3092337071667346,-0.7677729713448794,0
13496,-0.1422832645896999,-0.3373430060527994,-1.3818933539933174,1
13497,0.0108781398720434,-0.0831440684515914,1.0151373344090793,1
13498,-1.538641760899166,1.193394180945539,0.2537788424884483,1
13499,0.649238496794814,-0.6733375386497781,-0.5267199081062456,0
13500,0.9305973559621062,-0.0990660239874132,-0.5137964634800835,0
13501,1.1448272391436676,1.8946535002549052,0.1529039761702032,0
13502,0.008044381966963,-1.1915034683436427,-0.4445368990844978,1
13503,1.234176355799992,-0.0257573052274823,0.4760484892521532,0
13504,-1.287400283988594,0.2145913250672826,-0.8156062815792988,1
13505,2.1759097985749523,1.533203998062152,-0.217705652823791,0
13506,0.2882907901934241,0.3907018296026961,0.8816610113338545,0
13507,2.1353278066334007,-0.1809400762435426,-1.522119515829656,0
13508,-1.5687883029718064,-0.2507217170686398,0.4344585203062436,1
13509,0.6890120895424617,-1.5957560858662123,-0.4446095020169444,0
13510,3.114216861835426,-1.2359132464091884,-1.3188369682048573,0
13511,-2.562830589260205,0.9318040016267636,-0.1092893966626714,1
13512,-0.5996826948906852,-0.0931765855539627,0.7019736305035907,1
13513,-0.3833901072359878,0.2006444383981072,0.0388514198073741,1
13514,-0.6089903398928813,-0.3622658570850159,-0.166345953719476,1
13515,0.5383235064173649,-0.4231282266396279,0.418289735378364,0
13516,1.0295335923487914,0.0564594919350859,-0.698807970822976,0
13517,1.3495951019695,1.0299218094189608,-0.341894865452808,0
13518,-0.3730785482082758,1.171809542803918,-0.874039614619825,1
13519,-1.4232010558917825,-0.4408608220945892,-0.2981628376618087,1
13520,2.371954722902536,0.5642055752508124,0.2106973870702141,0
13521,1.7170451972098555,-1.169112139696602,-1.7194392926784223,0
13522,-2.6791355966724435,-1.01506082281568,-1.1954423997408996,1
13523,2.2815898609922667,0.7362302235520154,-0.2593402861520006,0
13524,-0.5547664620172092,-1.057746021187176,-0.1158244197011596,1
13525,-0.7223489342074254,-0.2026675130666732,-1.636412389868778,1
13526,0.0536851383055268,1.8299067289044624,0.4124598640036252,1
13527,2.552239421428518,-0.2121946217570259,0.5300189706123025,0
13529,-1.764468971413644,-0.5862030182210161,-0.3323120355856707,1
13530,-1.423240793488575,1.3538089689141533,0.0836303080931856,1
13531,0.1563855558723395,0.0383697118369641,0.7149882279961527,1
13532,-1.1621124778564074,-0.4362713137737113,-0.6734516260380315,1
13533,-1.2725481184487768,-0.9710437653596616,0.8971675075235325,1
13534,3.5317205005261108,-2.043987077194088,-0.1489421433821478,0
13535,-4.242860118732131,-0.5727600447717522,-0.1850609133926746,1
13536,2.540204265386535,-0.9122477454538864,-1.8020672560306223,0
13537,-0.6701211394960103,0.9706090378404292,0.3719461252916467,1
13538,1.5775560041791414,-0.5860372182295671,0.5174526556323453,0
13539,0.65853365500023,-0.3573162569067056,0.5438446075173355,0
13540,-1.1046135039841607,0.3065626032747304,0.6902828918214688,1
13541,-1.0913357529269825,1.108872844737602,-0.0252565273757915,1
13542,1.2990260282015087,-0.0948506311246163,1.7222152393844443,0
13543,-0.2308606899006153,1.868986571283093,0.2079248855537462,1
13544,0.4288278925887084,-1.250760665484163,0.6455893773346046,0
13545,-1.1423101222956624,0.1647501847292078,0.7408826894465904,1
13546,0.7897458327640928,-0.9808808239744982,-0.4355247170962437,0
13547,-2.0967547064802026,0.1217257061982719,0.4730358379180401,1
13548,0.4281479117915139,0.1676864449565303,0.3324447775292781,0
13549,0.3271998117147867,-1.4272446853750558,0.188987126107173,0
13550,-1.047688252999924,1.0066963733821148,0.161147971427953,1
13551,-2.759340620858284,-0.3828872979583251,0.1313257091578405,1
13552,2.619541342080272,-0.3617172503785542,1.0759539381725725,0
13553,-0.8505143531994134,1.529869743179188,0.3998227718176568,1
13554,0.6152963966274511,0.1319211058911338,1.4319941993926824,0
13555,3.092233567311585,0.7119174944278337,0.6705582608886933,0
13556,-2.42506953227956,-0.4277460717803477,0.5500764827037325,1
13557,1.993016522124594,-0.8124101639783297,0.5040562930618208,0
13558,0.3752982562701623,-1.6183360088930487,-0.6284685773869658,0
13559,-1.4510565200823464,1.5113570132519718,-0.5010798878961703,1
13560,-1.4771928672558967,-1.2057292414312004,-1.5492205943741653,1
13561,0.9740373996447932,-0.5214315049148222,1.5297028689921688,0
13562,1.8677115964489683,0.7260712757205817,0.2030917494630516,0
13563,-0.3626656628338622,0.4760344013497512,-0.3909854875473888,1
13564,3.9282707751103776,0.1478031085210775,1.8852501294412944,0
13565,-0.5357104006005482,-1.222365469997717,-0.4467815809396832,1
13566,1.4722994223956545,-0.076559652623555,0.2435257402899931,0
13567,0.3441254535014834,0.4849341099723357,1.2258681094242625,0
13568,-1.925836502976068,-0.0490612677023173,-0.0148786674761762,1
13569,0.3796213763632373,-1.0554286976977294,-0.2007506627865832,0
13570,-1.6668613105064791,0.4113056865932653,-0.0361270956337887,1
13571,2.843404556869932,-1.6147143429112527,0.823633497206577,0
13572,0.1298471187569161,2.362556895098747,-0.8653158980193767,1
13573,0.3255262554691417,-0.9391853891186936,0.4268601829013375,0
13574,-0.7934234846506418,1.1602212490122938,0.2907204716898897,1
13575,0.0007161638387328,-1.1820428827102434,-0.175390205308799,1
13576,3.495282029077545,-0.7660988689113508,0.1864997277203454,0
13577,1.9246716216759183,-0.4774555960669313,0.14579419897391,0
13578,-2.5574861724659925,0.0796191851842535,0.1534400013606075,1
13579,0.8957478017162207,-0.6233079531855592,-0.5089801083301555,0
13580,-3.2862750974462944,-0.3159336216250886,0.1073546496946564,1
13581,-1.702740271329778,-0.2315871699748718,0.578008588574804,1
13582,-2.2699972908467707,-0.2805735102514566,0.4559023831198989,1
13583,0.7202464779910345,1.4504611962487284,-0.1394587689393568,0
13584,-0.854379857449683,-0.373973906923672,1.0491103878719763,1
13585,-0.4166249931651019,0.5657285810202018,0.8536061926957811,1
13586,-2.839351898354118,-0.0999912369285638,0.4914312075795423,1
13587,0.4156123366378755,0.4130478651796016,-0.3885492749122895,0
13588,1.9599594779440803,-0.7015474610894845,0.0080628082335284,0
13589,0.3329713369384396,-1.1410534814314663,-0.4015988352896483,0
13590,3.2422362927861617,-0.7470542138715378,0.2476677903576207,0
13591,1.073173539592731,-0.1314544656778371,0.3488233838995977,0
13592,-1.7561767362923049,-1.9874825852532592,0.0068450659467751,1
13593,2.339979445771791,0.1588099582221789,1.0521125223249668,0
13594,-0.5170313897073743,-0.0312247555619446,-0.5070468921573957,1
13595,-0.2841360960472389,0.5580685408666546,1.058931381195232,1
13596,0.543514471498769,-0.5752073437858192,-1.253104835548028,0
13597,-1.49018377416136,0.3035072845701616,0.4026024864819216,1
13598,0.0688756351264463,-0.9348271408416392,0.3051105294971239,1
13599,4.113338953534254,-1.9099762649429997,-0.5237505333571123,0
13600,-0.7083856748398651,0.5506487903792628,0.3964495793033533,1
13601,0.9116828457467544,-0.1540444849818134,0.1214513815266157,0
13602,0.1709486323864986,-0.158773573108078,0.0051552541940581,0
13603,-1.5217210572544313,-0.7449253486058143,-0.901765028300846,1
13604,-0.976338681874243,1.9886315794340368,-0.1492627115456303,1
13605,-0.7308006508107514,0.5941858677898054,0.568795985693553,1
13606,-0.9445919641546624,-1.5158997261712737,-0.0778134127051542,1
13607,0.5458791376545378,0.6080860457134338,-0.6380407571233346,0
13608,-1.915165564585404,0.6121980640990763,0.3706596702874827,1
13609,-3.184547425026449,0.224846871226862,0.1005682703289044,1
13610,1.8708843585852888,-1.704486885349065,0.5395166569215348,0
13611,1.861552520760818,0.0080210849229187,0.8288864222327119,0
13612,-0.3946244736807763,2.126499285360386,0.0296906423864897,1
13613,-0.2365942475031642,0.1868264899780621,1.1069698062463098,1
13614,1.6448045586096482,-0.1716010386988122,-0.0650030360387532,0
13615,2.356895434225865,1.4610119079302586,1.039170304572021,0
13616,-1.706908723654034,0.0097800040961409,0.8711705078213594,1
13617,0.4779677336443804,-1.0194544921647777,0.3010586895887673,0
13618,-1.9370769164496415,0.0265880032824536,-0.2097837390206487,1
13619,-2.038931488783513,-0.3196776058362837,0.9821895577880768,1
13620,-3.1532081706257222,-0.1499942357602395,0.2384208901670684,1
13621,-1.4948978140104592,0.1078502403752587,-0.3727898513994012,1
13622,-0.7752447841782779,1.9264137276311728,0.0539528193405461,1
13623,1.7246054053333166,-0.6875356497030443,0.4821637693154829,0
13624,-0.8188983487033016,1.407312159368685,-0.1002400306414564,1
13625,-1.7798266346174507,0.9651508587098538,0.2022298080794203,1
13626,-0.4822421149003852,0.785818819598196,0.1825288741546996,1
13627,1.442224802617358,-0.0541195674693935,0.3817097328401391,0
13628,-1.963351764113061,1.028508715078065,0.1591466580367211,1
13629,3.053558127705887,0.3586427878487425,-0.2903350841323285,0
13630,1.5048122171224594,-0.9630467629008452,-0.9640228295713869,0
13631,0.2546075288286896,-0.1328473031757938,0.0591950457441779,0
13632,2.097982927438083,-0.0053557436506806,-0.0446311231566546,0
13634,2.578913968909428,-0.5324789334735863,0.7268195340799722,0
13635,1.7106965581614155,1.0820009914784905,-0.1592093026443811,0
13636,0.3033363462696026,-0.733337022252619,0.0242794859723747,0
13637,0.1022704300144695,-0.1527423981089715,-0.1227090206929025,1
13638,-2.212246805173377,-1.2190894653373372,-1.326784729873974,1
13639,0.5637954222114337,1.143377167257331,-0.632205296258366,0
13640,-2.1514827957150127,1.3394568921741152,-0.3507430049931171,1
13641,-0.1066457056664245,0.3458723065018918,1.2801518149459663,1
13642,-0.6948371857044956,-0.6922638608435229,1.0736399445305032,1
13643,1.199258927680903,-0.8281295088141929,0.2617065421777815,0
13644,1.934987531990667,0.4568240452088666,-0.7515436755943721,0
13645,-2.0235441384027024,0.2940858387051884,-0.8123694557494244,1
13646,-1.5649377068360062,-0.0308874773942622,0.7600204471207466,1
13647,1.985570076941919,-0.4823074723161277,-0.5230739767476581,0
13648,0.6624288705333479,0.105373314787966,1.4364864823568415,0
13649,0.529439393923107,0.1281629521787522,1.0512960833316254,0
13650,2.035942926707739,-0.5432858737704819,-0.0345078169985694,0
13651,-1.9325877511951224,-1.7290536414312625,-0.2496223931822871,1
13652,1.4424785127777129,0.3266461712016663,-0.0585842281996819,0
13653,-2.7422139767982023,0.1338624211785753,0.1897021413897307,1
13654,2.9189859816984702,0.3879238832938573,0.4238269599038823,0
13655,1.1872252154314278,0.3808083155875251,0.4890550842641484,0
13656,0.3466564098075089,0.2190031226351252,0.579419860393749,0
13657,-0.8841181505857029,-0.9381077158832656,-1.291040952139997,1
13658,2.747136648662795,0.0988277840963822,-0.6001044350606444,0
13659,2.181651742444161,0.4693195006613599,1.2908223389387614,0
13660,-1.5040692480546716,0.8232683013770978,0.1640857810642273,1
13661,-1.8529234437353448,1.0476036493720426,0.1035544431401103,1
13662,1.3113771322332723,-0.5888712149829289,0.9831384371794484,0
13663,0.8586234754506057,0.6477981095801043,0.5245947905856139,0
13665,0.8009953547879901,1.4321760080034436,0.5838319745709185,0
13666,-2.404911343596803,-2.8673166918435853,0.799039628249104,1
13667,-1.0583415002290455,0.443480074247002,-0.0850008405453685,1
13668,4.303559004496862,-1.3469916327462912,0.0634818552732722,0
13669,-1.0035338416550263,-0.8210886298079829,-0.2800423668371724,1
13670,-1.0066275799394349,0.4768977834268694,-0.7637593959783264,1
13671,-1.9002521521971605,0.1458685443823003,0.5391927385395354,1
13672,-1.6532163261579873,-0.2834406145271579,0.4884267647437622,1
13673,-0.8110700278871545,-0.8236324681877019,-0.7933008219527284,1
13674,-2.126059798047951,0.6039158040120509,0.0380936311893639,1
13675,-0.9131813178624512,0.2131581013474336,-0.0362826860308127,1
13676,-2.2484639635923025,-0.1739081010122246,0.668033266509336,1
13677,-0.6807315639425653,0.5959215249408871,0.7058413878808713,1
13678,-1.229510856249746,0.3603822877787351,-0.2787020995123822,1
13679,-1.74766179432599,-0.6247761975122221,1.217232985439893,1
13680,4.2273830189448125,-0.3376250704941444,-1.4690643630734477,0
13681,0.0349588224356086,-0.8370057499217832,-0.5912622174793167,1
13682,-4.168487027419642,-1.3009342648996576,-0.1595259435061367,1
13683,-2.012898827698745,0.7520173853496758,-0.0228396245970648,1
13684,-0.6151140341125602,-0.3392935757798278,1.0563293689508046,1
13685,2.142088672726769,-0.552068483330507,-1.4910910136706976,0
13686,-1.0314387396557063,-0.4385560584242887,0.5123496948149512,1
13687,3.321412175149167,5.314574309970561,-1.1907573083227323,0
13688,-2.097451255140648,1.2739814411037018,-0.235446361216471,1
13689,-0.225703656235141,1.07446581183958,-1.2269339569015263,1
13690,-2.267474190916259,-0.4384047748166925,-0.8691280269707906,1
13691,-1.6523535010748482,0.4095392687641856,0.4290128543972917,1
13692,1.8033011739504408,0.5139818051875719,-0.5720835718726921,0
13693,0.6889252217262125,0.0658067896571448,1.392478499485158,0
13694,7.797367178252305,-0.0755942384686427,0.6410583250704274,0
13695,1.4995223646771203,-1.1499860119842729,0.5132245004080127,0
13696,0.1061630795317841,1.6264305137866597,0.1110539641578201,1
13697,-1.899526961368749,-0.6644213152008785,-0.8743094919480837,1
13698,-1.277056639964994,0.5550025319973863,0.682366850811736,1
13699,-0.6095511018659897,0.6796020099095503,-0.1961951783148654,1
13700,2.022473334250525,-1.0076864068470797,0.623192624342305,0
13701,-2.6505433888306875,0.1732874091961848,0.1267713540192907,1
13702,-2.98065136180602,-0.0035416742019848,0.0684098155710274,1
13703,-1.3295991179969742,0.2355982226574956,0.4222715024691664,1
13704,1.906420344662877,-1.1963395476269243,-0.5789707200355083,0
13705,1.1793357900879968,-1.0234319409308807,-0.6644850663890297,0
13706,-0.7382750704167875,0.708001010547875,0.2685335849446005,1
13707,1.6080253721285878,1.3697053472930298,0.6512524294119391,0
13708,-1.1637688060820386,0.6585139907590175,0.1218865686824987,1
13709,3.545420970170368,-0.9101900783612324,-0.289652161221304,0
13710,-0.804276557199419,-0.757800944078885,-0.6105239587985027,1
13711,0.6890747902565796,-0.245165011065588,1.2001028215833431,0
13712,-0.1993074245742873,0.949093908161732,0.1066379605957209,1
13713,-0.5034387548120095,0.4235033280311193,0.8344705730699222,1
13714,-2.4146320447399594,0.1118278403926809,0.4249206640576905,1
13715,2.8114570305425746,0.6804434372942304,1.610534340231977,0
13716,-2.233480241056021,-0.1582246678719019,0.2070879960212963,1
13717,1.4418169727224046,-0.6877032033770855,0.3334191906930956,0
13718,-1.8831059166217383,-0.1368151893307294,0.1244736048707418,1
13719,2.052837413250614,-0.925182093928748,0.1872429152945571,0
13720,-0.2036641447237471,-0.2345286896471889,0.3586179202041908,1
13721,-0.0198432790067193,0.2089287266623171,-0.7627634737871042,1
13722,2.256107226556705,0.7669529819486983,0.7169713315782574,0
13723,0.1102893356270315,-0.1372290600587752,0.8806179393319935,1
13724,-1.8841528953462423,0.5745812897684197,0.5595617589456278,1
13725,1.0929320866371557,-0.4712246252553831,0.3912543465408248,0
13726,0.4585703131943776,0.6997655343373238,-0.882232645959388,0
13727,0.4038205553547965,-1.366993387237524,0.323544861244342,0
13728,1.538402025442804,-1.0999103470421032,0.6868245998992609,0
13729,-0.634467073776276,0.474039024466612,0.7216911992440732,1
13730,-0.3019514981568576,0.6674233517319424,-0.1675082632981451,1
13731,-0.7441611093123117,0.5602709018730261,0.113284209555504,1
13732,-0.2914778272250624,0.551774887145053,-1.2901910440988398,1
13733,-1.0618714527966566,0.5435032535413581,0.4651215428623554,1
13734,0.79756443792594,2.5835580055586163,-0.1717425372489245,0
13735,3.4338393708221333,0.4314608714826602,0.1912591353241748,0
13736,2.3948243326286343,-0.6961119348466056,-0.6091644358166547,0
13737,-1.4180159175925038,0.710931014464408,-0.2951028853933247,1
13738,-0.7924024969922114,1.2089343084743227,0.235976063782601,1
13739,-1.795324540930554,-1.1001236735628033,-1.2256202576836237,1
13740,0.6205673870571713,0.4719762978820372,0.7842750114180028,0
13741,-0.5736381044390477,-0.2558329381434152,-0.1381353893738825,1
13742,2.020105483538224,-0.9090772830936998,0.2622650237775012,0
13743,0.764138043030974,-1.501830196051881,-1.4625030432693331,0
13744,0.4257112334898157,0.9901005681850046,-0.3722022435345605,0
13745,0.0172002014272329,0.8110224507511979,-0.0019412568785042,1
13746,-2.5539605604526363,0.2522385867887716,0.0471368253921747,1
13747,-2.972520930852014,-0.6862591838852399,0.3626634660172114,1
13748,0.7926140503632506,-0.321472282537345,0.5708448426238933,0
13750,1.509843343265293,-0.1712875384891373,0.2960627954310495,0
13751,-1.9054583283024364,0.7396552575209815,-0.3433836288543508,1
13752,0.7294399508044749,-0.2082137982644953,0.7548379969569164,0
13753,0.8288998126969255,1.1791863394904714,0.4815897013362352,0
13754,-1.1546779374405105,-0.3948821905641618,0.2357441630812284,1
13755,2.064400273122237,-1.4140435515369414,-0.4525721893766288,0
13756,3.6206017216762896,-1.296519088715918,-0.6318514619787685,0
13757,-2.7371301896691054,0.502107132864786,0.1746559581629372,1
13758,3.354035044980628,-0.1123123978891249,-0.09734208053553,0
13759,-0.4484033364114095,0.033000562310997,-0.9195964761732204,1
13760,0.6949664763835881,-0.2261731943214145,0.1638043478241637,0
13761,1.232203782570534,-0.0786434050069619,0.2070882193235319,0
13762,0.8538477413622843,1.0473445320582175,0.2351012729201327,0
13763,1.9829622203139188,2.1291650811872325,-0.9576338568520518,0
13764,1.9868279805158489,0.4885557648114333,0.4586936498668709,0
13765,-1.5214957693468472,1.2253916737452342,0.1532690934045218,1
13766,-2.196844441356811,0.4053067448004511,0.2669169588210837,1
13767,5.035489001460908,-1.3633410074412184,-0.1751283752568415,0
13768,-0.6668423582184341,1.383823875974214,0.4689206890771065,1
13769,2.97565689035502,-1.6451005279407724,-0.6264940567398957,0
13770,-0.4387425696016006,0.1624618964866223,1.002776055765799,1
13771,2.5043620306825427,0.6816492114290418,0.3472921870190904,0
13772,2.1709613267183165,-0.1246958074229954,0.4065378206195881,0
13773,-1.7491026657204012,-0.0233122668487386,0.5461418547963364,1
13774,-1.1943375165821892,0.4709549962331235,-0.7701832353810754,1
13775,-0.1064583266012875,2.370619070906147,-0.062363269302243,1
13776,-3.253675660480193,0.6208866484651562,-0.631970423856711,1
13777,5.255533818041274,-0.8464326354801941,-1.0995353753148434,0
13778,0.0065216713392789,0.1083528343988474,0.0687285647485255,1
13779,-2.452438233921495,0.1529410704495068,0.4501944105109635,1
13780,0.5084739276462357,-0.9176781836850234,-0.975510029577762,0
13781,-0.4304686157893967,0.3294871443725897,0.5247769088051988,1
13782,1.461714482457951,-1.7532713761115473,0.4341927090901794,0
13783,-0.1112709457208152,1.1794580404094814,0.2336458391881516,1
13784,1.463849079731519,-1.2039702247803132,-0.4787641521506864,0
13785,-1.275825332205595,-0.289647158820876,0.966025730783471,1
13786,1.1864144034907311,1.1424241064532314,0.8278746825801072,0
13787,0.600124048643222,-0.4388647786822181,0.4933332266045178,0
13788,-7.068040864202011,-3.865189984107699,1.2784377517720158,1
13789,-1.7427084456462456,0.6141899268333049,0.1056206811962557,1
13790,0.0460121198468269,-0.459329862361814,-1.931416892736893,1
13791,-0.0164525340082835,1.543424996367864,-0.9195875033222088,1
13792,-1.210878010051731,-0.9003637071694054,-0.0285277309010871,1
13793,-3.320677294835851,-0.2891763619323395,0.4691641350878519,1
13794,-2.947998130796141,-0.0437448527397985,0.3283517749974971,1
13795,-0.313726966746432,0.2984234966747237,0.7946181162950263,1
13796,-1.6325231430128433,0.8883346048270967,0.1726523905720673,1
13797,0.0601472389423172,1.00466805971278,0.681697406902943,1
13798,6.314448810497663,-1.2350906960525874,-0.3288415274174773,0
13799,1.2703137764275132,0.089449280399723,0.6614853644041143,0
13800,0.5414746103095781,1.308265172583951,0.3786357468364971,0
13801,-1.2285063045214102,0.326662676137783,-0.831568857764909,1
13802,4.092623772300518,1.661416309206791,0.7988529728088061,0
13803,0.3840153975841155,0.988854760856399,0.3944009619474355,0
13804,1.9477965038391456,-0.2440360605507771,0.213236027833321,0
13805,0.0283715273351712,0.716662470570427,-0.9872721307811344,1
13806,-2.0025420694072515,0.0098274601725354,-1.0103781667076337,1
13807,-1.5428901098848595,-0.2466123247787963,0.7265659874281124,1
13808,1.2707460596529316,-0.6570031251263069,-1.060969274527399,0
13809,-0.8861181520093907,0.2753655862073949,0.4449363419194563,1
13810,0.3066287571306531,0.3567063779852716,-0.9588989981473548,0
13811,-1.4622398997512964,0.2560289563187876,-0.2600306498957835,1
13812,-0.5139521448312157,-0.6421276731102217,-0.2699185495915246,1
13813,1.494907906845083,-0.1415811665373514,0.1159534260450031,0
13814,1.0057737246820388,1.2611178158833949,-0.3918205275871013,0
13815,3.108587639592017,0.8155291621360399,-0.3363592681160449,0
13816,-0.5032742201616947,-0.2360336297867474,-0.9922433917563246,1
13817,-0.9923281387377556,-0.6209598001675438,-0.7781260929429037,1
13818,-3.635992379514275,-0.8930871940274011,0.4255332074127275,1
13819,1.0471244978753342,0.9412026148613604,0.7012456794533738,0
13820,-0.6131280366707745,0.2939181888768783,0.9004449427504874,1
13821,0.6101205905339955,-0.1730614953350354,0.9110804077531092,0
13822,0.5176293031113373,-0.5828996447299941,-1.3073288011618,0
13823,1.9325002758827852,0.027152967942266,-0.3822460944973534,0
13824,1.6109259705810193,-0.5510994913031924,0.2292816647303487,0
13825,-1.7191875521819902,-0.0791726827985899,1.0221349481262014,1
13826,-2.3089619940159034,0.0396828316228561,-0.3645073367968889,1
13827,-0.7479276527074302,-0.9309608843239496,0.2117593065455526,1
13828,-1.298304889953687,-0.4685350575471472,-1.2150718665845528,1
13829,-4.100468496021837,-0.404186787403454,-0.2188345389466002,1
13830,-2.8208107078401707,0.1899267399173784,0.2834201720092735,1
13831,2.7032741091005343,-0.6028107372107587,0.1588983247455252,0
13832,-0.0166155182985728,-0.2431280619235819,-0.905392875451378,1
13833,-0.5609980891268743,0.5887006098313631,-0.0654912546834736,1
13834,-1.7674823455671376,0.2056385160059447,0.6395677579177024,1
13835,0.4766309444544044,-1.1788850874383,0.0839618137754695,0
13836,-0.9233799851146988,0.7847229371908291,0.329791367982935,1
13837,-1.7452424358206151,-0.3599112806982656,0.285271920170133,1
13838,1.762488217506109,-1.7218214884696517,0.0060226384273555,0
13839,-3.2011380845357285,-0.0198222244791326,0.1095507575744675,1
13840,-0.6296740733025311,1.7297800935552774,-0.1268668855839316,1
13841,-3.5058462736432667,-0.6349970450687918,-0.2526519851114502,1
13842,2.523694290487541,-0.417950507327696,1.0388755057225394,0
13843,-1.696604816606764,0.8876019074111289,-0.0777749394863064,1
13844,-0.8002049479970825,-0.1408403422300254,-1.7620331015171422,1
13845,-1.5243739680464636,0.3166455287292305,-1.0606030013988537,1
13846,0.7909121595233386,-0.2108726280169558,-0.4145407741645483,0
13847,-1.9490303862636125,1.0383673487955112,0.2264058916654934,1
13848,0.9698526440108596,0.4866189415826311,-0.2521828917994962,0
13849,1.9901005271754924,0.8362335466812673,-0.0654345012358882,0
13850,0.860315379735626,2.3591812296065093,-0.8391508112900857,0
13851,2.0192041108330616,0.7456514973371007,0.3896704772582225,0
13852,-2.5142268083717725,0.440288289458949,0.2523342277530681,1
13853,-0.0823620178467878,1.648368047751685,-1.4690080496811366,1
13854,3.238789347925041,-1.1822620144987637,0.1818575617897588,0
13855,0.0788721888772932,0.7848278793122274,0.9203463585237605,1
13856,0.2056517733939434,-1.0499995570721627,1.2687717244675814,0
13857,0.170945144302381,-0.1411768635492737,1.4397555227540035,0
13858,-1.9915709263191852,-0.200418496468882,-0.9410521892527784,1
13859,-1.1247050399561471,0.4754038843725376,0.3393877947548208,1
13860,1.2043007513142967,-1.6370340396214993,-1.8037781784112752,0
13861,-1.7270574612295542,-0.0921626003145672,0.6712919304083316,1
13862,1.817458258345671,-0.642962730907087,-0.0085464238700381,0
13863,0.1311880034782309,0.490279983486323,0.5928711684519539,1
13864,-1.823804261630096,1.804980410520076,-1.0240129808216485,1
13865,-0.8614104944129797,-1.021560500805928,0.0799556404972738,1
13866,-2.56328679612344,-0.5484723953631728,-0.7499576459260832,1
13867,0.2900133160215483,-0.0479677660038424,-0.5804759563086155,0
13868,1.7415884693985568,1.372992708462324,-2.2415898691748666,0
13869,3.082950515792474,1.0996572018552084,0.8816525660687637,0
13870,3.181622510873537,-1.1804752679858646,-0.8294699357829648,0
13871,3.024829911705854,-0.1937991263666048,0.3193788997778626,0
13872,-0.4386157183598967,0.7710301393630239,0.7741393314367674,1
13873,0.085263547785206,-0.9022888923108128,0.9429673617735368,1
13874,0.5153729381195058,0.4401012096774133,0.9868755356198964,0
13875,2.3816618066294515,-0.1821949868905651,0.7330451655438401,0
13876,-2.805207345132466,-0.8150048613420453,-0.7598160957380605,1
13877,-0.7953256966439876,-0.5640514620090927,0.0821548538772237,1
13878,1.24082409593425,0.7408231484783913,-0.2932724041381004,0
13879,-1.4231174218488432,1.3074472247724644,0.1704660510316134,1
13880,2.406138486374601,-0.9063604068955632,0.4999557200077474,0
13881,5.438865932143824,-0.0285144393256982,-0.3466960669644626,0
13882,1.0846303527562624,-1.285869560334849,-1.256648026979351,0
13883,3.0519694843991063,-0.4672874839426947,-0.031399061500439,0
13884,1.4404068824336036,-1.535962507156496,-0.2543098246157766,0
13885,-1.0718250310794737,0.2878386247320505,0.0454412074090995,1
13886,-1.6648588954133865,0.0241698776588217,-0.7725790502849611,1
13887,-1.487927397661822,0.7765659451677677,-0.4008461394303537,1
13888,1.0130285799906893,0.0051778245901333,0.7448050080054082,0
13889,0.8542531125229202,0.1723432648063855,0.2887967458707609,0
13890,2.360443059038071,-2.091682064923858,-1.06920630700256,0
13891,-0.1063759169223423,0.5827720558980345,0.8424049644647436,1
13892,0.923182555030554,-0.6363830479648951,-0.1500163356180678,0
13893,-0.7968412349077415,1.8567703034001235,-0.6027816706447292,1
13894,-0.4443457936532783,-0.7624257558229365,-0.6253277278236093,1
13895,2.182455030129229,0.5535858665961645,-0.3114316487430693,0
13896,-1.5843487095044195,1.2632423582657777,0.1012762648901013,1
13897,0.5042610988723375,0.2975719267693157,-0.3641038565735244,0
13898,-0.4641575028670214,0.8594582910434393,0.328047906182259,1
13899,-0.9777512013694064,-0.8213440864611923,-1.0953388010081562,1
13900,0.6638117745747552,0.1477933896688045,0.7997954967727532,0
13901,2.675991448010692,-0.0195129176004281,1.0107671356763674,0
13902,4.33919765934615,4.556086495146009,-0.0633536794965584,0
13903,-2.4987227934394705,0.1791514783026695,0.1012237093028182,1
13904,-0.9467297776366902,-0.671304675299076,-0.5213313528041364,1
13905,-1.989627150275878,1.0913217697696471,0.1341413564717039,1
13906,-4.127447476103981,-1.2401740894712845,0.3154144319980835,1
13907,-3.143247191291354,0.1575144297875069,0.2150360932303545,1
13908,1.3364492577687472,0.8705741974122153,-0.0506524527908119,0
13909,-1.440617945997995,-0.0595311488873484,0.7979068324623996,1
13911,2.4586031223958185,-0.7880195041464427,1.2145584834940226,0
13912,-3.216814086446813,-0.1798244573534124,0.1090161510727478,1
13913,-4.615786513723246,-1.340176317441877,0.4757493676098037,1
13914,-0.1574437096948592,-0.3473568732416333,-1.3141365128363234,1
13915,-4.023033509099309,-0.797024870065028,0.0753168416862431,1
13916,0.1613355822944164,0.7357517688200345,0.937827019359515,1
13917,-1.4044834758087172,-0.8011736885321751,-0.407063780354572,1
13918,0.4375575106913303,0.926244007096804,-0.887323866923718,0
13919,0.7305098146870459,0.1592279482819747,-0.0619364042612199,0
13920,0.766283754265081,1.135626829266421,0.8284276093637267,0
13921,-0.8276976006595048,0.0247651870748051,0.8936259183867755,1
13922,-0.485251136439513,0.6120988148414647,0.4920730549465454,1
13923,-1.1437136431723534,0.3525000693155311,-1.0021883892768932,1
13924,1.8258762906003383,-1.179594581658307,-1.3292921728297775,0
13925,-0.5478826649123696,-0.503921177044514,0.2011135093689241,1
13926,-1.69182848179189,-0.442421668124056,-1.3668116814882072,1
13927,-0.2599640767509151,0.3999984131383913,-0.427699054355856,1
13928,-0.7840934621850605,-1.68469268012135,-0.7227225854392973,1
13929,1.2126176509107551,0.1955929288128874,0.7774159239768443,0
13930,-1.2329856733407234,-0.5010398621267164,-0.4486973324733691,1
13931,2.447100283012168,0.4435112453095394,0.8074331542249574,0
13932,-1.9305979418578765,0.7170376968364134,-0.2484258632947854,1
13933,-0.8548275909065876,0.321951746957451,-0.3482811640248308,1
13934,-0.3354991052625687,1.9772962952391249,-0.574493024362057,1
13935,1.662705708867609,3.0173746287515706,0.0796332442671699,0
13936,0.0204163210635728,0.4783028321883328,0.3209247955501676,1
13937,-0.0496937433320197,0.9105514159600964,-0.0385659387403522,1
13938,-2.8950237499501235,-1.5593570888761945,-0.7440917764403971,1
13939,1.2520037873183534,-0.7583987698107805,0.0466110129513849,0
13940,0.184992256775952,-0.8190620500704322,-0.5904440860081811,0
13941,2.8083398460195315,0.3128806865911296,-0.3162404636132861,0
13942,-1.9304154476765891,1.2221550715925324,-0.4196381479281643,1
13943,-2.1658793228755124,0.7184478733913542,0.1750787096747416,1
13944,-1.9209375333649767,0.5311177695313636,0.5817556064392171,1
13945,-0.3755835902552353,1.1404277837768315,0.3298011050597713,1
13946,1.1201035319775838,0.1302854613620943,0.2617823111538293,0
13947,-3.075167429917644,-1.1166151696170694,-0.6711699135611331,1
13948,-1.1212914959977216,-0.2965438739434808,0.8753514441502885,1
13949,2.20852695662902,-0.7215300224217513,-1.1632713709748068,0
13950,-0.0228518163527651,-1.119406614039534,-0.8076124934551422,1
13951,-0.470267194909864,0.0970236741264354,0.3496481248380632,1
13952,3.205378879102017,1.389890068321071,1.0536523690177837,0
13953,2.189971117326161,-0.1387184225207193,-1.283695075188185,0
13954,-0.4228735616924699,-1.388660388614454,-2.0764271779801704,1
13955,-0.5131209495876033,-0.2491275692193139,0.5674941621134666,1
13956,0.9368020687306534,-1.3652608232083616,-0.7574913781564634,0
13957,-1.455727152083396,-0.0880662466616827,0.730069600365048,1
13958,1.8880566103744385,1.2029515599366922,1.1379091575446243,0
13959,0.5517172341459984,-0.6231510583219259,0.699527130351126,0
13960,-1.6305422883965477,-1.2902773607018574,-0.8548740016121068,1
13961,-1.1502698129863895,1.4983776609790689,-0.2818453071836249,1
13962,-1.0367793115632358,-1.32642114311698,-0.5162822518258168,1
13963,1.4657475679284926,-0.4689129019406122,1.912635849086372,0
13964,-1.3274680409523465,0.3927348528112579,0.403198334064439,1
13965,-0.5515634235328785,0.8729044031551556,0.4907146069428034,1
13966,-1.020040379906924,1.2390055225054584,0.027969492470313,1
13967,-2.7799404622481063,-1.0157839937444355,-0.0644298855604921,1
13968,-2.637467767832861,-0.0782224887033698,0.2453926538380788,1
13969,4.217040672772675,-1.0626981992376157,0.503531183948403,0
13970,-0.8541742017822598,1.192853488982993,-0.0802529894643747,1
13971,2.6077402327989976,-0.5695908747915306,0.2964194777958976,0
13972,-1.824721498294008,-1.0866597730072065,-0.0948949161991643,1
13973,-2.030807047922897,0.5850803118573547,-0.258970201612454,1
13974,-0.2438141568692823,0.1862318314221822,-0.5814480667339775,1
13975,2.95625795293663,-0.0781561089761852,0.5669680093117955,0
13976,0.0115517820447485,0.3812881622169479,0.4659980461803062,1
13977,-1.2170042385952162,1.5095185654004826,-0.3224096570836014,1
13978,-1.3637806606331715,-1.5296678317679169,-0.8308060465954544,1
13979,2.1899838739521886,0.4444473310005891,0.5976060359027972,0
13980,-0.0253506758775506,-0.8201876935576217,0.3410870457205743,1
13981,-1.4740842549415198,0.9796103920773754,0.0253064292089039,1
13982,2.1097320175693293,0.1082066167077329,0.1777196921891006,0
13983,2.9983171124496284,-0.5781446902205325,0.8008672971847306,0
13984,1.154552761357604,-1.235664415244608,0.3752365644261398,0
13985,3.6001694037958893,-0.8460760538242601,-0.409914825358526,0
13986,-0.8958972380654353,-0.0568543266518567,-1.5832849123215085,1
13987,-0.5063010503852794,0.8948544633082773,0.4151253292261065,1
13988,2.6619897609205747,0.2516466450326417,-0.1656710339449567,0
13989,1.2017766112678396,0.3790705507755859,0.0168059360243266,0
13990,-1.5607763014514502,0.6871447555491724,-0.3530843365087395,1
13991,0.6088839700007619,-1.4406068710653726,-0.2528014093041345,0
13992,-1.7546859416921126,-1.7431760522930488,-0.339004731618393,1
13993,2.47367063190933,-0.3227653067805912,0.6297670603588972,0
13994,1.796027062923958,-0.7624658817447639,-1.055774676159167,0
13995,2.354741640746059,-0.8540905892946332,0.1956460239374224,0
13996,-0.3866219525421638,1.232349920440465,0.1793825306427323,1
13997,-1.4983339475629698,-0.2588832771256072,1.0639604694943854,1
13998,-1.109262240016654,0.1710108105115815,0.7653400474182672,1
13999,3.469478389869161,-0.9970519647152768,0.3569920721970367,0
14000,0.6725013942807515,0.7954134439516728,0.3421515558594771,0
14001,1.7853400636806571,0.2436090588584051,0.0109892963312354,0
14002,-0.3148935200759892,0.3069846721019253,0.0879220645735814,1
14003,-2.1732108631375797,0.6463902408211989,0.4095250820761091,1
14004,2.5656623597269137,0.3862979519624109,0.2135505131454978,0
14005,1.8174790154824485,0.149745551159165,-1.0742511603540204,0
14006,1.129673054165619,0.1965680182760935,0.5226862917438814,0
14007,-3.8696272380155423,-0.637246410583404,0.3092861464404915,1
14008,-0.9279539720667884,1.47316476294864,-0.0518406831986696,1
14009,0.3145670747579895,0.6982883416952869,0.3723833573197871,0
14010,-1.4978798140744238,0.520984492047206,0.5352630966599011,1
14011,-0.8924551530566274,0.5657576840557212,0.6407336407300583,1
14012,-1.741390012527892,0.8386157680622652,-0.3589189889793497,1
14013,0.2748187316901835,-0.2053168635031245,0.4820462306770636,0
14014,1.1848509643063667,1.061014797776882,-0.2928636035444032,0
14015,-0.1864905569277014,1.4521280900906577,-1.4434922313705625,1
14016,3.277652591056492,1.482325119541672,0.8479828540316036,0
14017,-2.3166757758674734,0.6226964522727668,0.1722675431145955,1
14018,-1.6614493653433196,1.2564147315766192,0.0436828731650083,1
14019,0.5937617643368158,0.5338750064310694,-0.5990422341459629,0
14020,0.7188514622578839,-0.3854583357645474,-0.6454227627099904,0
14021,0.7465003197449551,-0.0562781570502169,0.8417291438230632,0
14022,-0.1994966630082296,0.907050917037842,0.107902562696224,1
14023,-0.1153088050169908,-0.6130175324349826,-1.520685424144994,1
14024,-0.6832530140754178,-0.1112051914160999,0.1240658572317516,1
14025,1.3289501481780124,1.1371185614262098,1.0138022365362147,0
14026,-0.5800693015564536,1.0077149011482327,0.4686312554790096,1
14027,-2.7959296717790854,-0.9621153727036702,-0.7112788193530082,1
14028,1.4781481913193382,3.768037001129672,-0.9234042693207168,0
14029,-1.1001930808663078,-0.136451659874402,-0.5885672967246954,1
14030,3.5045100722803872,-0.5924739242251338,0.7108167727456266,0
14031,5.129899368088487,-0.1058620979743184,0.0837560750224969,0
14032,2.8016854619643548,-1.4892108473254957,-0.8390485313854882,0
14033,-2.9240983696738936,0.0196865234896512,0.0927981553818279,1
14034,0.1262827942263401,-0.6741794005504614,-0.4098975846491495,1
14035,1.535603988366535,-0.3880103448951447,0.0254961734289276,0
14036,-0.69365622461332,1.5438393701461914,-0.3157355278250258,1
14037,0.0901541211954928,-0.6226164802905074,1.1252092877397888,1
14038,1.5706389947801531,0.8558649883242422,0.005895836429448,0
14039,-1.539931434700003,-0.9526648504531356,-0.7217837827940967,1
14040,3.647117419548223,-0.518726889619615,1.243331710323185,0
14041,-2.332323750454956,-0.1630075525170839,0.1691661071431879,1
14042,-1.473270257233403,1.4414033484794468,0.1288955370000145,1
14043,-1.6100599703608562,0.0162077485841391,0.8109152099402789,1
14044,2.440802630956622,-0.5075768455106939,0.6137459391450101,0
14045,2.240682565096983,0.8880416166327604,0.1975965766950198,0
14046,-1.9159297320091864,0.0810095071120396,0.1410713076916797,1
14047,2.1734504005796,-1.015235513165822,-0.2043620519309588,0
14048,-0.0881482486750342,0.3481137912816254,0.878371602777598,1
14049,4.106160098018797,0.6504973102424488,0.0329985227174775,0
14050,0.1587900910555737,0.1897066199199406,-0.7571795158426219,1
14051,4.349442722520764,-1.1589958842846275,-1.0938004441204614,0
14052,-0.2485407761120717,-0.6097114782835866,-0.5971911030654019,1
14053,-1.285191527489939,-0.4878706963828418,-0.0955033715122039,1
14054,-2.903016078178001,-1.0780660388839436,-0.6200995263204324,1
14055,0.3395122499658335,0.8590199616281828,-0.3005764101584508,0
14056,3.923607994792802,-1.638697072382173,-0.719894102876022,0
14057,3.368436128278946,-0.4530559898641377,0.671365814772607,0
14058,-1.3202020683147344,0.5188567724859563,0.4619340064188288,1
14059,-2.3440808716505863,0.1814568366751687,-0.1822201479041562,1
14060,3.4871862997906917,-1.300055191243127,-0.0312193084334167,0
14061,-1.0828148342114845,0.7360394848392382,0.4161970702806874,1
14062,4.426066333007849,0.4347152471553078,-0.3173833021906265,0
14063,2.6491866807283597,2.926549478534621,0.1030317449087506,0
14064,2.21744339500836,-0.8910883177857266,0.6594105800197685,0
14065,-0.3023592531522185,0.6792150472321221,0.6259392692125257,1
14066,-2.844650486011644,-0.0863401833277445,-0.1820260324424073,1
14067,-0.6852960817852074,-0.3822956895249089,-0.1184453442872808,1
14068,0.364431256624027,0.7736136876732026,0.7307364413062566,0
14069,-2.1370555677041643,-0.3526824312213716,0.9224016363914151,1
14070,-1.7062175298765376,1.0224420493145534,0.3739474699442722,1
14071,1.7494654660705315,-1.6922148729852071,-0.345305951215637,0
14072,-1.8788705848994336,1.2395450947298263,0.0555990262125245,1
14073,-1.9329334503651447,-0.755765611036928,-0.9639003287204638,1
14074,-2.277685850512221,0.7078909116067954,0.0934699828611293,1
14075,1.4486597329004085,-0.9253017362398088,-0.9855619232186992,0
14076,-2.144718947212012,-0.6355743190628833,0.0928037807429179,1
14077,-0.2749786030841206,-1.443052638781244,0.3502534703028992,1
14078,0.720037346059217,-0.6906735958958857,0.9697563622283056,0
14079,-0.9324744629968033,0.4331566200885293,-0.416073342963483,1
14080,0.2908829760335993,-0.6573173073071048,-0.0842075686521278,0
14081,2.431803333627621,0.8384106359590852,1.514411714566782,0
14082,-1.0810467305872733,0.281785565144787,0.6146296196693777,1
14083,1.310280561509327,-2.4453538795396645,-0.0509683155764026,0
14084,-2.3906214131279184,0.2431146696670904,0.2390634522450109,1
14085,4.224963486843531,-1.716265574123116,0.0012411405001942,0
14086,-5.404154145044636,-1.51640220729303,0.1744872945634659,1
14087,1.115051089759845,-1.0619316565999322,-1.2335749943814638,0
14088,5.530436537009393,1.988421945634061,-0.8445609053934187,0
14089,-1.9981197734174287,-0.5074831119112083,-0.7153868681382517,1
14090,-3.735575320605984,-0.6908904785121905,-0.1008045176338333,1
14091,1.5832689625847156,4.159843420063717,-0.8490987774564541,0
14092,3.171919545997969,-1.1245417857801636,0.1767827955651584,0
14093,0.0528426140833664,0.0732360027065056,-1.3591750209066134,1
14094,-1.4468148434182655,0.8812762802879407,0.2224899053879142,1
14095,-7.277469492658899,-3.9493067494088976,1.538297523121914,1
14096,6.064846524329601,1.5832895275539698,-0.9669961601469554,0
14097,-1.074738227623433,0.4308392016347235,0.6985931307007806,1
14098,-1.894091562670364,-0.7677608867027754,-0.7734269237283675,1
14099,3.0165077422360405,-0.9052798019797268,0.5704629379509696,0
14100,-2.05390843852686,-0.0779437231123324,-0.2773030304626422,1
14101,2.545639159647528,0.9953951202418884,-0.0413084662724195,0
14102,0.7199318684620698,-1.1946840479630847,-1.1070194623225549,0
14104,0.0313902208573033,-0.5651635341561613,1.000660049753516,1
14105,2.3308296994187008,1.985883375863848,0.434217215542611,0
14106,-3.43889582405413,0.6425001289672223,-0.2831237345057772,1
14107,2.2707482577254665,0.1849088856655993,0.3678457768603413,0
14108,0.3898948113204703,-0.3704787091912865,-0.3409895061957496,0
14109,-2.359697554527507,-0.5443917037639333,-0.666453184954868,1
14110,3.9455307979148166,-1.133024307451916,-0.0899934770783375,0
14111,-0.4003905640667791,-1.0497279830378352,-0.9448539505921926,1
14112,2.8053075711586235,-0.1498423560918365,0.2349865756349453,0
14113,2.9700869811998194,-0.7730041197304321,-0.7468536116423325,0
14114,0.3177515814879548,-0.1332788340432808,1.1642568883928457,0
14115,-0.8622011769407915,0.9177639373503634,0.3993114354833594,1
14116,0.7851833552376362,-0.5152601000600546,-0.4218107738566511,0
14117,-3.2198714286669867,-0.810145781239345,-0.376128315677293,1
14118,-1.6264838906666017,1.3039259241724852,-0.2686260807942552,1
14119,-2.2852428226661514,-0.5640675270287325,0.6262150777166238,1
14121,2.254795482587701,0.0583750725702333,-1.4244530114330098,0
14122,-1.9062444264009355,-0.3549381873304291,0.6704061223660942,1
14123,-1.3435276390240154,1.4680734780447162,0.1788514099924989,1
14124,-0.9099315259470144,0.8992635968960216,-1.1481055807262557,1
14125,1.995491235311032,0.7378299393354012,-1.1864024690653845,0
14126,0.7339678686079635,-0.6637325813472276,-1.0925685728220522,0
14127,0.8884173875059445,0.1817292758149541,0.5734007391208197,0
14128,0.2405882436299772,0.118367795665328,-0.1983941331227618,0
14129,1.8026392270758165,-1.338565063148914,-1.3442003351145344,0
14130,1.0286180114035026,1.0262585077630757,0.8694835005930588,0
14131,-2.08533855672644,0.3017083878088946,0.7100887049134001,1
14132,2.6392860929778243,-1.2397717143767062,-1.0211254763769513,0
14133,-0.2756130391621077,-0.0622754935792571,0.2674535366400155,1
14134,2.7829110200794096,1.3461535322763265,1.2902900823418129,0
14135,3.7880901904401303,-1.2985860330954562,-0.5799714958465514,0
14136,0.5764777376800068,0.6418298499497301,1.0456948816403575,0
14137,-1.579878479722257,1.2280561241371002,0.1272490064994219,1
14138,0.7736631020815513,-0.450457740252335,-2.250361485594401,0
14139,0.481200164475797,-0.1640124480682538,-0.1537184217154807,0
14140,0.845322856597316,-0.2513643752730163,-1.7833114641732488,0
14141,0.3446016269235021,-1.3117669568481256,-1.567202164717474,0
14142,-0.5297321553139196,0.8775171869414989,0.3933098765132579,1
14143,-3.0447828287047303,-0.6442810595325121,-0.3938786402915414,1
14144,-5.03138928778557,-1.6605479225600404,0.4318222803516925,1
14145,1.6400218435101277,1.3074671874122268,-0.9474180173219168,0
14146,3.6774073894051065,0.1935562637274129,-0.34971302692645,0
14147,0.8267900577819516,-0.1231474769670496,0.2255477373488243,0
14148,-1.3158398303216747,0.3050452077782334,0.0370173937246726,1
14149,-1.0682907964342176,1.084274405892067,-0.3606788329620442,1
14150,-0.3106445174082071,0.099003622224045,-0.8580806733988449,1
14151,-0.6936892740660061,1.068826579982724,0.6634342043604934,1
14152,1.3022036599666205,-0.0900341807206616,0.5252782094754868,0
14153,-1.763674968556916,0.6738369372942391,0.2173809820821881,1
14154,2.434538275997187,1.4080935833690966,0.869420431587978,0
14155,-3.256372727801728,-0.3949310648489835,-0.1298264106868861,1
14156,8.113155749894814,0.5957764952567123,1.047050173460964,0
14157,0.4964608299034877,-0.9239387466160732,-0.2141554859059781,0
14158,-0.1241309044600981,0.7269468479303589,-1.0550191352668088,1
14159,3.713721278253997,-0.4867515916924947,0.8117064371586418,0
14160,2.2008556362927063,2.2659758991108125,0.7851354259864308,0
14161,1.5666691715843728,0.667226891642905,0.9897146584713278,0
14162,-1.5965264209200392,-0.3673080212277488,0.2379143486042953,1
14163,0.95232594474169,0.7017077429602452,-0.1222597109132544,0
14164,0.5441353667321173,1.3660840878278695,-0.8922419396391681,0
14165,-2.606647488438746,-0.3680335669376894,0.2565740610536469,1
14166,-1.9292525511619545,-0.22189610434209,0.8945027110497005,1
14167,0.308095858391771,-1.0690163817938902,0.2592480946810148,0
14168,-1.8294813747309115,0.231555817690422,0.3246726769920655,1
14169,-0.8444511827908119,0.7717279369635136,0.492917796995314,1
14170,-0.5126407237468038,0.0818042187799074,1.0717447160925064,1
14171,-0.654507351565624,0.0307756516679163,-0.0412048504658669,1
14172,-1.7109118222418622,-0.2721995082061256,1.1259585083999095,1
14173,-0.3846056003618224,-1.964052304514496,-0.3777149480813258,1
14174,-1.903096944676304,-0.9212039234937353,-0.7325334204450968,1
14175,2.8102022537781037,1.1337381820123835,0.1312208894220401,0
14176,-0.6968210641461182,-0.3213347568187139,0.9249596962041102,1
14177,1.3179632895635895,-0.847020524353308,1.1702677770898342,0
14178,1.67748805917761,-1.0781534967045765,-0.2116341463758513,0
14179,0.1668197015056445,0.1118453782839909,-0.382373490344815,1
14180,2.463205134353407,-1.739923520576833,0.5524812897685029,0
14181,-1.5480212469088128,-0.048425697704718,0.7736251431632631,1
14182,-0.9096259978660676,-0.0417659287953595,1.0066656775970304,1
14183,-2.0287398441068056,-0.1840414365159647,0.6329437059446651,1
14184,-1.0471860586044164,0.6723009915905044,-0.9999483550672554,1
14185,-3.508260905900641,0.1709928270463418,-0.5033203464509513,1
14186,0.6016112463119845,0.6741573625389674,1.0620228809258003,0
14187,-3.042333757257208,-0.1246148982069909,0.2293620908592435,1
14188,0.968574276920034,-0.1269869601720489,-0.3707689417090872,0
14189,3.309216597794774,-1.3053997982721997,-0.6752000435035765,0
14190,-4.827102401024298,-0.6166413667679786,0.032639411944173,1
14191,3.048841584338505,-1.3596281712395426,-0.7624750714738283,0
14192,-1.7195393578265876,0.8371588759012369,-0.0685209704790712,1
14193,0.350673989435849,0.4373061902586097,-0.2978324120510951,0
14194,4.659922473496603,-0.7825555965585926,0.1928875069959189,0
14195,0.5914426352987076,0.8509118168827006,0.1130531482028237,0
14196,-1.764240958603048,0.5569655029237902,-0.9711183987118248,1
14197,-1.5297080363667277,1.1265762752610344,-0.1135403531924929,1
14198,0.8716881542161377,-1.227982096202598,-0.012071419205921,0
14199,-0.631649776393015,0.3090874027032603,0.1918260637172786,1
14200,-1.6193469347099023,1.2274484074004903,0.102927764961598,1
14201,0.4497298245753752,-1.2487288303225197,0.7460117398294355,0
14202,-0.8699480124574545,0.5509202047256736,0.4530251563949055,1
14203,-1.8796023995483613,0.9316427676786868,-0.1514113554242897,1
14204,1.240818822234288,-1.3805967845199285,-1.282544896346287,0
14205,1.5521147962516366,-0.7347498639158107,-0.1240593910047637,0
14206,0.2832069400788042,0.8468986334776769,0.3867557004646439,0
14207,-3.4007591576285567,0.2909777547645235,-0.031789747508536,1
14208,-0.4614205235149101,0.2462626943680703,-0.2218391780396029,1
14209,2.4814796907216947,-0.799914605647223,-0.0482939011323641,0
14210,2.2747864748160858,0.0025265980852038,1.0671586433742628,0
14211,2.274010392373049,-0.6523629116822487,0.9913465939248072,0
14212,0.7915417370811217,1.8325669908974016,-1.0015819102148278,0
14213,-0.935599569074718,2.439500924128288,-0.9806333170742896,1
14214,0.4926175321705139,-0.7187205860081016,-0.0422972489681407,0
14215,2.248514961196228,-0.5208918409216731,-0.2052379955993165,0
14216,1.5071579557080452,-0.6628958101583943,-1.514228270253854,0
14217,2.390448118230327,-2.446949737263193,-0.2803201448179481,0
14218,-1.8630185364060603,-0.5142038408745058,-0.8897359943755119,1
14219,0.1396858019382553,-1.24758883864654,-1.4068249868634697,0
14220,-0.0383685472208075,0.7310103606817786,0.2660996901922286,1
14221,2.757474165870525,-0.1936964343099382,0.6749872010267317,0
14222,-0.258929369141999,1.5322563250267742,-0.5158571562606542,1
14223,0.1133610340465865,0.3099046949397832,-0.0582254026301465,1
14224,1.133962638142613,-0.4784715733305512,1.094567545316013,0
14225,0.6895971258678657,1.2643704256398345,0.7023838713386208,0
14226,1.708549429062562,0.25012780197912,-0.3076886814905367,0
14227,2.973307459652156,-0.2137414207680972,0.450757431186758,0
14228,-0.7433364893960684,0.4725217247878237,0.6971481304725432,1
14229,1.0488874922592633,0.0672423786351395,-0.0629530370740295,0
14230,-0.6638867672549987,0.7813824355223354,0.4675775053653832,1
14231,0.2535802483065661,0.3895366860738355,0.489506722963435,0
14232,1.347080610438897,0.2283882438750692,-0.1215568808597693,0
14233,1.24743922303639,0.1910564656201,-0.1230418300050033,0
14234,0.6261085431864708,-0.8551289871079543,-0.077129801156314,0
14235,2.133606556179735,0.5391556370045765,0.372118792504949,0
14236,0.4871764869226873,0.1035829014957298,0.0647049635370769,0
14237,-1.1985859910434844,0.4547492204367023,0.3969816159025869,1
14238,-1.5460395538903609,-0.1991333064113606,0.527354633294496,1
14239,2.0211057623956097,-0.9832431974924528,0.9077768682310932,0
14240,0.5096932984717527,0.2010707124218767,-0.7144165165457195,0
14241,-1.570320256026217,-0.1285597991823074,0.0364434233085074,1
14242,-1.932266171236838,-0.2856478235024657,0.2183792332573749,1
14243,3.231994518184933,-0.6112812807544132,-0.0089156041103751,0
14244,-1.202570871272757,1.3410083640236563,0.1821813074972391,1
14245,0.7869916985330837,1.7262895226283996,-0.024870753790796,0
14246,0.5227988435765216,0.8256001366044573,-0.1122737817570216,0
14247,-0.2735559001787369,-0.3599585524578599,1.1580613823532924,1
14248,-0.1056000559058033,0.7873683644681045,0.4618758900772789,1
14249,2.030617305638525,0.815120279571455,1.501003593562312,0
14250,1.5370188657197368,0.1946289089023342,-1.382002513846326,0
14251,1.8843913820516012,-0.3961528961270533,-1.9500438129985749,0
14252,-1.8937808649113244,0.9945350868380726,-0.287036850748463,1
14253,-2.0318493774588364,0.2288273813868255,0.3794175028358135,1
14254,-0.9763486007678563,1.6554881116047144,-0.2311804573008824,1
14255,-2.9907886164993767,2.0671832481317898,-1.325654746850264,1
14256,1.052298751158269,0.9857821688973876,0.6613474891524136,0
14257,2.5231502142584064,0.7316819283549348,0.3084346031313704,0
14258,4.592672475633434,0.6261039868327795,-0.5214574250086024,0
14259,-2.8787438841050506,-0.5205438927638956,-0.4165146572140886,1
14260,-0.3610113794513078,0.6457811579039564,0.7966764317991558,1
14261,0.2650800412077165,0.7959865840862936,-0.7707210404793076,0
14262,1.84652313323814,-0.7226979248739374,-0.5912369499863546,0
14263,-1.696057167720147,0.9488244506562364,-0.0542853001701738,1
14264,0.3842418843311705,0.0036473086115958,0.6394850076918945,0
14265,0.5215819199329645,0.3376508999168108,0.2308060952679858,0
14266,-4.594951195188902,-1.356495000993816,0.2740634242100436,1
14267,0.068979118693434,0.9891504345232162,-0.1867891443379449,1
14268,-1.6359286878833816,1.0716413967414475,-0.014553951342513,1
14269,-1.8716298724790896,0.8423874136472819,-0.0121713220906374,1
14270,-1.0907109127169452,1.3196239454098606,-0.2140397827254315,1
14271,-1.7242230423470049,-0.6234835709343575,0.6205332351139965,1
14272,0.3635953418503994,-0.1952066376559494,0.2221558048750563,0
14273,-0.7280852900744138,-0.9198768394443396,-0.0633745373772635,1
14274,-1.971693566011678,0.8620129456529707,0.2721034316580814,1
14275,-0.4607274058625141,0.1025504100261804,0.8227207105974618,1
14276,1.0944579833775734,0.0538223368480682,0.527497841302067,0
14277,4.866254225909678,1.6118022301241235,-0.5222270051254012,0
14278,-2.1813274053502947,0.4333475265981353,0.0846680137419677,1
14279,-3.0998775800850864,-0.4509888774172421,0.3836516683981976,1
14280,-2.8009246386021047,-0.3245818447944075,-0.2216647898453996,1
14281,-2.5645888704732465,0.575669141947715,-0.215407704730639,1
14282,3.298993762946348,-1.4604733810834618,-0.3676090449164449,0
14283,-0.6719276937329233,-0.0291890244474155,1.0887042863003158,1
14284,0.5404239723141677,0.2304030492060924,-0.6671206941946642,0
14285,1.467565213008964,-0.1647248900718665,-0.4385729824855605,0
14286,3.430714970638736,1.1903454985813782,-0.3767294938686536,0
14287,-1.536926803014427,-2.3804280177750017,-0.8513457901060575,1
14288,-1.3237500137720994,1.033259584581808,-0.5087524804471845,1
14289,0.1472048998659482,-1.5236217061719337,-0.6398413219596416,0
14290,2.302021675113563,-0.0309651567821164,-0.6249703556408112,0
14291,3.785852805496698,-1.4058574677683149,-0.4341960230286811,0
14292,3.191843436069655,-0.2710582225735432,-0.4277554561786197,0
14293,2.10595409683538,-1.1035498071372207,-0.9934514480352352,0
14294,-1.4241480552715218,1.0945684157628928,-0.0469004039702791,1
14295,1.2047022574998865,0.3273871671953662,-0.3169179828937606,0
14296,-1.147915623724973,0.4771854614785977,0.4951493903774566,1
14297,0.7401064161323446,-0.2876760097065485,-0.6962559903628002,0
14298,6.971887445464331,0.0521701686662294,0.8784253415399216,0
14299,3.933271323332397,-0.5028176923831145,0.0009900841585163,0
14300,-3.632176426796677,-2.334713613155289,-1.01794627618648,1
14301,0.8262649467528563,0.8560385640446092,-0.0546310863930022,0
14302,-0.8388383253390849,0.4888986088561062,0.58900957941748,1
14303,-1.713863249535931,-0.0931857931288867,0.6364129281150558,1
14304,0.5625467847077946,1.2209355374866318,0.1874827598556703,0
14305,1.0541846301066913,0.9320027270792908,-0.2799915608019701,0
14306,1.4564375501447264,0.5392932072703847,-0.2523293611108943,0
14307,2.233258179089446,0.3128901332818504,0.7700612288129675,0
14308,-2.8364335524535758,1.374184389814219,-0.8145158031370204,1
14309,2.408509821234324,-0.7469157041025015,-0.3499725246815898,0
14310,-1.1848614659606038,1.4279380911152055,-0.1518341790451478,1
14311,-0.9929882904425644,0.4053327489787535,0.1956147425458252,1
14312,1.879678851010837,-0.4067539357345891,0.6104799587163416,0
14314,-1.7098745583643056,-0.6899452312392234,-0.0633026178751388,1
14315,1.5915529246245272,0.0606845429776097,0.0989293254764284,0
14316,0.4173223769604643,0.6560418121666126,0.8414896314861344,0
14317,-0.7380502723552533,0.8365374251650659,-1.031841418241252,1
14318,-2.473064080229012,0.2050810870487753,0.18564634824723,1
14319,-1.0114558834807892,1.4445531874882418,-0.1006399921691525,1
14320,0.3586841250579265,0.2298367203674104,0.7202456424465854,0
14321,2.0757540780364265,-0.5928955664744293,-0.2774290335939589,0
14322,-1.6700874846119478,-0.3978435392267175,0.7908917127781994,1
14323,-0.5961209949338054,0.355925030836303,-0.2032861057717598,1
14324,-0.6005335680956476,0.941493089073378,0.3953195506134971,1
14325,-1.7305826253420806,0.7839326054845412,0.2866161534235911,1
14326,-0.0918389733804615,0.5701115993945407,0.4415827555792562,1
14327,0.9817930610456026,0.3013094400228492,0.7409743498361496,0
14328,-3.5673938266469905,1.100946200283499,-1.0301403023348334,1
14329,3.6264008099672567,0.140833284708351,0.1503582916081375,0
14330,-2.3547484209217218,0.5290168040160828,0.2812677142928004,1
14331,-0.9725028800570228,0.070562126172922,-0.0991612312387456,1
14332,0.98691323433652,-0.0842570781117048,-0.5741641562607261,0
14333,-1.508314333163569,0.5475990013621125,-1.1154026577222822,1
14334,2.47444648976663,-0.4687676609983981,0.0753454811297921,0
14335,-0.236390264723391,-0.6311984998381807,-0.8436369472203676,1
14336,1.2915543327307255,-0.0435958363631675,-0.6613361248429525,0
14338,-0.0747186575126614,0.4339690383631805,0.2008293299628581,1
14339,-0.7760108699952983,0.6664434897508101,0.0415232135847912,1
14340,-2.8696908215292263,-0.2665605518336998,-0.2363403421561723,1
14341,2.401041671793758,-0.6956704687748285,0.961595828530492,0
14342,0.104601903222181,-1.1862961914864216,-0.2648102337063723,1
14343,0.362851438312209,0.4752109291595189,1.2352370225754083,0
14344,1.629945886583702,-0.9643874758149192,1.6363378232869732,0
14345,-2.746689427786843,-1.0826482173952958,-0.9528100363383524,1
14346,1.3742664785435446,0.6890567531678162,0.4150982203951622,0
14347,-3.528972711249216,-0.4097732245886349,0.5631105016125575,1
14348,-1.3632751942943513,1.0484561174980327,-0.3662279428527707,1
14349,-1.650408220700794,-1.339260860070276,-1.249692578488211,1
14350,-0.1007014922613697,0.6429549284092088,0.4859788355801526,1
14351,-4.444608377513041,-1.470359936887165,-0.3222617095066489,1
14352,0.0060111885172319,0.1952759837612313,0.3663596357020809,1
14353,-1.286358321348091,-0.4663460848010101,0.5181860613192996,1
14354,-1.592329176961286,-2.0469491856058504,-1.3049097526919653,1
14355,-0.2157306090736235,0.5859047832176849,0.7107421828917648,1
14356,-0.4765322903274452,0.380582864069257,-0.4517807355241934,1
14357,-1.2904826623583563,-0.253699605757919,-0.7289573644724918,1
14358,-1.292582641069229,0.3208130243221943,0.4614044106396088,1
14359,0.1671820808821273,-0.3319378121698226,-0.8194073875684893,0
14360,1.3446797641569577,0.4244362229869663,-0.4413369051866182,0
14361,-1.991035769001283,0.635290308736101,0.2818684393087529,1
14362,-1.6124022978755863,-0.9378459389369946,-0.8878692453659375,1
14363,-2.393037545496738,-0.3293197381203453,0.4448177351776325,1
14364,1.5524927175744,0.558859548205641,0.3803599096341715,0
14365,-0.5029460754063527,0.8327417763383158,0.4983210715928347,1
14366,-3.8412553961222753,0.0021704946514474,-0.2404527064431402,1
14367,3.5455829584945424,-0.2864266319085743,-0.1945212938127778,0
14368,-2.8944460639803458,-0.0280075143746527,-0.0850829954618452,1
14369,-1.3102404426775722,0.6385328911468307,0.6376078325039534,1
14370,-0.3955673251498039,0.0482910394455957,1.101762289369271,1
14371,-3.424949149443968,-0.509363218560873,-0.07390558277735,1
14372,-0.5220521075565291,1.1924967334454375,0.293624398085994,1
14373,-3.873776449872468,-0.7866853723095191,0.1121089972665844,1
14374,-3.4843479943410696,-0.2822157025248859,0.2746875008428032,1
14375,0.5192812849912197,0.6202416770638621,0.5594996123323434,0
14376,-2.453012636542177,0.5793387495980339,0.3163567906504332,1
14377,-1.1670578654534014,0.5560207203764622,-0.2753153965411075,1
14378,-2.9722063437672914,0.0368567297931433,0.3633284653106311,1
14379,0.7074322355548596,-0.0640536157515986,-0.094632217341749,0
14380,-5.325893372246226,-1.1679842238848133,0.2585766622859403,1
14381,0.0521029881587614,0.0988242110790761,-0.2652057990366602,1
14382,1.3470244833901446,0.6355750469512652,-0.6241030896402447,0
14383,0.554239303094837,0.2922538663741822,-0.5739116392965824,0
14384,-4.047898110990827,-0.9216680400596804,0.3714027363997094,1
14385,-1.495771690500583,-2.2414711320730745,-0.7981201165760696,1
14386,-2.8618524152625584,-0.1143700638637819,-0.0879968391681437,1
14387,1.135852576841366,0.5644833755769436,-0.5513156558597071,0
14388,3.0752012767413985,-0.6054947591813882,-0.0151521295517205,0
14389,0.9310541857214096,0.2804919804902215,-0.0484949136793331,0
14390,2.93156751855146,-0.3836941332565543,-0.1982892976344261,0
14391,-2.46359873031239,0.1030110617791652,0.482952341757941,1
14392,-2.014123151911528,0.7221755156826833,-0.0066253651562724,1
14393,-3.884949455312947,-1.1058150755616147,-0.0281217714964284,1
14394,-3.3246090417133614,-0.3469827901548374,0.3865979894507004,1
14395,3.716524117787792,-1.2644465997296366,-0.5119115778775902,0
14396,1.340653944534594,-0.2238222113691945,0.6065441315343367,0
14397,1.6157259004130062,-2.192834821388864,-0.6410321359347266,0
14398,-0.6499653578829806,0.9084657317314204,0.4100068199353889,1
14399,0.8788522771965555,0.2876252201338857,1.402646537369811,0
14400,0.8966517682745488,1.1433155769012338,0.0481786442297233,0
14401,3.43078752541098,-1.2617506294163552,-0.1668864618256151,0
14402,-1.9841198661611663,1.0061651721447904,0.0563630714544356,1
14403,0.3129690105807776,0.2430095855741088,0.1827197390577907,0
14404,1.7362951851671142,-0.8927546622488055,0.6176893685972695,0
14405,-2.818873218544342,0.3992594397799669,-0.3491767658608704,1
14406,-2.466204219703629,-0.294830866789328,-0.513542303119726,1
14407,1.057062238293578,0.3257011109994471,0.3793917130147061,0
14408,2.161591927759563,-0.527485382356655,-0.4273756410661133,0
14409,1.6918529178107538,0.1624439648202034,0.3948018224607241,0
14410,1.7741952609393434,-0.4113933196539234,1.1836566001522395,0
14411,-0.7285422218023075,2.173282919445764,-0.8121353578486742,1
14412,0.9482462694744654,0.5011824086903458,-0.4361944232927024,0
14413,-0.3703353128939065,0.0202862174420585,1.0908033180309629,1
14414,1.5311102121203235,0.0265343280804985,0.6673723351294738,0
14415,4.449539544294999,-1.2020963956272974,-0.7980685231983083,0
14416,-0.755269962144486,-0.3960570720810002,-1.1146849828054546,1
14417,-0.3261728292192173,1.457179652818757,0.2309063958912414,1
14418,1.831816050242231,0.0434860440452522,-1.581795069119296,0
14419,0.9825945183268432,-1.3261334095273687,-0.1842193846420633,0
14420,0.8605446111135394,0.5250066130104434,0.1611275013905315,0
14421,1.2878395267865483,0.2581850734734735,0.0329186062026575,0
14422,4.190232299293707,-1.0889913682835852,-0.9996800423551452,0
14423,-0.6793032330567964,0.5440996441655829,-0.003715138338813,1
14424,-2.214181038438001,-0.1024902468612783,-2.1905969692759717,1
14425,-0.791618214868516,0.3568249386797145,0.7436728614169577,1
14426,3.8423111226092495,0.2679483507438563,0.4279958883273173,0
14427,0.3369192488017724,-0.0109441335372279,-0.2557528326699627,0
14428,0.929079799940754,-1.0553148114351054,-0.7313039514659798,0
14429,-1.067756006420657,1.4722909186838002,-0.1957131511159076,1
14430,-0.319244342949031,1.1141258028314571,0.4874342893286457,1
14431,0.9699153259730728,1.422990735683814,0.4171331250081881,0
14432,2.1021256196235862,-0.4481313028010755,-0.3752957857159421,0
14433,-1.4072538758395616,0.7499772515909889,0.4405261453669893,1
14434,-0.3679362555799864,-0.6737678032640773,-0.9878838995997152,1
14435,-3.034347066276671,-0.2983311717083567,0.2863475556833972,1
14436,-1.572570647644301,-0.5433436815696456,-0.1645510750433576,1
14437,-0.4750047752489916,-0.0644399630062363,0.9868281918470084,1
14438,-2.722164429270605,-0.1697569529102595,0.047560129257858,1
14439,2.264714364704917,2.5807810256537524,0.1474954618354578,0
14440,2.3927229831760246,-0.4807701323498144,-0.628373672957693,0
14441,2.668799502212696,-1.2607688876815095,-1.5190672405412122,0
14442,1.8569456492615373,1.3080409151464245,0.5531773756067025,0
14443,1.335322451153022,0.2833301516301602,0.0602448137774302,0
14444,-2.5774186246560418,-0.0945438292693265,0.37105611522088,1
14445,-1.993416683190081,0.4849361936928352,0.3052401711550361,1
14446,1.870572615351921,-1.6970592703700025,-1.3481486725067486,0
14447,1.137796144637734,-0.5414528986343333,-0.2940899163176474,0
14448,-1.0024440535183412,-1.0797468870681837,-1.3588044936471606,1
14449,1.9714884869637428,-0.662622700359995,0.2276117492272567,0
14450,0.0416476969369173,-0.4772388718711307,0.9359648746204272,1
14451,2.0219931390050414,-0.4156051160077124,0.9124043798662694,0
14452,0.241532452914053,-1.3098828471733397,-0.4383737005507921,0
14453,-2.577048235124963,-0.5004052799203544,0.067040295857671,1
14454,-0.0731708017097377,0.0247050169378659,1.209620298511188,1
14455,-0.3975135682133817,-0.0778524391194071,1.235760365021752,1
14456,2.8676815121357024,-0.9257319889940752,-0.2279606404867035,0
14457,-3.0526252722874725,-0.294690257142502,-0.0559743729596494,1
14458,-1.4043828108069265,0.531626510963451,0.3784409692119398,1
14459,2.020935143352195,2.9393007867734458,-0.6957477967782891,0
14460,0.4055836676634234,-0.9255023116244132,0.929963659622744,0
14461,2.8254644283253363,0.5689648668379057,1.2924079650546854,0
14462,1.4660536584727497,-0.8155262101689922,1.0325086036322575,0
14463,-1.0239241211941954,-0.3020140194463147,-0.2221976291260468,1
14464,-3.363592694941765,-1.0077055739701657,0.767727137332443,1
14465,1.7862122236376483,0.4340929317746719,1.250753934429075,0
14466,2.094843276922898,-0.4021438884729301,0.222890774048799,0
14467,1.6550479173165946,-1.2507004575669791,0.3730352837818034,0
14468,-2.254282075878597,0.6366716935885044,0.3550830179728851,1
14469,0.846411434541315,1.2490079875639246,0.8007760882177147,0
14470,0.06155339606007,-0.7853055865103802,-0.8652986934695611,1
14471,-1.3584365593019598,0.3996214706528357,0.7788648834799451,1
14472,1.3550200784923865,-0.3106301652041048,1.0000207372690424,0
14473,-2.14216195064919,-0.8670388344602732,-0.4079422442569656,1
14474,0.662025382551033,0.8209767366473781,-0.6240830636529022,0
14475,0.1740299229068082,0.0111813893724253,-0.0572254628774118,0
14476,-2.109425788397373,0.1853557286748053,-0.045176117959458,1
14477,0.5125026745202002,-0.4744380102099797,-0.8166867450089724,0
14478,0.3178453206476411,0.7199753407894629,0.8269112033323605,0
14479,0.3154004640333683,0.3616171594484349,0.8584298601646217,0
14480,0.7782006797868244,-0.4768378729750258,-0.9190176670872134,0
14481,1.223299516792934,0.7683578111456693,0.536964727097783,0
14482,2.524596978033645,-0.4644260861465063,0.1614872983500948,0
14483,-1.8946446306276885,-0.2905413771666768,0.3724000250790951,1
14484,0.3407307685152392,-0.1746143662051377,-0.1324183548127559,0
14485,-1.7060177753539552,-0.6962115705079953,-0.6256625316390305,1
14486,-2.883369359629442,-0.5187931605291939,0.5171200148917061,1
14487,0.9479594689249612,-0.9991563028672946,0.2759975940392097,0
14488,0.3853638923622117,1.716437582586469,-1.138334951797141,0
14489,0.5676179426126435,0.7303570506171145,0.4502095116167413,0
14490,0.3051844558811259,1.6289187798474012,0.2950452226285103,0
14491,-1.6045814131550322,-0.1719865745039481,0.0592256010259246,1
14492,0.5285822645508059,0.4044303098131953,1.208575413473432,0
14493,3.0030010285922613,-0.3518417115465566,-0.4086134322528133,0
14494,-1.005716551529763,-1.130030973500619,-0.5498916096585937,1
14495,-2.387399875549802,-1.8557869779793037,-0.1112640495466463,1
14496,0.7753802492460947,0.5415289160766676,0.942508927093818,0
14497,-0.6189407675222619,0.8283491201640885,0.2480462326159612,1
14498,2.312511339537643,-0.0645185134644147,0.5385496684833003,0
14499,1.6372062568621164,-0.4398511477637037,0.1535908777962207,0
14500,-1.8293702737437505,-0.8540021195259089,-0.2079420794969927,1
14501,-2.001311784903541,-0.456518015194356,0.0812840346774566,1
14502,2.089785543316801,-1.009263360991709,0.558329697316588,0
14503,2.400774986110454,-0.315240922093036,-1.3865186729219217,0
14504,-0.0756032004875805,-0.7881009651230235,0.1744967103112642,1
14505,4.074702312187864,-0.0366229794033052,0.5363164702218923,0
14506,1.9734752073113808,-0.2320133447962553,-0.1677077973866492,0
14507,2.032609349648369,-0.6111017092461781,0.3163851924433035,0
14508,0.4357159395088877,-1.1354575868412902,0.064151615666503,0
14509,-2.8682829477487144,-0.2632777319129239,0.6104495955274511,1
14510,0.0284106967505237,0.774648088834823,0.7051554905603203,1
14511,0.8456638036242756,-0.7571213030176476,-0.7099451296557948,0
14512,0.2501410034416478,-0.3658047920873038,0.9785499292320686,0
14513,-0.4618291855366028,-0.8000896472388925,0.4047136679596669,1
14514,2.271906059811423,0.3445731047541776,0.4819060741351091,0
14515,2.105971409114161,-0.6310559033624383,0.0667958578500114,0
14516,-2.362695878539671,0.0841888740764424,0.5593494173318714,1
14517,-1.440529828423155,-0.7897654619202927,-0.7343248631789875,1
14518,-1.6554304390557888,-0.3245481776510348,-0.6124718527204057,1
14519,-2.1605878875321767,-0.3528919000137788,1.1334334430878,1
14520,-1.4250383152389812,-1.8495160167342115,-2.3368405513386348,1
14521,-2.0072269657775874,0.4804231069198464,0.2801336562446295,1
14522,0.8470627642604587,-0.8002036702733678,-0.1569166403989509,0
14523,-1.6314885334828355,0.2095172995912577,-0.6039715870254087,1
14524,1.9454980859266973,-0.8891506924795066,0.7310759051716051,0
14525,3.3918726059563977,-0.2205261918620631,0.4337835109298639,0
14526,-1.5289458570296246,0.6427895301550605,0.2631293560904031,1
14527,5.160561598064609,-2.324089763014392,1.0249522719428044,0
14528,-0.9521347062215132,0.2982549185954641,-1.2021485653004105,1
14529,0.0281698155933132,-0.5143043345898934,0.310897588415197,1
14530,2.880487952962316,-0.3783205328251965,0.5413974205019074,0
14531,-1.2808029924512203,1.1643443619091487,0.1077433701775239,1
14532,1.6890223932745798,0.3209646226909292,1.3246306201573186,0
14533,2.211574135520782,-0.3851243683540425,0.1364422148971584,0
14534,3.493741826587969,-1.7907011307626266,0.1117867058022361,0
14535,2.9543443773407434,0.6602979467023993,0.6153030539277123,0
14536,-2.5018726203073736,-0.0147421750648542,-0.0236356228704628,1
14537,-0.6619679800869411,0.1764829646090385,-0.6647673886869199,1
14538,0.1702593286694256,-0.1814962029107459,0.0041930729811236,0
14539,-0.25880338843514,-0.416131124319431,-1.0699880639911723,1
14540,2.355994011625439,-0.7442759233406268,-0.1404364804761353,0
14541,1.3904379821646664,-0.9256271978072418,0.913556374503232,0
14542,-3.4279948671070173,-0.6783852396498206,-0.2865169244066243,1
14543,3.254368001470646,-0.6165150958263793,0.7637763249811742,0
14544,2.003213837227151,1.111759538961597,-0.8542535945599683,0
14545,-1.5083387616181556,1.1976697333681925,0.2381813934044908,1
14546,3.1540976688139324,-0.6008719325675246,-0.4034733059589846,0
14547,2.721629647502859,-0.4950474221867675,-0.8745283595828165,0
14548,1.0191513527029783,0.0351587815153898,0.8126975172510699,0
14549,-0.0192948541683828,0.1798768417447004,1.0135938743858075,1
14550,0.9795071310821466,-0.4451775591723299,-0.8231263394268185,0
14551,0.3969032171830844,-1.5406809235503625,0.0711267517991592,0
14552,-0.4398955995815246,-0.3490848934272487,0.703165707344149,1
14553,1.623671001162054,-1.064979700374244,0.3482641456723649,0
14554,1.8126156758266596,0.1201893732206237,-0.9182010533028618,0
14555,1.1802524054334251,0.1398869497788452,0.1119772529899405,0
14556,-0.1879447749979861,0.6315348497623885,1.1914860913377363,1
14557,-0.3715437035050296,1.4709921947227125,-1.1868791770507487,1
14558,-1.412555622595901,0.4744415198156649,0.6441793062890628,1
14559,-3.639437662344843,-0.6569757396030413,0.099614123470933,1
14560,2.853602720021473,-2.157609137114901,0.5179994499096113,0
14561,0.4840640248089342,0.3668572255836596,-0.0813671202459389,0
14562,3.2676256265096604,-1.600445548278748,0.0508495181099384,0
14563,-0.5430427350543539,0.8559080838083037,0.7463781757782155,1
14564,1.0739151827339586,2.447363012557984,0.0995445868451375,0
14565,1.8598985599662596,1.1721112241092606,0.0893905629729864,0
14566,1.041117153792861,1.709802561446629,-0.7762108010702126,0
14567,0.306653594255375,1.1541145544554023,-0.9730702283558168,0
14568,-0.1389940254585976,2.1579488985407043,-0.1996204275511366,1
14569,0.1745922852727766,-2.172970362444882,-1.856914865364042,0
14570,-0.4768814465943088,0.1241779169194173,0.751128744898924,1
14571,-2.369396705831094,0.0801470062323014,0.3930545194272499,1
14572,3.253831646058764,-0.6878837243396543,-0.7252552885074169,0
14573,1.1180952199926628,-0.6634822923310143,1.5744596066805734,0
14574,-2.8421175506410616,0.1900365577613424,0.4512673735071222,1
14575,-1.04580589108027,1.2245293559791914,0.2723114770265757,1
14576,-4.872302480731001,-1.5934430190189752,0.2362605088482164,1
14577,0.9813136001480164,-1.171507076052842,-0.1789152742942962,0
14578,-1.0116981597982695,-1.4053894526744104,-1.9396471860905924,1
14579,-2.761336906827698,-0.3612006260422408,0.5460382426591494,1
14580,-5.936535452350365,-2.480107241913076,0.7351998882259382,1
14581,-0.3690959959301108,-0.7429202702750446,-0.7568981496956179,1
14582,-2.605973164367205,-0.9906650542805177,-0.930576195450166,1
14583,1.894803776862406,-1.4047067658625727,-0.1494754888188385,0
14584,0.9133166435674264,-0.2093038828305027,1.1164175593635506,0
14585,0.5528680385189291,-0.4417986310808102,0.1942995543929711,0
14586,-1.499952615846748,0.5266360191122744,-0.0038629804327848,1
14587,1.2857879064225812,-1.233424130572004,0.3092894079642673,0
14588,-2.728366121263438,0.0304936533351084,0.4622845126327339,1
14589,-4.7896640876264645,-1.5489240582803965,0.3245874668928667,1
14590,1.1915846249689273,-0.5935844007759759,2.1412141013450845,0
14591,1.2469925749809436,-0.3546499966742081,-0.4847696475401026,0
14592,0.0735126843820706,-0.7067645772890441,0.0088471799069574,1
14593,2.5178166333503404,-0.6392617758052885,0.5419284762555866,0
14594,-0.516978402803956,-1.195801593405597,-1.199227306737619,1
14595,1.541664344515921,-0.659348092853639,0.0009963074112135,0
14596,-1.934975341265616,0.5693741403926506,0.5662319861138884,1
14597,1.5600001190126591,-0.4234849394026166,-0.6521586760965495,0
14598,-0.4379120349608238,-0.5007394024449242,-0.1778153718954123,1
14599,-0.8045021981445836,0.4088889901737523,0.7314201941398654,1
14600,-0.2399629138472704,1.0774981350312771,0.2336161926885487,1
14601,-1.5761568233165066,-0.6891505190895562,-1.7745733550582532,1
14602,-2.142580128525545,0.5209278704412069,0.5034258271273402,1
14603,-1.3967415631430593,1.7199607750207118,-1.0313098572917283,1
14604,-2.5205797217706567,0.1418986964269569,0.5523339467305625,1
14605,-0.127060201195729,0.2658952323928494,1.0226827054103418,1
14606,5.997499805102981,-3.209322696112454,1.150471082555007,0
14607,4.232035078937233,0.657001702503681,-0.2101839365268578,0
14608,1.428921597713836,-1.0949395950101732,-1.2353151252965475,0
14609,0.7812872750983649,-0.6842255982519865,0.3591165602248403,0
14610,-4.574961310661432,-2.8617321818511865,1.4510762885529624,1
14611,-0.6492001352529464,0.8326280308581314,0.5001017973678341,1
14612,-1.046998818962918,2.032708876308992,-0.6034950080817725,1
14613,-3.876283974082555,-0.4451541529295658,0.2465612498410886,1
14614,-1.661046042404384,0.8194164141309915,-0.0033069252251979,1
14615,-0.3188417112139394,0.0591254460489032,1.0315957698053002,1
14616,-1.798008473174685,-0.7254222710276795,0.4008450470086946,1
14617,-2.6479399766309126,-0.5351246842802765,0.4861420613684735,1
14618,0.7848342356148287,-1.2591987381707472,-0.5870712027523861,0
14619,0.1989976182478772,1.4557542869186286,-0.0309761388375633,1
14620,-1.2190058164083442,0.1046907082759799,0.1765609789302495,1
14621,2.5105305495843004,-1.4436513974054348,-1.4084093241282452,0
14622,-1.5049086187450742,0.6444976268450107,-0.3788032352044546,1
14623,1.5191457970061124,-0.9228196671415156,0.5857619589385259,0
14624,0.0099340450250503,-0.9863673642411758,0.3730198447137022,1
14625,1.97327267864364,0.4851559950020476,1.1373363513619774,0
14626,2.6580691068533158,0.0116435643324847,0.1013013987792101,0
14627,-1.0508254383989917,1.3192101504996618,-0.1001638590222702,1
14628,0.9484498501035246,0.4241328923309365,0.1545121516594951,0
14629,0.8933816173816392,-0.3109402293236616,-1.6237088604604393,0
14630,-1.7306942798187128,1.0066788857486135,0.0312368068197054,1
14631,1.13816996260396,0.010371752561911,0.0533827609294473,0
14632,-2.7877682937124835,-0.3597233380540752,0.0255939022925278,1
14633,-1.6630723223047876,0.8197842458776727,-0.280218564096172,1
14634,1.0110219769066924,1.3328809700926,0.8201402714918163,0
14635,-2.153480924372696,0.5038999453717607,0.1410479166175167,1
14636,-0.5399502045024691,-0.0403086224658439,-0.8193865808004009,1
14637,-3.049558903480132,-0.1154626042529508,0.4756703806526764,1
14638,-1.059850656390564,0.5921681401274206,-1.2076259712993105,1
14639,2.391760760595775,0.4357502470527031,0.3331121573437266,0
14640,2.119864063394463,-0.328265495126118,0.1435901597871761,0
14641,-2.402401891216021,-1.224960339740577,-1.1595738277516845,1
14642,-3.0814425686705555,-1.0200505781535965,-0.9030975625225512,1
14643,0.7095715657166275,0.4587366066731137,0.5092282527670122,0
14644,0.8946885181051056,-0.0220448452632869,0.1754639106132224,0
14645,-0.1160154743574983,0.357455215449058,0.2256715057505837,1
14646,8.926221660911096,0.754140425317176,-0.0649342765371412,0
14647,-0.9626861321913291,0.2880801209283079,0.1798010939111177,1
14648,2.158510301589369,0.2980492635125936,1.9583245638575857,0
14649,2.809115006689024,-0.7099649400224586,-0.4507159121073556,0
14650,-4.045541336301424,-0.8251039770872985,0.4589781322134514,1
14651,1.3658469555100523,-0.5400831226284567,0.8542354944642985,0
14652,-2.3278392809577384,-0.8604206571087647,-0.2574183598779502,1
14653,2.9499372072873355,-1.6666141853231913,-1.027670814186063,0
14654,-1.6926025757108505,0.8497061532991912,0.5015955184067268,1
14655,2.18563728566446,-0.0734526863352406,-0.9394021907471736,0
14656,-0.005822687322353,-0.5110551546614329,1.048044439624776,1
14657,1.2015595560494283,-0.7672042046590531,-0.0874084870130629,0
14658,-1.353029892014494,-1.7979884652697973,-1.397092212168349,1
14659,1.8825661545319228,-0.9276768512645084,-0.2859998299755208,0
14660,-1.3413853100527915,-0.5785915455462246,-0.0658758875646342,1
14661,-2.906318164627644,-1.2251947607170548,-1.2323214045171187,1
14662,1.1989231184042377,-0.8894393690438163,0.39555806280403,0
14663,-0.7592736638322274,0.5477966847300754,0.6941997332340889,1
14664,0.1606346296162756,-0.1873746665000795,-0.7980240719849224,1
14665,1.403625722776257,0.1650332999920886,0.2164919195212399,0
14666,-1.5935878403637196,-0.5583199278231471,-1.1944042719451549,1
14667,4.770457413883505,-1.0021404497224136,1.003307106140756,0
14668,-3.0447425687489544,-0.2656916109728761,0.3024253071292177,1
14669,1.86947946608402,0.7843694605023165,1.1626108756633833,0
14670,-0.2140603856308041,0.0293538826592771,1.017755464914256,1
14671,-0.1330473601264578,1.5783631085685694,0.360925070821984,1
14672,0.2603279128086657,0.3462318191029417,0.7510816635255884,0
14673,2.1679333075288705,-0.693209613521662,-1.2471772318993095,0
14674,-2.4022421084738723,0.2999251916872397,0.2750057001611855,1
14675,0.9795260711169536,0.2397003476696011,-0.8653477063307229,0
14676,2.97850636005909,0.55731913712154,-0.0811816619926249,0
14677,-2.2914796441136684,0.4396427076313969,0.3330008054920391,1
14678,-1.440846530740612,1.2855985079565644,0.0911730154563713,1
14679,0.1306698869448411,1.0947602064696416,0.4941315129742935,1
14680,5.315578156846455,0.3690679948109484,0.7518259323765099,0
14681,-0.6212209515691015,-0.8943639447609445,0.177809076102283,1
14682,0.6112819456228967,0.0906212245187815,0.8399035557114869,0
14683,-2.0209664085102963,0.2346312162937233,0.6048600224773399,1
14684,1.380048263722817,-0.6771483710410954,0.2736723891162076,0
14685,1.5828447214804802,1.30924046969183,1.2211939520977877,0
14686,0.0779342123826431,-0.1119878521194019,1.514673789511517,1
14687,0.3368195721283084,0.7824407081067636,-0.2387681669034419,0
14688,3.337833512255082,-1.3331825311867036,0.3886311039420086,0
14689,-2.6768550125454107,-0.4865993422534908,0.0317670678825712,1
14690,0.0081964400206795,-0.6365624805519843,0.022650350037242,1
14691,0.9593035292367889,0.1059850948601074,-0.4775142041410313,0
14692,0.8684651024105207,-0.8550539298482892,1.3389327791969396,0
14693,-0.1278615154512096,-0.3313736394565794,1.0590880659276911,1
14694,-1.9639275089424,0.7781790868982503,0.2509330158225664,1
14695,0.2952273388121773,1.3584185032980003,0.659483255688471,0
14696,2.127554782994583,-1.0258412381902269,-0.7600772860542536,0
14697,-1.931601118185954,-0.7396174233836034,0.5337829379261158,1
14698,1.3755639523451275,-1.4682172868026286,-1.21380393001514,0
14699,-0.4052975031233178,-0.1810451719534705,0.7226962482658419,1
14700,1.7614957300988772,0.552783629379968,-0.3870658497413415,0
14701,2.8177191279875107,-0.9670224786560002,0.3367258832647865,0
14702,3.6542914166915095,-2.2681078120129925,-0.3822789011233371,0
14703,-0.9471090123128992,-0.1867540556350446,-1.5323193664465402,1
14704,1.8319042581987224,-1.5772569191930967,0.3849293723573624,0
14705,-2.895267934657016,0.1003242576583002,-0.7301170281823238,1
14706,-1.4131280114912843,1.2250492990335562,0.1970811606334826,1
14707,-3.320371028117303,-0.7834919177130929,0.3093772769165027,1
14708,1.227551653340362,-0.7952339918076275,-1.6298508567024148,0
14709,3.095431207620751,-0.7177129576376504,0.2901292176518724,0
14710,1.8418950979098137,-1.6431901088867753,0.6077372944898237,0
14711,2.0356568178681167,-1.0766641058054331,-0.0065199871160698,0
14712,0.2030149477039313,-0.1325523628388281,-0.7052559526905653,0
14713,2.9411585534692,-1.2927576363494753,0.3427603908168016,0
14714,0.4108152850676115,-0.6247690175843796,-0.3218123193628484,0
14715,1.2627274461315656,-0.7779991590980582,0.1382318634134683,0
14716,0.0070393946923357,-0.6191241126620245,0.0264628364578129,1
14717,-3.4789554981465627,-0.4773132970461314,0.6920168184046104,1
14718,-2.027821730611403,0.5732734052055205,0.0205225061803851,1
14719,1.8007400606627693,-1.151519804987095,-1.264064730552769,0
14720,-0.1039072593562382,-1.090264163278024,-1.303654510021685,1
14721,-2.7062164189270064,-0.3678285425465364,0.4694500292404082,1
14722,-0.7024621894387337,-0.3914351746963388,0.5489884078273961,1
14723,1.8367506717452924,-1.5735256043510215,0.2978665264281263,0
14724,-1.3936519332060744,1.091586961509552,0.3172147573825367,1
14725,0.9720168149575694,-0.2172664257318772,-0.344136832359883,0
14726,-2.801382159403471,-0.0714362874968572,0.5939520872383025,1
14727,-0.79962198901923,-0.1720471970159961,0.7743365114612861,1
14728,-2.4188782018697927,0.3048403809156255,0.107668601905012,1
14729,-0.3838035208973334,0.1319261064735578,1.081537101102269,1
14730,2.3036808952596157,-1.849486991884832,-1.0868567616775917,0
14731,-0.8359380110220798,-1.0112129583965617,-0.0234302883826495,1
14732,2.787548966789448,-1.1200952708303378,0.0473641650042511,0
14733,3.606221639739101,0.5657105852666462,-0.3090143695519349,0
14734,-0.2805170594950519,0.477185784746862,0.8494487629771469,1
14735,3.912203249985193,-1.9746373880492656,0.4685634642082733,0
14736,-1.2417557236348398,0.2176253868556318,0.8692670397301344,1
14737,1.6793510658488753,0.3508878111108313,-2.027414837797513,0
14738,0.8795782145293441,-0.7614192417802665,0.3356468475956671,0
14739,3.882275821082133,-0.8178081407849858,-0.3579887295985912,0
14740,1.9139901373327963,0.3973684512699314,1.1855698028245103,0
14741,1.0871924189889155,-0.8786539467947846,-0.5028079017672936,0
14742,-0.7673700497870796,1.6257772277121578,-0.08897421077038,1
14743,-4.104081880988393,-1.006565101603314,0.5381002257529852,1
14744,1.982192607627261,-0.8641659397043717,0.0060922726170694,0
14745,1.3491241090992037,-0.4173211063114065,1.0152987760062633,0
14746,-1.311889885858421,-0.0952474961205041,0.6209980720644828,1
14747,-1.763334705949199,0.7383673541626815,-0.3215504334459152,1
14748,1.8853214590600849,-0.5683542006737788,0.3398106872302786,0
14749,-1.4483705691723765,0.9993532005014826,0.1038746586298335,1
14750,-2.677846418846845,-0.1202014544175784,0.8513225537553063,1
14751,-3.1262065640400567,-0.8202343491209209,0.9221480093663484,1
14752,-1.3468086394055403,0.4724672024750264,-1.4703877444817897,1
14753,-0.1027526456651763,0.6596730142986186,-0.4136135229365741,1
14754,1.0310771338693188,-0.3706035591871854,0.248950055431201,0
14755,3.528231025175095,-0.7512219152721578,0.2441973098697933,0
14756,1.7257215035306606,0.8224530833034607,-1.1553717820454734,0
14757,-1.1301683910706308,0.652596577557543,-0.9578224624766548,1
14758,1.1633954136557068,0.4790446416834601,0.5773892943312969,0
14759,1.2423000835150155,-0.1405713702787405,-1.5107672487646917,0
14760,-3.405377617087725,-0.634149245900446,0.0460028181382582,1
14761,-1.016180403973321,-0.7466335420160006,-0.1646129598909716,1
14762,-1.0190314026015896,0.2434696501561991,0.3463538766723043,1
14764,-1.6602470673924294,0.0968780293817742,-1.249743471887348,1
14765,-1.2468790897558508,-1.6548903000758388,-0.0902801773355709,1
14766,3.1790137844637747,-0.1700898941402477,-0.3942622944878532,0
14767,-1.6669785635941123,1.1440959057120734,-0.0757137871433478,1
14768,-2.331434313995848,-1.5869674905886717,-1.161191888013511,1
14769,4.801331241580971,-0.110059338482106,-0.4965064644534746,0
14770,1.63513446856597,0.7358247772570432,0.9797248033999264,0
14771,-0.6325635003330017,0.9223200715386278,0.7273832834335788,1
14772,-2.489383633671544,-0.4448125919046871,-0.4519476464213395,1
14773,-2.900839729671848,0.0873050213284264,0.3291167503033034,1
14774,-2.194444903102287,0.6748930623629535,0.1103410049311798,1
14775,0.4765559063310807,0.2207103611510442,-0.2109743045540315,0
14776,2.0413972945989043,-0.5235539380051578,0.6957166448328779,0
14777,-1.6581992193112849,0.8942421824861877,-0.0397422018746104,1
14778,-0.4924101663108631,0.585466404035751,-0.2411749466060932,1
14779,-1.4905259240376727,-0.4748554027499202,0.7606665875347886,1
14780,-0.7910461989756625,-0.220861297285119,-0.4636084792536583,1
14782,-2.4342951137490285,0.3386926753680256,-0.2140052352142883,1
14783,-1.6672809613827575,1.0680341108696567,0.2184197961396391,1
14784,-0.6247577479321257,-0.9833187492142136,-0.4748900219831885,1
14785,-2.9459268225584183,-2.701306289475508,-1.080494315963109,1
14786,-3.0958410380686425,-0.3512507655582478,0.4621927890904428,1
14787,-2.900140130386609,-0.2567629979864886,0.4279958813914623,1
14788,0.8052501747397808,-0.3662718661924422,-1.3188241374527825,0
14789,-1.980744071830066,-0.472927633860484,-1.336666798964756,1
14790,1.737761908373224,-0.7783890553207248,-0.0611531186509914,0
14791,-1.8481235967065108,0.9747854366338752,0.1732277990145862,1
14792,-6.092542632903169,-4.082869467906663,0.2343544303005054,1
14793,-0.1711458693211009,-0.1785339031727648,-0.9660539020567708,1
14794,1.585728562914016,-1.730721651956635,-0.7484648111505612,0
14795,-3.2034105400199016,-0.4653333331772987,-0.4223665338439015,1
14796,4.412402940793471,-1.6049070170436464,-0.5304073463927347,0
14797,-1.9540437483138429,0.8927711402491362,0.0357772969019137,1
14798,-0.159876434771224,-1.5288687973146315,0.5879925608406299,1
14799,-0.9312411431300645,-0.512608477462654,-0.4030115347123583,1
14800,3.212947707797706,-0.0335606500635675,0.9111546885866204,0
14801,-1.3181061108609358,-0.3309208697608222,-0.3741067981605037,1
14802,-2.5869392434769227,1.5968865161878354,-1.0539666306474516,1
14803,-0.3759580037961912,0.3068428218201416,0.1655765909270746,1
14804,-1.0915794925682247,-0.2461010886485208,-2.002372534730886,1
14805,0.6246820310720151,-1.3920205290393222,-0.0608461306638283,0
14806,-1.1882934243738483,-0.5073957715443882,-0.2191930400057034,1
14807,-1.0448451759873956,0.5298705727636872,0.4776571263607043,1
14808,1.8849937512264248,-0.1568853569546128,0.3515753431313256,0
14809,-1.1358772421381411,1.0514889298629069,0.3547531541568659,1
14810,1.500139150930255,-1.0120105998967557,0.7643981691581773,0
14811,-2.240867994252872,0.1398530573518132,0.3153407679302702,1
14812,-2.020343286218297,0.3678472704562518,0.5974200481513852,1
14813,-0.0956858846362791,0.2097221715545269,1.0919011567748742,1
14814,-2.3246373260378426,0.1801188335272513,0.5686374782681682,1
14815,0.2132692880116169,0.2864824702692136,-0.6843683306085794,0
14816,-3.138471877647336,0.3291615518665338,-0.8523356603368919,1
14817,1.832527673218008,0.9969540820169436,0.750212600180807,0
14818,0.4408717048388883,-0.5604989561167131,0.5291061622166854,0
14819,-0.7785077210274619,-1.131649939469718,0.3450880319816176,1
14820,0.6872446938964429,-1.389865594912172,0.1367533351549802,0
14821,0.041311388693928,-0.1687654604761123,1.305333854580545,1
14822,-2.632413424332199,0.1884442827666223,0.184397801665179,1
14823,-1.418665202293221,-0.8342476855349507,0.7328384004086627,1
14824,2.186583467023098,-0.473652706753477,-0.4881038865721282,0
14825,2.934164104513888,-1.842270758442388,0.0709176278510037,0
14826,-1.8807907971412472,0.387986941842187,0.4361640187695664,1
14828,2.765135947680636,1.2496857890112152,0.7721557398233998,0
14829,0.9377460893766384,-0.7859949329858347,0.1155763775055402,0
14830,-1.4302035280255676,-0.3695890904494285,-0.5381826183344743,1
14831,0.3595192555919828,1.5707425886541464,0.7257845923287491,0
14832,-3.881873866266042,0.868030140283179,-0.7008705060360485,1
14833,-3.2474484203890013,-0.3821641695449376,0.3592041120176045,1
14834,1.2041228618242692,-0.4804372367366071,-0.4082814624408645,0
14835,-2.58882288180402,0.1512558628294086,0.0657878817766196,1
14836,-2.702728475679125,-2.991055780124121,-0.7215253335331125,1
14837,2.02217096910621,0.2398420123770328,0.7371010634573711,0
14838,-0.3949306634530826,1.02623436097189,0.4967799982994511,1
14839,-0.0268949611745041,0.7491047610682795,0.7723265373244966,1
14840,-1.5082817441144944,0.0484960774837726,0.2855198693633672,1
14841,2.853716127213757,0.2611604928355787,0.6024441434453015,0
14842,1.5812539741614708,0.8409539063001986,-0.3761473643470349,0
14843,-2.2839354913742325,0.5001380077949436,0.0097661417210522,1
14844,2.685238379928621,0.7352996781964054,0.3496657366923724,0
14845,-2.687118921894581,0.3936342492452186,-0.0225682232181005,1
14846,-1.5204684144874057,1.3049248116740169,-0.265125011201614,1
14847,0.2658112476394884,0.799018330051058,0.0418284303084217,0
14848,-1.7068570691870752,0.9335305884483835,-0.1262863230890819,1
14849,4.151141798166306,-0.7258087009470533,1.048216637368033,0
14850,0.9245535678190342,0.2246359139295972,1.297117023497313,0
14851,0.1737684973981983,-0.3315708623645994,-0.6913825591150372,0
14852,2.6668072310335025,-0.2214021801923791,0.8955961749615239,0
14853,0.2422277886127452,-0.4736571619623686,-0.6002756278607378,0
14854,2.222260981861179,0.1509153503642367,0.748984759936064,0
14855,2.4792937695502117,1.3909309213209171,0.3256993579394561,0
14856,0.6418178520154748,0.2908476471482349,-0.5485431114774159,0
14857,2.0089315652139206,0.4884346527199397,0.2625554870229638,0
14858,-2.4407521263587766,0.3522074530270065,0.1931259909619402,1
14859,1.0381317861748367,-0.4052677404233242,-0.7624707022379187,0
14860,-1.6162639878485972,-0.7525529400198012,-1.27712491870258,1
14861,0.7699460672187387,-1.1283355678895708,0.6976075320818405,0
14862,0.3109733238766545,0.2615958408030532,-0.9183612642624168,0
14863,-1.5291716445664632,-0.1566009542456432,-1.33047465802196,1
14865,-2.307731250969276,-3.487200977934786,-0.5564682576208532,1
14866,3.698264359809488,0.5944028385377549,-0.7506714441991951,0
14867,1.143178678192376,-0.5375117385261956,1.3862899745159785,0
14868,2.651767516502874,-1.095968909328883,-0.7726903043014712,0
14869,2.194782174646899,-0.2337824964865427,-0.6105964473648792,0
14870,0.283398503129008,0.3933310097135615,0.7001214717375637,0
14871,1.1757275850084643,-2.146148489277668,-0.5523383099763663,0
14872,-0.440761204825116,0.67298937530246,0.7231003260371232,1
14873,-0.3497475577742614,0.9119198599652216,0.0109590312721648,1
14874,-2.8649729162695303,-0.0689512512842113,0.3090998030497461,1
14875,1.3370993021005149,1.564472759005038,-0.3072452172589394,0
14876,-2.092021756692548,-0.0966220240568649,0.6319596686656033,1
14877,-1.14443231172253,0.3272786164227227,0.6879447908032456,1
14878,2.501419000298201,-1.675028631281302,0.6866372540456983,0
14879,-2.195031316705284,0.4438881375351126,0.5534317272913531,1
14880,-0.3093355379699801,-0.1742051940931965,-0.0191608971729163,1
14881,-1.0842347363725835,-0.2861993267898348,-1.3244198256855926,1
14882,1.54366047412034,-0.7283741685829618,0.0921814639777141,0
14883,0.2313725208443982,-1.4114725510295936,-0.0997410857046254,0
14884,-3.0148631155039154,-0.0118312520464869,0.4235482551003657,1
14885,0.4156745939022254,1.039110889171568,-0.2711979815401287,0
14886,-1.4877578220438197,0.9029595469291308,-0.3296957890015246,1
14887,0.2349139583926744,2.4819837797493944,-1.8421219899674837,1
14888,-1.3632229249397092,0.8546416159863137,-0.3949445436673552,1
14889,-2.656341302254603,-0.1035775402285149,0.1080335193118919,1
14890,-0.1696566368818379,0.437503637023688,0.544594208970199,1
14891,0.2292181426245965,0.2203190207774862,0.4071328366114816,0
14892,-2.449017783336658,0.5547069323242695,0.3101199119001244,1
14893,1.401981361572433,0.2464545185488569,-1.1856904137001725,0
14894,0.3677707846378181,0.7464564689985795,-0.3612485237316297,0
14895,4.829536924358592,-0.3727687731999178,0.3296694129820647,0
14896,0.9608713282030352,-0.099596908164337,1.2261593528854453,0
14897,1.9037766580482511,-0.5488964055314935,-0.6797485252431513,0
14898,2.219992302541563,-0.8883685139519092,0.5294475502127391,0
14899,0.4550172828429206,2.48601248977568,-0.1704211904416483,0
14900,-5.207588997769254,-2.3758939014128004,0.911366235957172,1
14901,1.437823711498388,-1.5728779283583154,0.1018497826836915,0
14902,0.4568713388674463,-0.0496193249299337,-0.6576525495365496,0
14903,1.995866852972704,0.2750756833228454,-0.3479566299385351,0
14904,1.9870322207015192,-0.74124149274947,-1.5180845577824078,0
14905,0.6891814481156872,-0.0484327801085136,0.7480530130640133,0
14906,-4.992746239472685,-0.9467019941014532,-0.1047912969420317,1
14907,2.9846180335525565,-1.18662370767961,-0.5895338250682317,0
14908,-1.3331705336776691,-0.308491526510804,-0.4356512443091045,1
14909,0.2782675935284317,1.2326035455774036,0.5800094602429817,0
14910,-0.3715911825116603,-2.153114793562769,-1.2447723064167926,1
14911,8.759151114137945,-1.6277073395753303,1.0663412454700685,0
14912,1.2435058024755574,-0.3992691852467468,-0.5185318410804547,0
14913,2.407014073809147,0.29518217386097,0.138506152767871,0
14915,0.7622930282779585,-0.8074598884989541,0.9063498059098654,0
14916,1.7522625002081975,0.1847887860983508,0.4541441317322787,0
14917,-0.1808355138913234,1.6524030371508855,0.2941666517803192,1
14918,2.0746220093830536,0.9420339666251192,0.3716200350179215,0
14919,-1.8136493396699271,1.1361510064034062,-0.06146734243099,1
14920,0.6480135287314444,1.1260415676047493,0.2795512788252794,0
14921,0.8603005505348771,0.7962635261387265,-0.9242919794005008,0
14922,-0.4134807600021131,1.1197877631004245,0.3293127018840373,1
14923,-0.0433332045270915,1.1918004290071282,-1.1492168147858384,1
14924,-0.4857242105878369,0.5464620838686608,0.2645257755967175,1
14926,-2.204989477866907,0.2440733077967432,-0.0638010775512625,1
14927,-1.6055484901506611,0.8768923072262894,0.0038991369942914,1
14928,-1.8239546497221475,0.6972821844724071,0.4071181822221634,1
14929,0.0171852503910299,0.3066873093297937,-0.9299174254312224,1
14930,2.256829660925568,1.291748634184275,0.2874325384339209,0
14931,0.5777543470282631,-1.0882631814972128,-1.2455781548471925,0
14932,-0.8712844869661336,0.8302634147083061,0.2507379024379341,1
14933,-0.8405872504397207,1.2197537533036529,-0.2266191838996168,1
14934,1.7765868656060164,1.0259945937048969,0.0163633590641653,0
14935,0.8540687796235596,2.503748256951748,-0.4878368313498406,0
14936,3.578759638881829,0.9513761248246656,0.0830425254478239,0
14937,0.3839142461638168,0.6966548948754716,-0.6467011643674924,0
14938,0.8163355749254734,2.4259094275984867,0.1699475639811003,0
14940,-0.9123007804537392,0.6490934329540478,0.4729460216702245,1
14941,-2.682199940986275,0.4036004287279166,0.1275457169281603,1
14942,-1.0061689713847952,0.1257374376108636,0.6289147617526873,1
14943,-3.373994353936608,-0.1525688960606218,0.3399205364234914,1
14944,3.25198113044493,-0.0032665989438851,0.4649814443483398,0
14945,-2.2864464573959062,0.3035841508587977,0.1247597642641047,1
14946,-3.047143545789257,-1.5387048507139696,-1.594396920678002,1
14947,0.0854826311672104,-0.6664209234893905,0.3828536634009669,1
14948,0.5472891224796691,-0.9676999729604996,-0.103904751095966,0
14949,-1.3344112976904472,-0.2644953960034473,0.9364700416982672,1
14950,-1.0136328494660265,0.0474279880665511,-1.5516710978932895,1
14951,-1.1467285852825737,0.3827920275851334,-0.7350916943103972,1
14952,3.818896903542669,0.1486394087030654,1.0964305803829053,0
14953,0.9851362251543538,-0.5504484141458184,-0.0016732796063992,0
14954,-0.114063873922643,-0.7768119684348462,-0.8318761100763693,1
14955,-2.370511878298447,0.3055639369036084,0.6537200953487784,1
14956,-0.2042261571551336,2.732406668613591,-0.931629492650371,1
14957,-1.8362067500711887,-0.3812840505780867,0.4618575482023385,1
14958,-0.2592020041130609,-0.586440695237471,0.7693356075229992,1
14959,-0.2417781912029175,-0.5849887331864438,0.1091021361726648,1
14960,-1.104400121291007,-1.6534612476419308,-1.0764439080193162,1
14961,4.215317395316501,0.0378248113918943,0.0663067037172332,0
14962,-1.748779020658828,-0.8604012291980985,0.7699612082108537,1
14963,2.4895947475790465,-1.048820713716034,0.1641594578943222,0
14964,-2.056365722940974,0.2725407210596434,-0.1497241279121614,1
14965,-0.2561167606912877,0.2454069113520014,-0.0351941737402785,1
14966,1.0129251172484568,-1.1498916098183978,-0.0468672992115472,0
14967,0.5284766945538013,-0.0287627928197299,-0.2751532420368279,0
14968,-0.2608935808119348,-0.3569804714372718,-0.5070097499468019,1
14969,-0.6520558965944269,2.3539544047987278,-0.2984127619268836,1
14970,1.7175827276870672,0.0909143558502127,0.4028696629981718,0
14971,0.758757501720139,0.064460215858024,-0.2747810895427524,0
14972,-2.5219346178034945,-1.299707288999956,0.3015822026480888,1
14973,-0.0231090710156309,0.6616441323256788,-0.296266243239725,1
14974,-2.6516894391052888,-1.3680739850854902,-0.6442604016581138,1
14975,-0.6176538167371178,-0.1154086672239114,-0.4554886569121764,1
14976,-0.2567150174493757,-1.3052686508106994,0.5207740696283224,1
14977,-4.663530148997912,-1.496749253924863,0.867470320921141,1
14978,1.5597736262507071,-0.1942267899285294,0.7089357141345455,0
14979,-1.2057679158547456,1.4228391410658543,0.3282937657158414,1
14980,-2.4880792643346,0.2290728670383883,0.6424399394494718,1
14981,-1.379069844419174,0.0703594651792496,0.2484535797762328,1
14982,-1.7919514551053353,0.657022149335626,0.4526557059007223,1
14983,-2.2135298222977275,0.4209908311941298,0.5805960731947952,1
14984,0.4306688711777242,-0.9217285677082884,-0.3382932259489719,0
14985,-1.0541401529923402,-0.3199797630666909,0.6291814625537344,1
14986,-0.5535812199872137,0.6290562838095741,0.6536054096702885,1
14987,0.0297134203350823,-1.018625782315091,-0.8425940980494856,1
14988,1.1698361121326717,0.2327625296410423,1.1163606990242798,0
14989,-1.650623356534006,1.1682923996236396,0.1667042584009338,1
14990,-1.6645306350236833,0.0801999675224946,0.9299053076694118,1
14991,-1.5970619470816432,0.9227132150674944,0.0424076011876911,1
14992,-1.9113468603661736,0.4616672804498846,0.3028261046808231,1
14993,-4.225423965150446,-1.4629267971474686,0.8889317628548099,1
14994,0.3185485988569062,-0.0184196415890378,1.5000653715919594,0
14995,-1.3323843089159708,-1.1589480537851164,-0.1779118182404057,1
14996,-1.015372670769484,0.4915224237610619,0.6704388234982427,1
14997,0.2204722413946649,-0.502277097762203,-0.0481083144431712,0
14998,-0.1039793971598014,-0.2387683832150463,0.8036432231973099,1
14999,-2.840680581557377,0.0348706295996902,0.3719013740350978,1
15000,-0.373264100827324,0.6396733519213711,-0.8603464961717622,1
15001,-2.06659167530518,-0.5738907042154383,0.9143054513958996,1
15002,2.098511784147989,0.4900628808337161,0.818613494406545,0
15003,0.3492213254198708,-0.1158806065124086,1.744620401784006,0
15004,0.6724799752578539,2.0592277432143407,-0.5336177040302817,0
15005,4.310345524714516,-1.3853325892820487,1.396502763160561,0
15006,0.3116258748288014,0.2742029023716408,-0.2525477396323982,0
15007,-2.4290103514741155,-0.2194448249683402,-0.2840835405405973,1
15008,-1.341657170342818,0.4213546091549589,0.3861250294731302,1
15009,1.0767623980418115,-0.1418893246512433,-0.8385746897345556,0
15010,-1.1656990565549057,0.0763150368062494,-1.1302917919320925,1
15011,-1.3818305865441014,0.3689026142826626,0.3865642382454589,1
15012,0.1595138266829969,-0.414054771816837,0.1974269454137741,0
15013,0.9585964119087784,-0.2247927013014289,1.9839606709397095,0
15014,-1.35477281260764,-0.9623187041718048,-0.3214399571675301,1
15015,1.1985419781262632,-0.1670526177757305,2.0226678851320146,0
15016,-0.4246884639425378,-0.7647873583824085,1.0383936127365136,1
15017,-2.168634079262856,-1.0024565743428038,-0.7757150200890491,1
15018,-0.7691380555380889,-0.7917635573634821,-0.3214108681183389,1
15019,-1.3786634673727634,0.4632712245213006,0.2060945337972928,1
15020,-2.008997737258809,0.3280289482435841,0.2442733972068146,1
15021,2.159928150276419,-1.385177352336281,0.2230508321870536,0
15022,0.9133591679727932,-0.9360042496947716,-0.4001514105889625,0
15023,4.146548274660742,-0.6976414363954602,-0.3906844999143188,0
15024,2.356861221979394,-1.2976457007691138,0.203559021991346,0
15025,0.5963529871728867,0.4388463667271529,-0.6291055552104804,0
15026,0.4817587536098586,-0.3860332850307846,0.517449635716064,0
15027,1.8385410337873689,-0.3189138782969057,0.1249461824820254,0
15028,0.6957170119051,-1.4732147091213428,-0.4948736919629733,0
15029,-1.7268097698461229,1.249797640332403,-0.0351201477305491,1
15030,0.7080963295770792,-0.2691242609788254,0.2323729692366945,0
15031,2.4709191765193586,-1.5926631371637483,-0.2058921589686415,0
15032,2.4453961144045078,2.139174615824482,0.1970423029474166,0
15033,2.3716033997297554,-1.266762529747253,-0.2439778895411372,0
15034,3.484147453783107,-0.0059310306798121,0.1813876506023107,0
15035,-1.3194658014938965,0.1693989784743617,-0.5159891937981699,1
15036,-0.4121920211473716,-0.762144339873792,0.4055773707404166,1
15037,-1.1174748414950986,0.269477161606094,0.610004603979245,1
15038,0.6539640571032047,-1.25807463670951,0.9912237595525204,0
15039,5.45720924323345,-1.0664978660963162,1.1831752393547894,0
15040,-6.637417954074612,-3.2006623252673454,1.0251110311258658,1
15041,-1.040656796934671,-0.4082827303662271,0.6073500611056493,1
15042,-1.722529056349971,-0.1546614729289588,0.0287611599457897,1
15043,1.2287361140274615,0.2270892416872898,-0.5066258553689812,0
15044,4.007251246609738,-0.5008486631937221,0.7703123883353624,0
15045,-1.1904663032615457,0.6299091551109622,-0.5062224438703081,1
15046,3.398121905551616,-1.0842082616157869,0.3626767337553847,0
15047,-1.3797380474665737,0.8729190063638592,-0.1992681610427033,1
15048,-0.7124473427012968,-1.3360140939847185,0.5819719102023805,1
15049,-3.1580206998206903,-0.2797462791495733,-0.2262949617569303,1
15050,2.1898169120912474,0.814486944327618,-0.603984090505895,0
15051,2.475490516633033,-0.0857444738078302,0.1086065382677351,0
15052,-2.0457475186314587,0.2981344421536123,0.1216243458469494,1
15053,0.5507820884074718,-1.0158636237998269,-1.2290932871151956,0
15054,-0.4731896463384414,-1.2449532407051354,-0.6412857724784581,1
15055,-0.8004780854739969,0.125755213717234,1.065311290748475,1
15056,-3.1104156933019085,-0.1532813641748841,0.263462922658182,1
15057,1.1552067024084447,1.3452379938432355,0.4328518656287287,0
15058,2.205286699317586,-1.0705785153005694,0.7371991422036244,0
15059,2.235812220699684,-1.128796722749264,1.194528393070994,0
15060,-0.4393731750400451,-2.293439927155026,-0.2773623183956849,1
15061,6.510095318419892,-0.3717691398544582,0.1673308348802906,0
15062,1.5009928035788,-0.0058840874439499,0.4814905085639405,0
15063,-2.156811483562134,0.8406000910326829,-0.790602099750215,1
15064,0.24307687266552,0.6867551718709153,0.909398242170979,0
15065,1.8710971725860908,0.6756223037575041,-0.2591541273284453,0
15066,-0.0169296741779785,1.38234483045589,-1.246097126292752,1
15067,2.0002826643361886,1.1028649729460105,0.0513763128029438,0
15068,0.9099809527276308,-0.1463723697646015,0.1463060196869006,0
15069,0.2402151640723208,2.0389607054228107,-0.6159557139022658,1
15070,-0.7646392605759222,0.4392040965123682,0.542450334288301,1
15071,0.2292044527479427,0.3395557459315486,-0.0555748673205253,0
15072,-2.2126868900942847,0.3978088364387089,0.2163068065883088,1
15073,1.898256287617908,-0.6008190920078175,-0.4509710353191678,0
15074,0.6862014945425478,0.8778900994710309,-0.1228535123374149,0
15075,-0.2410836192082038,1.3916290625043537,-1.089726049288609,1
15076,0.5065862912794625,0.9514037546865473,0.1567413355510057,0
15077,0.2699652148635379,2.4056480934335536,-0.212658745947026,1
15078,4.0944104344679655,-1.264413823657665,0.4069744737712005,0
15079,1.5573938223763486,0.2628733833000088,1.1690788054877113,0
15080,-0.9963763629629158,0.6688285788103915,0.4457209636168894,1
15081,1.1230088446836135,-1.3777329927321702,0.3504488550379406,0
15082,-3.4513805780991924,-0.3157113496579939,0.4517353414429967,1
15083,-3.401834445307581,-0.6979648650542755,-0.0194067186120397,1
15084,-0.3112969141807226,1.3053188255895996,0.1515407590117105,1
15085,-1.9283410139729609,1.2320129833386129,0.0216809849821673,1
15086,-2.4507575887718285,-0.2747020573912591,0.6733766744610283,1
15087,-1.3658712606647108,0.8281514503018111,-0.1791538940306661,1
15088,0.4769540010033328,0.5050520451825461,-1.1746092667419474,0
15089,1.8300003019394908,-0.3685631524610201,-0.5988219696826305,0
15090,-1.3310549862386205,1.0252504883642075,-0.1806895453117243,1
15091,0.2427889414244358,0.2651006882661388,-0.2021636691645718,0
15092,-0.6059128239277077,0.2711802370654791,0.3422569986803525,1
15093,3.677102911195373,0.003138797402551,0.1342024813570973,0
15094,-3.7838918003413577,-1.442445866798812,0.7677555830811096,1
15095,1.6160573945430334,0.0398235443148666,0.7615076429611016,0
15096,-1.7824405094491111,-0.2467331788728404,-1.0544425417751593,1
15097,0.6001724351309145,-0.8579209317947819,-1.464823653549759,0
15098,1.2188342273384098,4.638915762145642,-2.527656507501886,0
15099,-0.8727497138630831,0.7073955127461111,-0.7999125482787833,1
15100,-0.2438698862066286,0.4694830019649423,0.4841190404629656,1
15101,0.92654682348054,-0.9541645298072056,-0.7089992043018299,0
15102,-1.0322019517732823,0.7754769861677652,0.5030164026315012,1
15103,-0.2209167307365551,0.077567328730046,-0.8740639967523851,1
15104,0.1051360624755435,1.0923545214120862,0.0319054608025564,1
15105,1.9777854910922816,-0.4443743880007068,-0.0725637672014095,0
15106,1.11641278346624,-0.5002462734330491,-0.35201886787847,0
15107,-0.5559142524591284,-1.0042342214859128,1.4499644853906566,1
15108,0.1868266648012227,0.3569915458584086,0.257058904252094,1
15109,-0.3612029811564874,0.5767666964827823,0.3398808373799007,1
15110,0.2688428802135158,-0.6216690427918556,-0.5112226588167887,0
15111,1.4686515558117483,0.2385389176978831,-0.3484080569583705,0
15112,-2.6184096042047096,0.5679131700468594,0.0783486345456198,1
15113,2.076539241063541,1.040476817227502,-1.530951403792372,0
15114,2.2425152226516545,-0.5323748682939194,0.4751534334276603,0
15115,-0.4215671496428012,-0.4306611907355942,-1.0091095909089591,1
15116,0.5913724631063487,-0.2574754138360869,-0.7992212661259505,0
15117,1.8904320246379425,-0.5290053594926957,-0.2279287194337385,0
15118,-1.7577353091327017,0.4912135949938692,-0.9185541721306398,1
15119,-1.9862468006060592,0.5175213783684767,-0.2861671821457678,1
15120,-1.1395129715591108,0.7084280103266404,-0.5459422048112565,1
15121,-0.8684963958909742,-0.2607782175472646,-0.5251040455946164,1
15122,2.031468371724659,0.3012663827148262,0.8600933999130818,0
15123,2.6074278114180216,0.522406476691765,-1.201447353216028,0
15124,-0.4666566165674424,-1.3970844985014614,-0.2191920355103398,1
15125,3.834098940341788,0.2597951325388796,0.3092486211659855,0
15126,-1.2743806355039442,0.535056923211931,0.5891001915204385,1
15127,-0.3354175311277543,0.375003605897497,-0.5728303191979496,1
15128,1.1389436929363503,0.1705298528926767,0.1107677657491702,0
15129,2.582982561211379,-0.4776669271867699,0.847985728483909,0
15130,-1.359004750843892,0.6668003201122108,-0.4039759681235819,1
15131,-3.201161604984972,-0.613743965362707,0.353762657589854,1
15132,0.4553645401215632,-0.9251072609356512,-0.3618976632545027,0
15133,0.6286526793938019,0.4296934960088935,0.2564293257021113,0
15134,1.019289390718828,-1.3731728540328625,-0.0332061598953134,0
15135,-1.9017213560068664,-0.221530837846778,0.2309666266960723,1
15136,1.1171306672172776,-0.9167263707262684,-1.4745621744283004,0
15137,-0.464301719015606,1.231275809450443,0.4021896430311573,1
15138,-0.9564013939823144,1.423996657550542,-0.1018822590949169,1
15139,-2.115886858263566,-0.7355536560453373,0.4778248391514059,1
15140,1.7722672491179996,0.1428642097763135,0.2408074152068284,0
15141,0.2576855001549762,0.117797280769895,1.3007520100730128,0
15142,1.6782943631002267,0.2650238004506284,0.0555277228562786,0
15143,-0.86261541660871,0.5034299193752824,0.0998038611433726,1
15144,3.758322678945391,-0.8024627286334286,0.1691694184276537,0
15145,0.9568398748726756,-0.8994716370286011,-1.336722485539211,0
15146,0.7248021861834628,1.3964513181644709,-0.0631673345354956,0
15147,-0.6693203001837491,1.5139797952743368,-0.4568041534468982,1
15148,-0.9538526391624392,-0.3448296493945526,-1.6748955083231345,1
15149,0.3254248627503116,0.2044754272978768,0.3846007691125874,0
15150,3.67346885214774,0.2249066864093079,0.15856099838185,0
15151,0.5404591704500129,2.185711438080912,-0.0050264801164473,0
15152,2.863842878187129,-0.6589717178889938,-0.0256392613771096,0
15153,-1.035078593144593,0.0978114232196774,-1.2031327974949229,1
15154,0.6141874728980292,0.4911103740970158,-0.0143058407635092,0
15155,-1.3780995524256348,1.0984069208231102,-0.0750164867124733,1
15156,0.9649087021247148,-1.2280367478047542,-2.164435314251951,0
15157,2.389670043596217,-0.2629257196247718,-1.1643641943579015,0
15158,-0.9052928250676472,0.0549951395575811,-0.9466256523816649,1
15159,5.035289505986213,-0.7975370416174199,-0.3723678911555716,0
15160,-1.0969803198474803,-0.1961930799974719,0.7692757786074748,1
15161,-2.250085949055584,-0.2071400772902646,0.5697178654970416,1
15162,-2.172984330242191,1.051291431234576,0.0985638072945936,1
15163,-0.9935341874007032,-1.0544039772123472,-0.8003708822926136,1
15164,1.4121999117032815,-0.531246529019083,0.9012993084682688,0
15165,-1.2081437789093936,1.3362676534077496,-0.1848308611295889,1
15166,-2.36960981885581,0.2563727311000146,0.2327157149074158,1
15167,0.9342594822162232,0.5428330981658452,1.2074475195046896,0
15168,-2.726982308460426,-1.233329714073925,-1.172242667047248,1
15169,-0.6684302182315802,0.6659100232565486,0.550206654584082,1
15170,-3.657019289833646,-0.6376407221266698,0.1802533477112139,1
15171,-0.7838617687259167,2.470428823309182,-1.1044538929867245,1
15172,1.5009466889299952,-0.5708885511930106,-0.6816903320867701,0
15173,0.3847761870960581,0.0963458812412219,1.273812518514559,0
15174,-0.9201120848560704,0.4518305631202691,0.4158894996619264,1
15175,-1.2178305480048877,0.0092822333247925,-0.5589169103108789,1
15176,-0.2450202413075065,2.3512850615751093,-0.0269642561613111,1
15177,-0.3952089203184353,2.189696460601279,-0.3972067050811975,1
15178,-4.198394321561366,-1.5376555470576403,0.2405791914657388,1
15179,3.2164783403135506,0.0676620094443239,0.0539228813708681,0
15180,-0.2911096656795133,0.5685519611953551,0.6719973190952205,1
15181,-0.0199587014860595,-0.2204486739158959,-0.1595579025202026,1
15182,1.2679370646735209,-0.0507821407079715,0.9845325244175668,0
15183,-0.908071424930038,0.3937242100205481,0.8479033043437619,1
15184,0.0995810954618729,-0.8953940458450836,-0.0828851751080771,1
15185,-0.8749438886009675,0.3879262223160743,-0.7344125530068807,1
15186,0.621139075265566,-0.5875298010960996,-0.7931048288828242,0
15187,2.54072309226016,-1.470354315372072,-0.9715024161472412,0
15188,-1.6160218083935425,1.091433051454537,0.3297482721277399,1
15189,4.295489304146714,-1.6999336985523332,-0.739629091197761,0
15190,-0.2037617222470637,2.0699289816050355,-0.1839839034600424,1
15191,-0.9509617506747116,0.2424376062616803,0.8081633336006678,1
15192,0.7794501827923586,0.3380017517735924,0.3474565689462351,0
15193,-0.9921422254636372,0.7660016574365561,-1.1455984878991106,1
15194,4.205906405996289,-1.0689233741965165,-0.204013554166916,0
15195,1.0648544609382424,2.265092974398693,-4.066887002732742,0
15196,-1.6348087030502765,0.006785327835687,0.7029537773441455,1
15197,1.1538616391380458,-0.587421272749759,-0.7511324292500007,0
15198,-0.6762436157715753,-0.9984723008527162,0.4796927808061953,1
15199,0.8841671091177179,-0.1513668859744624,0.0060216667649237,0
15200,-1.0760939061936905,1.5699672006406449,-0.0711744295832309,1
15201,0.8915031137329412,-0.1018222618852945,0.3987728579932161,0
15202,-1.448687573089932,2.5966544456968017,-1.394004732716713,1
15203,2.53357191654795,-0.5986396199730601,0.5009958700868843,0
15204,-1.7326347539283944,0.9195417224743349,-0.2449950960848856,1
15205,-0.4082414761696231,0.3390543016962888,-0.3405477952546344,1
15206,-1.3819405618593743,-1.7381454413137003,-1.1919015727069615,1
15207,-0.8725759191946938,0.4210708034216851,0.5623574008777186,1
15208,0.6091091920150299,-2.164695215221597,-1.7459770014469818,0
15209,-2.4995704872281803,0.4497839819158425,0.4059889837190628,1
15210,0.2788201920396154,0.8093303733611159,0.373010690313,0
15211,-0.1291253853222914,0.5251449208687108,-0.5945854680301498,1
15212,-2.470980429184176,-0.6061198219428187,0.2026233178948711,1
15213,-1.457169930363269,0.0215413176823497,0.4647116057205139,1
15214,1.755649492030245,-1.7116245317544063,-0.9748921110309956,0
15215,1.2025195591333229,-0.0832690118240311,0.1070725373155838,0
15216,-0.9542216766557816,0.0053082701914957,-0.3240248394612534,1
15217,-1.3245560795400904,1.3349060478101002,0.094512180054562,1
15218,3.5736966616448647,-0.3390698123444471,-0.0031815709295032,0
15219,-0.7294185452972193,0.6258562872272131,-0.1333932990220215,1
15220,1.209237066396851,-0.1478597998029524,0.2668894652955372,0
15221,-0.1488707378882496,1.1661965168377135,0.2067688744258562,1
15222,1.7451569591292175,0.4573034596473586,1.380725157482193,0
15223,-0.1288317010496583,0.3124590142083667,0.4466226136839417,1
15224,-0.5705862770384768,-0.0570657333787609,0.8892759930831448,1
15225,-1.1988771132278842,1.0175684474893398,-0.3402477001457786,1
15226,-2.6855407225807517,0.0030584156338728,-0.0587170201402177,1
15227,1.4252902961312983,-0.4525153857720799,0.2441595949335469,0
15228,2.485016938000548,1.229688010667179,0.0050937125377927,0
15229,-2.5958712518821456,0.283555297661414,0.2756563607533958,1
15230,-1.104178469329716,0.235943536957052,0.222981339443549,1
15231,-1.9736356291278243,0.808352085323776,0.2237473921187809,1
15232,-0.4441583237631321,0.4160146292999972,-0.2333977663614584,1
15233,-4.499346677279781,-1.0094987266326902,0.0216639373900462,1
15234,-1.992349093011232,0.2787773253113178,-0.0367823362099696,1
15235,1.5218914594663715,-0.5537400380813504,1.7568803836947342,0
15236,-1.515249270609672,0.8596880767812435,-0.2054140168615225,1
15237,1.5105531389261313,-0.9448332181475652,-1.5770440739704257,0
15238,0.4384953111498493,0.0240263601707056,-0.6358363173608256,0
15239,0.3619054258216573,-0.1572201741129376,-1.3404467905838109,0
15240,2.302737694122085,-0.1003076729733198,0.4949203952057102,0
15241,1.9042889651896768,-0.2571632418975577,0.7590370229626767,0
15242,-2.121152893246402,0.9332158621384922,-0.3468241948174313,1
15243,0.1355942684637506,0.6864704301253048,-0.4475654247275907,1
15244,0.0071355037609364,0.0934800224746325,-0.2269636066461613,1
15245,1.8662153436300608,0.8871139843933628,0.440184452131805,0
15246,-0.4363090095941651,0.3347263169119462,0.4507821858699755,1
15247,-0.4322812169417507,0.4307395141552604,-0.2760229546754061,1
15248,0.7505768839544291,1.532684651370291,0.5546482643354069,0
15249,3.3710102670142352,0.0160863347479239,0.6072905151971592,0
15250,-3.9339082409042248,-0.7813939173978991,0.5011383871525219,1
15251,4.32946986513622,0.321323615393763,-0.3150115993483818,0
15252,1.3972506942625549,0.1672930277326305,-0.1634689541193813,0
15253,1.5722624292261762,-0.7671861645691869,-0.1053313988698705,0
15254,0.2662765414102934,0.5234675429870477,0.1243391875100091,0
15255,1.9585946780949677,0.2050034747769223,0.4868601586205179,0
15256,-2.549166140109402,-0.9740429681198884,0.043241411141074,1
15257,-1.5075244951679592,0.7282349087249007,-0.2059759301802341,1
15258,-0.9253492793529824,0.4561464579167297,-0.0877944030708221,1
15259,-0.0578726520517011,0.6957023761643589,0.9214896634243336,1
15260,2.94041262311817,-0.1189561914615907,1.3477187798656498,0
15261,0.643709487281225,0.513382316589301,0.3356278924018113,0
15262,-1.359319322197604,-0.251389941543084,0.6849499387591179,1
15263,-2.277559326669104,-0.3371895731577284,-0.454877100538424,1
15264,0.0076634715827938,0.5295299253672427,-0.5034167081875395,1
15265,1.6811262277021,1.444453449473699,0.2279520685275419,0
15266,-0.6197585052249458,-0.1608245198221636,0.9580295511899128,1
15267,0.364866468186621,-0.1473677718210213,-0.990751749623076,0
15268,-0.6068591296982305,0.8392838466595843,0.4869111977659835,1
15269,0.25331808251844,0.0822736200953536,-0.9306098910871694,0
15270,2.86958533486537,-0.4779821491797514,0.0466671409190751,0
15271,2.980677283676743,-1.741849441700709,0.5318601558104726,0
15272,1.3510307057513258,-0.0553626053096636,0.4317122189144236,0
15273,-2.6812350776103933,0.7894313450241984,-0.2881674682767727,1
15274,0.4550057850692814,-0.550203166194385,-1.7502241399786078,0
15275,-0.107020860754312,0.8912614968955112,-1.1993417789558098,1
15276,0.0190600159551366,-0.7893912673091705,0.5465787302047752,1
15277,-0.6967138469486233,-0.1877981618648518,-0.5895039804629442,1
15278,-1.016769829435774,-0.2275861039028597,1.2283163399950177,1
15279,0.4428211943577367,0.5900089284952974,0.9246498770001308,0
15280,-0.7600290748250581,-0.4935123484429145,0.6656979055720015,1
15281,3.313398978916672,0.2864720271287904,0.91709779648472,0
15282,-1.2662308418344812,1.1680528168633484,0.2313222981731357,1
15283,-3.102685964579604,-1.4264325402471547,0.934554223149954,1
15284,-5.433024784822733,-1.9290209063256385,0.5021761861908677,1
15285,-3.0309373218687017,-0.3941103711716332,0.2685311276695829,1
15286,-2.353920993150078,-0.1025622607089823,-1.3706941487210738,1
15287,0.1887194652920256,-0.948089271314262,-0.3787231634708645,0
15288,1.8721055257487065,-0.1181679606631031,0.3288805878399065,0
15289,1.1119773253513938,-0.1835565156021366,-0.2441267031356489,0
15290,3.581679594431241,-0.9252010978266608,-0.2420588036098138,0
15291,3.4420253356694297,-0.7348405347392037,0.8339978108835995,0
15292,-2.222695998010954,-0.0421759969771208,-0.0720103401332837,1
15293,-1.9175875813251984,0.803417385412996,0.3364771284630857,1
15294,-2.1331261132641512,0.5466031584014017,0.0434352740801889,1
15295,-1.8075003311170348,0.546732127564406,0.6556204441469908,1
15296,3.40119737938096,0.8637919415658757,0.423565994128215,0
15297,-0.1792993433943487,-0.9328698104707728,-1.06345962891372,1
15298,3.817866736927608,-1.249253288750249,-0.5545412361502925,0
15299,1.5880575644334862,0.751390357686411,-0.3525431146141747,0
15300,-0.6611588219508142,0.8078162922464305,-0.979276830556438,1
15301,2.8733258471550545,-0.0788582001222861,0.8261057038922518,0
15302,-2.0157266494133337,1.0463697617802952,0.1800927617831381,1
15303,0.0929954780427562,0.9066560016821138,0.4323044902007838,1
15304,-1.04714131367862,-1.6036470009313712,0.2866012965974893,1
15305,-3.488121727660649,-0.3734670041127943,0.3166812323305733,1
15306,1.9855837996896908,0.1483435569660443,0.4852674180295568,0
15307,-2.317801544763828,-0.1334101297499774,-0.6881948105031345,1
15308,-1.5808324826301066,0.7559435938150043,-0.1938399640441642,1
15309,-0.5093616442515231,0.2981632321935061,1.1710788919415789,1
15310,0.5239350060952696,2.881598017224256,-0.4023212634600628,0
15311,7.37766180753397,-1.7264017317614282,0.5520180057022932,0
15312,1.6432060508297055,-0.4304597178390125,0.8711079564705577,0
15313,-4.137904524462318,-1.5377114390847115,-0.4829597870015175,1
15314,-0.1077152739892083,0.3762372597064021,0.406480817765717,1
15315,-0.220795930682856,0.1530835099650462,-0.3752596983601085,1
15316,-3.051844583182864,0.1762696499508479,-0.4564753876728491,1
15317,-3.2428426395374985,0.0576098280632427,0.2570176862602111,1
15318,-0.1876906457176763,-0.5778309334734805,-1.9682476688252093,1
15319,-1.961003038428239,0.3154679579961346,-0.0158466201631114,1
15320,-0.9453631363858516,-0.0015213617417812,-0.778236658527601,1
15321,2.767527936933717,0.4861130972937138,0.6751891637590857,0
15322,0.6988604769665097,1.2100266868253704,-0.461897141096711,0
15323,-1.3916921335509842,-0.0476003925549032,0.9905126547966668,1
15324,-2.9010037305089567,0.1706375821977684,0.3732536906278598,1
15325,1.14268102554805,-0.4467512160095793,1.0178244673314267,0
15326,0.7522580662978786,0.6756690265480083,0.9537831288554768,0
15327,-1.9001749241274517,-0.2304817483264762,-0.957166268583487,1
15328,-2.9481828026044368,-0.2915748171345262,0.2595944610821747,1
15329,1.6042400506406531,-0.5301592841572313,0.4076533998101325,0
15330,-0.1900640102491184,0.2470440948433797,-1.1102192546055496,1
15331,-0.4140585877806316,0.612647838453279,0.8213460637050104,1
15332,1.7751969568913817,1.6489260069458422,0.7228341340610339,0
15333,-0.4607331426838824,2.035655880186808,-0.9192879026424128,1
15334,-0.9174758053081162,-0.7155691381056812,0.7376671486388178,1
15335,-1.7827278690070685,-0.5207792276614184,-0.5558026565967494,1
15336,-2.1500384211947314,0.5628400976950296,0.0100802339686711,1
15337,-1.4445454189511426,1.0979574848086353,-0.0599497177752483,1
15338,-1.5326729698925674,0.8815638678603679,0.5609028753662338,1
15339,1.2562687454632215,-0.2845013171300103,0.6024183324168606,0
15340,-3.106603598561207,-0.2078267973580156,0.3780594758201819,1
15341,0.7281777949949615,1.8443646140183176,-1.0852817947514857,0
15342,-1.009701720762614,0.8263829920030369,-0.5889775038537443,1
15343,-1.4330172902929337,0.4978611184818408,-0.8281593121752007,1
15344,-0.2404784084769656,-1.8894034030055509,-2.2286038149562786,1
15345,-1.2800694543784863,0.3696012177490246,-1.1804016882160886,1
15346,-0.8794852638583407,0.1376605705740512,0.6637349977666612,1
15347,-0.234487501785152,0.5755083225378226,0.6185503522070628,1
15348,-2.3017012019872745,-0.4515847414100682,-0.7204920840320858,1
15349,-0.6499552507061336,0.1356129093387452,0.2599170215242997,1
15350,-1.042701592379397,0.6290572672676369,0.3306446024811167,1
15351,2.210298268774209,-0.648392906173145,-0.1100693824154562,0
15352,-2.755496231717796,-0.2607821882373033,0.7061062857300427,1
15353,1.5657623159637666,0.6289677646218146,1.1810793950684575,0
15354,-3.8441709920438942,-0.6383153017950316,0.2758020659369481,1
15355,-1.9649743164701456,-1.0488389109927236,-0.9077017630132078,1
15356,2.232918759667716,-0.7553661142734265,0.7309371226252646,0
15358,4.636943028400212,-1.1096327090713318,0.3780441407137022,0
15359,-2.477377441258598,-2.236772642723308,2.0812089387759194,1
15360,-1.0160611021830943,0.4993095121352752,-1.3401841736691549,1
15361,-1.0879597710181048,0.0131432714226722,0.5765547528750118,1
15362,-0.7733061455807322,0.8203779778483946,0.479297543450345,1
15363,-0.7055753846274617,0.8790493243973552,0.2993943709373127,1
15364,-0.1741090772658816,0.7757960216773343,-0.497207869971674,1
15365,2.281462014885268,-0.3968084068488169,0.2621866751803369,0
15366,1.4625252089793097,0.1336865421534561,0.4022827228382526,0
15367,2.4824580495522586,0.2193482691503384,0.5808733531007068,0
15368,-0.5329046949830394,0.0481758080510924,-1.434891943242353,1
15369,1.7317090030868405,1.2359502032353462,1.074923274576944,0
15370,1.7679228143837202,0.2012538217881233,0.0020815919922041,0
15371,-4.594891744418527,-0.8426369654963702,0.2575349002275943,1
15372,2.141270285952149,1.257154131763191,0.2369838395090349,0
15373,1.8409485233050529,-1.6620479844471066,0.0498035885358594,0
15374,-1.634625265010359,-0.3100912156185051,-0.1797791899501925,1
15375,-3.574740573156064,-0.7253176441678819,0.7113081772042851,1
15376,0.6797620528881119,0.2384402915065126,-0.3647384131555426,0
15377,-0.6606754347592656,0.6111806913642089,0.405460118872562,1
15378,-2.2932825414964344,-0.1800951480343319,0.484048177326946,1
15379,2.1662810509265142,0.9897707466863408,0.7630917323528429,0
15380,1.44973257957482,-0.8804524211101494,-0.6847932370108445,0
15381,0.2426216570233221,0.6703316792891505,0.2529852178657701,0
15382,3.986115978088188,0.8095629670411145,-0.2855462269955161,0
15384,1.053178741780014,0.970898391791786,0.3303419954167002,0
15385,-0.1994486589351914,-0.0041024691172706,-0.7108306707371117,1
15386,-0.8761143152723702,0.9332027817825184,-0.3129136576824636,1
15387,-1.1612934067922944,1.4455507865920796,-0.071027337821476,1
15388,-2.59606036831047,-0.1410734582891945,-0.012577786931321,1
15389,0.3965337364763952,1.1896946416290428,-0.4687761664200496,0
15390,0.2844160933714485,1.5647707693476387,0.3213410070272525,0
15391,-2.069744714352049,0.91819860352838,0.0523449080217586,1
15392,2.1395177840104385,-0.564848242505193,-0.9362699920425684,0
15393,0.13252537015792,-1.0942915188510416,-0.4795828416892288,0
15394,2.6062314168753997,-0.310415823081057,-0.406368546682215,0
15395,-3.4394597948665555,-0.4667579130434929,0.0300779980566344,1
15396,-0.6801247814048895,0.6639760518155029,-0.5397712452375593,1
15397,-3.516091907137093,-0.6360802733775472,0.012913384675393,1
15398,0.8425670654747964,0.607514202815773,-1.3133338845477651,0
15399,0.8049571529791704,-1.4023336521389795,-2.1155666447618406,0
15400,0.0067851222182304,-0.6718652249986712,0.4030312709287901,1
15401,-2.3146712978559822,-0.370911054500212,0.6548879677506853,1
15402,1.0361817010237793,0.2726982153155235,0.680831276842877,0
15403,-2.257692505873659,-0.4612682757165834,0.6989138823149981,1
15404,-1.6408125103757476,0.7035037224172959,0.0404548335729751,1
15405,-0.6589149638937442,0.620146788835272,-0.0383441405176959,1
15406,0.544929949325472,-0.4899113549847076,-0.1065944752133866,0
15407,0.6760426276297444,-0.3924713565634716,-0.0233995829871071,0
15408,-1.651919737391368,0.5222543093002157,-0.013985754000932,1
15409,-2.989848095064077,0.0882976214982566,0.434753961226743,1
15410,1.872660423851068,0.4028637313171599,0.4235676763922346,0
15411,0.7383444071238269,-0.1853994215819914,-0.4115947053065308,0
15412,-2.2148749019683143,0.0543562829908752,-0.3652076987516606,1
15413,1.372045110694197,2.5530266197083176,0.2435510091075485,0
15414,0.1623801860880902,-0.7062543171817023,-1.0770202537013476,0
15415,-0.5115513218217813,1.4911008873311935,-0.1243277869374248,1
15416,2.248106057243985,0.7687764334251777,0.2266158375023315,0
15417,-0.7050556229030818,0.9274992381368978,-0.8594486613885094,1
15418,-0.92831814107316,0.417618163822561,0.7258382374230824,1
15419,-1.9409175085203887,-0.8979886479251371,-1.1157205224329951,1
15420,-0.2674449366285218,-0.4041513635563621,1.4645239707033182,1
15421,2.039505018303984,0.0266385368954347,0.5632744327703406,0
15422,0.4802179854843895,0.1121239263421283,1.1904916050730736,0
15423,-1.4919708943571646,-1.4442061945912266,-0.2433310769112138,1
15424,-0.4799155413357498,0.1352307104315329,0.5808430580134668,1
15425,0.7997902804090956,1.1593147178569017,0.80957277821271,0
15426,1.8464557338124648,-0.8962303477691925,0.3521745944587549,0
15427,1.2631528108781565,0.3446415186999301,-0.2792807216378369,0
15428,0.0133969748609729,-0.9921867574726494,-0.6250279813899725,1
15429,-0.3222044527206213,-0.618111706691213,-0.4403992047725525,1
15430,-0.5150914348706119,1.31227813172145,0.2565942454825421,1
15431,-3.1055288824432643,0.2104691744049174,-0.1174030620969198,1
15432,-1.4104836206697169,-0.9395437901851712,-0.9044863271041524,1
15433,-0.6062162906515087,0.4432929533998049,0.2338999104479231,1
15434,1.7862247066026038,-1.195984084022171,-0.30683757201627,0
15435,-1.8799175456314468,-0.982502817925162,-0.9771217374895446,1
15436,1.085452636451974,-0.3508835706565116,-0.6295902018559214,0
15437,-1.1055234020110896,0.0890455058999489,0.5052399075040642,1
15438,-2.205490980957124,-0.3247047654103144,-0.1948981953333151,1
15439,0.0040394922384903,0.6890761940846808,0.7645217158188192,1
15440,-0.8481202582415135,-0.9768006442601974,0.103771169004862,1
15441,-0.0192202304000196,1.0593434471204528,0.4849005301406401,1
15442,-1.8296573912873584,1.490269475807205,-1.0943723499617086,1
15443,3.335371079099134,-1.2594787625222443,-0.6001332671387533,0
15444,1.3749490152269352,0.4211461586913498,-1.2971618496184427,0
15445,-1.9817989606582849,-0.2313478571365086,0.2438286314296064,1
15446,-0.8951384180672808,-0.2947642367498322,1.1633123692073644,1
15447,-1.1558867056829498,-0.756678840439082,1.1242994321873525,1
15448,-0.3410026379328633,0.9863973635165284,0.2688605136997477,1
15449,0.4221650820833247,-0.1048587169089695,-0.6422987890257493,0
15450,-0.5258252560453471,0.4112030486677582,-1.2323918032924563,1
15451,-1.88033955189517,-0.4031142046078217,0.964800064824394,1
15452,1.3622318402424174,-0.3583814220500296,0.089782247198871,0
15453,1.6258138622828016,-1.7820697204319431,-0.9096701561945524,0
15454,-1.5742988882233278,-0.0735226239502381,0.6450930997951572,1
15455,-5.132443939476121,-1.447896084964386,0.4652955490128258,1
15456,1.2955853964220316,-0.0751415053233811,1.5385139974345117,0
15457,-1.5080768812817948,0.3831121542747093,0.1859285615936752,1
15458,-1.0187816603975273,-0.6669176378907115,-0.921673330618358,1
15459,-2.5290507605158727,-0.4229118358885765,0.4579057678293366,1
15460,-1.725405918058221,0.3603178326331512,0.3507054756233193,1
15461,-2.2057640290289835,0.52734305324739,-0.1662677809114859,1
15462,-0.3181522560737553,-0.3873390451845083,0.2232871149782339,1
15463,-2.3041942372113917,-0.9768442331047028,-1.0853228967500144,1
15464,0.2168231687151785,2.1252425659685685,-0.0963936375147666,1
15465,3.122517649647958,-0.6591647562185899,0.4568166453631596,0
15466,1.1052768834189353,0.3717811812781948,0.3485086868065128,0
15467,-0.1907501992188794,-1.197384209806907,-0.9284263435790276,1
15468,0.9335778201785572,0.5573702731224515,-0.3412303291660091,0
15469,-0.1776866870292359,-0.0679982753281485,-0.3966652457847159,1
15470,-3.312525528535208,-0.6610319222144867,0.573264352298998,1
15471,1.387134370422646,-0.6992018448849454,-1.743533963642414,0
15472,-0.7048437343997707,0.6282408747051127,-0.3127534240879251,1
15473,0.4046750143286171,-0.7492785425941362,-0.9781254348033896,0
15474,-2.635802973420597,0.1410671790299409,0.4627406535002634,1
15475,-0.7255478710882759,0.775755726804414,-0.8341592777636097,1
15476,0.7669915515193328,1.3145441897677783,0.585830728861782,0
15477,-2.195997760239385,1.3227741837368354,-0.3743946170168112,1
15478,0.9525627624581898,0.8229769000056114,-0.7520711651602681,0
15479,-3.038418902339701,0.1920098076343158,0.3611251410329009,1
15480,2.3028538441961888,1.7542465704108872,0.032623280554664,0
15481,0.6477293849151662,3.0467876205304525,-0.6296036752985057,0
15482,3.4511691632961545,0.2709650521378349,-0.2500705737850167,0
15483,0.5237451765946869,-1.3869814228187256,1.810920754611931,0
15484,3.195412480638369,-0.3518991757253389,-1.871750706765496,0
15485,2.107768310861108,0.5940900829242756,-0.4001789853839092,0
15486,-3.7872244658654974,-0.2522409409622482,-0.0477502519901565,1
15487,-2.1362767900118333,0.7335408908479677,0.2894348707335938,1
15488,-1.3026159355963096,-1.2791858194513164,0.3433187437670533,1
15489,1.4535121622538894,-0.4697552628962559,-0.1103224647836277,0
15490,-2.1468704226225483,0.4243520921607921,0.2035177773437764,1
15491,1.5639252175076013,0.6762316943233749,0.281672980863865,0
15492,-0.1615944410834217,0.0020236176834948,-0.8920420112459115,1
15493,2.2393863323678382,0.0154376667119237,0.2682400086953067,0
15494,2.5267376970092426,0.6190174457698003,-0.3655604963849137,0
15495,-1.7700747501203693,0.6150934774923997,0.0913274906360136,1
15496,-2.444055584826767,0.1615489850530507,0.5738869016649889,1
15497,2.698846450720432,0.7508825436516706,-0.7294860256936768,0
15498,5.168015868469773,-0.9190166628285426,0.1026490102185745,0
15499,-2.366280484103399,0.2402730681299391,0.7266367651298411,1
15500,0.7538361272716543,-0.7540123966135718,-0.9544099383517872,0
15501,-1.0860545635960823,0.2565085149572286,0.746082191026201,1
15502,3.682832841812207,0.5325745742143407,-0.1940799134167883,0
15503,-1.3529178009133496,-0.3167385101541224,1.035093976238254,1
15504,-1.047352072345097,-1.194244072435872,0.4497832360503852,1
15505,1.8402902623594517,0.9325645028441024,-0.2623656680518879,0
15506,1.6820544076390511,-0.2829229872066127,-0.0400766826984761,0
15507,-0.9414009631806092,1.0349807015745278,-0.4268780914623462,1
15508,0.0517025036537491,-0.414682185943851,0.9990140933175736,1
15509,-2.421337449805669,-0.0024843198783098,0.3287058662655896,1
15510,-3.828014084802913,0.400336175791567,-0.8550876902518435,1
15511,0.4758196132417084,-1.2475350370426466,-0.3318395025033407,0
15512,-1.284898820287547,-1.1396545603405748,0.7842039899548895,1
15513,4.426921928962726,0.2898133293155711,0.765283652219937,0
15514,3.018137889557333,-0.7093658822148268,0.1618847845979194,0
15515,-2.4982672244697257,0.2384817249827185,-0.0056554545527038,1
15516,-3.178450434561768,-3.091492715316704,0.4590287205069936,1
15517,-1.3912018307404508,0.5570415108809752,-0.0754593769364612,1
15518,2.374329634064212,-0.3999867505883942,1.0641386911177106,0
15519,-1.5749287894203945,0.0614727932903519,0.5926987366624662,1
15520,-0.403072403248608,-0.7292491786678503,-2.539267162556224,1
15521,2.917731783994887,-0.0235197331857113,0.5923120758296706,0
15522,-0.3980199186343983,-0.502430276541731,-0.4552625466010233,1
15523,3.4861024494179955,1.3285918489733453,0.2918900217475283,0
15524,-1.5020762669087404,-0.2963126355462641,-1.3760619509119074,1
15525,1.1011854458305952,-1.519452927968189,-1.2611843244934249,0
15526,-2.888123466738986,-1.7009195231851484,-0.7649494003974193,1
15527,2.74898727797957,-1.1106535579255612,0.72289573923568,0
15528,-1.803550801896914,0.361907839490083,-0.0190872535469316,1
15529,2.983669319475908,-0.2764728649708618,0.4887204843601652,0
15530,1.3684859603136392,-0.169680152986149,-0.312710842821486,0
15531,1.772576942264415,0.7739944894919669,-1.490289460383848,0
15532,2.3807664669167306,-0.3393855551228918,0.3896526867200384,0
15533,0.1664147738484268,-0.5028517073770797,-0.6387379549103365,0
15534,-2.845991375795656,0.3316446461556775,0.3091686707820567,1
15535,0.0377139220132543,-0.4242109309001337,0.949412134969006,1
15536,-1.750377995081978,0.7185754186148685,0.057883440735565,1
15537,-2.7370008029488395,-0.6745972161193476,0.0266622736018737,1
15538,0.0199232964063954,1.443234346809543,0.1338850645424054,1
15539,0.0536276907705388,0.1684452301572184,-1.940762051636853,1
15540,-0.2935822098706021,-0.7079207377962698,-1.1684282974615,1
15541,-2.648735866208187,-1.055772871508592,0.0662540532469154,1
15542,0.0567923764809246,0.6390786770202685,1.190439937531146,1
15543,-1.5483211402984112,-0.4107623990510759,0.7539796186454388,1
15544,3.3978556816883496,-0.7012950766055209,0.0639491678968245,0
15545,-0.9556062868510194,-0.794530206594334,-0.0029565267144566,1
15546,-1.1754303757129907,1.571463107479416,-0.1583610509685259,1
15547,4.132559234458463,-0.9267327944128484,0.4339243608930193,0
15548,-2.4893941559740145,0.1987378217557209,0.496086202036307,1
15549,1.3107250185977015,-0.1520748031022184,0.6245504583917934,0
15550,1.9797198269554688,-1.7559559091267627,-0.30041160390069,0
15551,1.0843327316365654,-0.5767916794122535,0.2617810840161652,0
15552,-1.6453526202408966,-0.4384292609486228,0.4561781011526953,1
15553,-0.4285840372742312,0.6305030144065646,-0.7547813346565523,1
15554,-2.2180967475018147,0.3222955608418545,-0.1380316559301662,1
15555,4.202293450607849,-1.07827049988292,0.962636405483518,0
15556,-0.9438210887195272,-0.1681800325804226,-1.1438921631062036,1
15557,-0.8330478649694865,0.4820379152884315,-1.486444322710147,1
15558,-2.273530778747292,0.5033540074946227,0.4143167797172266,1
15559,-0.0171088363779792,2.428809787428838,-0.1043624108060859,1
15560,-2.736621375877991,-0.7954120862838004,0.6651962975112775,1
15561,1.3754024736585142,-0.9231567964143984,-0.341632871650161,0
15562,-0.601142777382493,0.3429250610524033,0.6439664139427481,1
15563,2.1446641252427545,-0.0923521225711453,-0.0542473809311303,0
15564,-3.7815999666651416,-1.5880870161483511,0.8669705972636563,1
15565,-2.374040111450307,-1.3584933113614894,-0.4341883490982923,1
15566,-2.235737339944061,-0.3141035093617988,0.4831670489396826,1
15567,-1.6995053621195984,-0.6420348436788593,-1.4326299292562406,1
15568,0.2836752353110451,-1.115774070817784,-1.713455286346124,0
15569,1.7434871045153806,0.1551179979461417,0.766340218567895,0
15570,3.7099211490627866,-1.0491368613455132,0.3270825335489458,0
15571,2.7777000469757605,-0.9743708635637024,0.3924328575098763,0
15572,2.7089926058471794,-0.761141977230116,-0.49996483528697,0
15573,0.9731279236389672,-0.5633153588006515,0.1708060068966518,0
15574,0.6039049566508902,-0.3290979255253878,1.194822545314738,0
15575,-5.04590147459122,-1.6668170008199226,0.7070849792796758,1
15576,0.144907362638593,1.3189960785381212,-1.3991436315818573,1
15577,-1.116399834132236,-1.3299779247255423,1.027590820084768,1
15578,-2.653566475156656,-0.4658449740835711,-0.167779606626803,1
15579,0.7548908985048496,-0.2462659893648961,0.4336343397054809,0
15580,0.6365837694959524,-0.2064367360697963,1.6533547961853992,0
15581,3.065437641035708,-0.8953199199483729,2.187529224742444,0
15582,-0.084251354832536,-0.5407870911021635,-0.5686134575565582,1
15583,-2.664520888810376,-0.5286001113920092,0.6409151664207698,1
15584,0.9255299028039048,-0.8669387304994456,0.1326649420786145,0
15585,-0.8592505848265872,1.053280222992552,-0.4261284838863032,1
15586,-0.0489314036482953,1.1590565435100846,0.6620560878005786,1
15587,-0.327526200235152,-0.4752352113234294,-0.4897594274945792,1
15588,-1.9339261771226732,1.761070114273365,-0.484957364044897,1
15589,-1.1005528583048532,-0.1857543356076861,0.5778569985790273,1
15590,0.403084615515579,0.5562854713136253,0.9916599732188344,0
15591,-2.778995819461073,-0.8101529738475403,0.8829132137710145,1
15592,-0.7802462077330525,0.4542113929010708,-1.0332668034705927,1
15593,-2.397495496632048,-0.2004775477932064,-0.9996351171186044,1
15594,1.2303505038775813,-0.3078571647370406,-0.5411982601813989,0
15595,-2.11511333895378,1.1467927479558326,-0.3789858711425385,1
15596,1.2856215011077852,-0.0158595012948657,0.6583283515607085,0
15597,-0.3583982963892541,-0.1143367947469323,-0.697705847108735,1
15598,-0.479637621339673,-0.0012267960283771,-0.5109277714434433,1
15599,0.8637508245869479,0.1824002782883585,-0.5981662093580772,0
15600,0.0318395560958054,0.6499637402067162,0.8569367563845381,1
15601,4.180777582821753,-0.5465960574296773,0.4344362683842902,0
15602,2.021569437298439,-1.4586209371971124,-0.0973451592872938,0
15603,-2.9361987169742267,-1.8616876174011,-0.0100379000927741,1
15604,-1.604499200079408,-0.1962726144277866,-0.8323310000638806,1
15605,0.9356374083276172,-0.8938791818583163,0.3505996058260046,0
15606,2.022775065376754,-0.3417601308334598,0.7266785825907548,0
15607,0.8096383711289039,-0.1215912292606665,1.5056388307619957,0
15608,1.237443270078124,-0.0996294711721292,-0.2434663254069827,0
15609,-1.6419110894429398,0.5754743699857054,-0.4154053627039604,1
15610,-2.693115486665834,-0.9341691135233084,-0.8172830943864894,1
15611,1.5178248283172089,-2.1815685175404123,0.3344243806914297,0
15612,-2.464458612266191,-1.3228484525373227,-0.8145838492483649,1
15613,-0.9354711386809312,1.469561180862833,0.1882081902822202,1
15614,1.140848831331756,1.7702247869320022,0.5201491849553075,0
15615,4.582293688857088,-0.7552928379387083,0.6161471402055012,0
15616,-1.8509329703838149,0.9334852643267226,-0.0941676532444457,1
15617,-0.4256297944454991,0.593907430644075,0.6533212505462809,1
15618,-0.0398142569413804,-0.6916051998114564,-0.247767547797577,1
15619,-1.532466068255269,-0.1775583638782217,-2.1970814089784816,1
15620,1.2280479973045462,0.52371050033669,-0.0971325441178729,0
15621,0.3715371152388049,-0.7783188991889883,-1.8120916310706856,0
15622,3.1514572710526254,-0.0036761687395812,0.7848557800962966,0
15623,1.1317196709906214,0.1238232098220334,0.7825687181811463,0
15624,-0.7011644814047124,-0.5759731236413518,0.3639212068523446,1
15625,1.780913160195904,0.2333398855000708,0.7090663914955562,0
15626,0.5416968853964149,0.3531960024839697,-0.0520258367833214,0
15627,-1.0225400222924157,0.7552713844948075,0.3905520610571785,1
15628,2.92248255057504,-1.1191960444560685,-0.285128479400232,0
15629,0.6443228342291601,1.424912545993094,0.5291878334280518,0
15630,0.8586387901675306,0.5328214659165892,-0.450979214443285,0
15631,-0.669378407640213,1.8041718969861789,0.1355869839322857,1
15632,2.0343907818081184,-0.2337180441058061,-0.3070649701694009,0
15633,1.4983202638494015,0.5555598070322249,1.551605421088749,0
15634,-0.4118096225848241,-0.4074829780630013,-1.0686106885352702,1
15635,-4.202778882311059,-0.5107989974155218,-0.173690964395526,1
15636,0.3070513374375293,0.3386606669457205,-0.0686525075969693,0
15637,-0.0122478242423681,-0.7811563932338398,0.1693503252881835,1
15638,0.3845319288343146,0.8329711495238892,0.6191245501393926,0
15639,0.278382704490767,0.5313566265070953,0.1574871228675922,0
15640,4.795864026294685,-0.2680996585000994,-0.3200200211795443,0
15641,2.588214944295377,0.3776251743617071,0.9898027346311852,0
15642,-2.809858382751755,-0.0278873469659118,0.5352612171788003,1
15643,-0.758859721147295,0.0750539304780706,0.309163111486908,1
15644,0.2239161203220049,-0.1618758599243452,0.8944314869432829,0
15645,0.3964050075739307,-0.1789696124693161,-0.8092754752055776,0
15646,0.0270364555045811,-0.4421223584914298,0.8542048501704874,1
15647,-2.4029665636304403,0.2235299818561448,0.1422155767361232,1
15648,-0.9177761012047274,0.588841903883995,-0.0740957315007593,1
15649,-0.4779660470994599,0.9622115621577932,0.0535832828957145,1
15650,-1.0994341762795683,0.7268047799169177,0.5310496246677997,1
15651,0.6076359819775025,-0.3931876089902196,-0.116992471250096,0
15652,0.6280857797930808,-0.014439538297177,0.3916461912067808,0
15653,-0.5331767968967004,0.8536246419589683,-0.928051378222502,1
15654,0.0593004383741819,0.0220965096664333,-1.788662114760882,1
15655,-0.7264258252849476,1.3852815540784358,-0.3545275614775242,1
15656,-0.1590420862038046,-0.6545391236858695,-0.0557609164061183,1
15657,-4.261902507675388,-2.6532037278064213,-0.9568778430336928,1
15658,0.7496047040487761,0.0370857811597208,0.9228362209096695,0
15659,-1.03495083571423,-0.6554224433071092,-0.505315550338642,1
15660,1.6338571624152494,-1.2168195521605405,0.4981802405905442,0
15661,-0.0610048491992942,-0.3446843008464532,1.163387906206501,1
15662,-2.095402627451859,0.0849200330444584,0.6886436602717664,1
15663,-2.406290285390194,-0.454918299150699,-0.4594312479528998,1
15664,0.3987261258043795,-0.0227051432101865,-0.1830325785776787,0
15665,1.94314498887971,1.4119909621692857,0.3999883667416896,0
15666,-0.520243142231993,0.8688945280308771,0.6310270879416929,1
15667,-1.260886480248702,0.1181282731471268,-1.1633886569095986,1
15668,-3.65946578768378,-0.8238096451732962,-0.2886952099435368,1
15669,-0.336648315388072,-0.7767474856357292,-0.171686319221623,1
15670,-1.7213799014062858,-0.0554844996382402,0.3569349014622094,1
15671,1.5236350808141417,-0.210675603052287,-0.4513249628332484,0
15672,-4.631312771682712,-1.1451469556664862,0.6100623075253373,1
15673,2.508105404991313,0.8794656452003559,0.4527065160373962,0
15674,2.8212308813119145,0.4179690476532126,0.7684280317651279,0
15675,-0.4521525872699402,-0.7585443254600647,0.3170588839244552,1
15676,2.232260442640772,1.1914978001949597,-0.9763545061731044,0
15677,0.5653797808494071,0.4040400497263691,-0.4205140854702674,0
15678,1.002338551973235,0.8195071811068219,-0.471499800098344,0
15679,0.6267692421813986,-0.7645834722419717,-0.1006584194646184,0
15680,2.519574408839412,-0.5089844142488674,-0.3543186653860021,0
15681,1.5167641211048533,-0.9677746319882772,0.2387230615494458,0
15682,-1.6220268579454205,0.1783786935676739,0.7982476198316073,1
15683,-0.8057985866010352,0.2107084189090344,-0.1926473596672696,1
15684,-2.729315591233956,-1.0721521233767732,1.0749821535136503,1
15685,-3.493620359350435,-1.0542831288284742,0.7604312111862535,1
15686,-3.659872992484976,-0.425729319171564,-0.060544714522082,1
15687,1.967935542256547,-0.7279992648945812,-0.4203489269377907,0
15688,-2.119187450710742,0.3079378682570928,0.2927771258396336,1
15689,-1.050716551738638,-0.3422027636581979,0.0829576770922745,1
15690,-0.7839933798315422,-1.747865558933874,-1.4564967001660272,1
15691,-1.2792834026631612,-0.357680978563917,0.5112599420438452,1
15692,-1.7357341625725482,-0.535432360878574,-1.1587218678753626,1
15693,-4.6690166493431695,-1.2827913372801305,0.5271324070438271,1
15694,3.3186144110549347,-1.4423789541505152,-1.2830910549874426,0
15695,-0.0175018216442744,0.4079131012792094,0.6463555585733465,1
15696,2.067256094610425,-0.5334132940973173,0.4982139326896064,0
15697,-2.128540205855124,0.8009945838884537,0.2574670533236471,1
15698,-4.154957780630087,-1.0470378459495258,0.5494819920036007,1
15699,-1.2159908284786312,-0.1803572847454036,-1.51228908660901,1
15700,-0.233061296953338,0.607565797228849,0.1777860878146897,1
15701,1.7644577702770528,-0.897189439927014,-1.4315208812004736,0
15702,-2.375940154259961,-0.8514928334870442,1.0941914505635584,1
15703,-2.5761271480132484,0.3067228064265844,-0.4025481608582755,1
15704,1.7038907045957936,1.0058877370695307,0.4223380243102901,0
15705,-2.787081687109419,-0.2244079894930581,-0.3025985796523373,1
15706,0.0468448518603741,-0.1620350308299833,-0.0427890173361284,1
15707,0.5518743948970307,-0.5186155239409137,0.0272440886803963,0
15708,1.9557357274825495,0.0669388021391532,0.2048241725915465,0
15709,-1.5284180357084098,-0.0571528317427174,0.4273047495149297,1
15710,0.1350458857613787,2.084204120979173,0.0189028251169296,1
15711,-1.4301886538792496,0.4521536842105793,0.621410687367764,1
15712,1.982877874492326,-0.955686738954264,-0.3109904883282904,0
15713,-0.1930035658195627,-0.1268098740582025,0.458698388944477,1
15714,0.1403831995970453,-1.3417834071328114,-0.5027697506896511,0
15715,-0.9454344260917976,-0.2704735333620749,1.2840503219993251,1
15716,1.4784404886326783,-0.300405081789022,1.297016667653916,0
15717,-1.087334714031306,-0.627445324890748,0.7384592266263249,1
15718,-1.9575781268087464,0.8823595277479781,0.1040972897155064,1
15719,3.642273704522974,-0.6512841707944729,1.2083020069676715,0
15720,0.356528630660183,-0.0119772291648285,-0.626700571869059,0
15721,0.0559380925373343,0.1710028683446423,-1.44657460039262,1
15722,2.224325803551434,0.1162290925667268,0.1051819654515777,0
15723,-0.0378078407242124,0.2621644567115251,1.062859287980412,1
15724,-1.7701262763969954,-0.7684231705770868,0.5044141039722251,1
15725,-0.5629289544002304,0.1043332034462356,-1.5547249485403127,1
15726,-1.6670145160020926,0.8823287794532164,-0.0160165158123296,1
15727,3.6528953506834,0.0736481714718363,0.2306661669129908,0
15728,-1.5790502895340162,0.6172933649175593,0.0574919478621766,1
15729,-2.590794195790344,-1.3121589737246,0.5801439398664353,1
15730,1.0255989822963478,0.1331838956974473,0.1915548746324391,0
15731,-2.7881915329350133,0.0023074553676602,0.3458009287433393,1
15732,0.5845977642851862,-0.520929266313648,1.271438835181283,0
15733,-2.602761916144896,0.0092008809001732,-0.0807038922749394,1
15734,0.5513260899099469,0.912480027213343,-0.2001815549898601,0
15735,-1.571277077893877,0.9691711545817006,-0.0090523678012357,1
15736,0.7155402453119974,2.0192491413895595,0.2550751808476553,0
15737,0.6855686361012018,-1.4350167536221907,-0.0645914964683391,0
15738,3.4960843160249944,-0.8525338423723653,0.627193524522627,0
15739,-0.9933623108530124,0.7873741367181599,-1.205670899635769,1
15740,-2.06149982778136,-0.5623297331796776,-0.8581851296180181,1
15741,-2.5098623814771126,-0.419160129655213,0.6036969243886636,1
15742,-2.381144837957417,0.1651490754525049,0.656834669958097,1
15743,0.0029500052480014,-1.000655395151733,-0.5205002476209969,1
15744,-3.659781677267529,-2.009952518256596,-0.1754317581620975,1
15745,0.430024144143532,-0.5185703293299754,-0.5794248465036341,0
15746,-1.6596684396088082,0.0032170166142586,-0.2047417694079721,1
15747,1.759716560953959,-0.8010293835603068,-0.1641787385879694,0
15748,-0.475998922877705,-0.5402923330603178,-0.3594159659027641,1
15749,3.176405234158763,5.135999787084326,-1.8787903907143573,0
15750,3.5826823300001216,-1.190445592065934,-0.2702853403878714,0
15751,0.2109013777039587,-0.6096608471787488,1.8633927025061825,0
15752,2.4990401841662937,0.0732049526053477,0.4892906238937946,0
15753,-3.4827757953851384,-0.6255429325443576,-0.109648133676673,1
15754,1.725934385292295,-0.1127447278517741,0.393869281571948,0
15755,3.163183233701308,-0.781096763720534,0.1864690968527048,0
15756,-0.1725899836460373,-1.0097308995276837,0.572467846712116,1
15757,1.7501563890309015,0.4847805168638791,0.2492515514237641,0
15758,-2.078456623024273,-0.5551828346309873,-1.379022270462705,1
15759,-0.7278047271598851,-0.6909887761060629,0.7736919962872146,1
15760,-0.9552807194153576,4.173661078528257,-1.979910694186897,1
15761,-3.200423986538837,-0.0010217381562422,-0.0110049644732412,1
15762,-0.5694087038124331,0.0985762733441568,-0.4346971022584162,1
15763,0.2135411748894032,0.5344373279859834,-0.9503617740635124,0
15764,2.242461026748793,0.6810064797399104,0.5092070997072682,0
15765,-1.3255909193162094,1.279805811942942,0.2456279070990464,1
15766,-0.4114410511929744,-0.0081839046693371,-0.4023381902872229,1
15768,3.6384893307756094,0.0680561309612085,1.6682717321431162,0
15769,5.357355292637624,0.9155626964096348,-0.8406934421785103,0
15770,-2.020054045596984,1.000376932163886,0.0998563524301962,1
15771,-0.491284314779577,0.9701022168426338,0.6394492062090187,1
15772,-1.9358785765351576,0.7619606268670688,-0.0162063192964584,1
15773,0.3244386741164429,-0.359021290023195,-1.6093350109149929,0
15774,0.4943234659149084,-0.4732329221813213,0.4361953013699305,0
15775,-2.296707700744342,-0.8890744398855513,0.4932827369101064,1
15776,-1.7247249426980915,0.2258591663146082,-0.4379992934485152,1
15777,0.2096336593992373,0.1363113705166926,0.7320668546584758,0
15778,-1.8783447722828075,0.8653645108609928,-0.0363557882360742,1
15779,-3.380987511847492,-1.0524343100475864,0.7144582083338042,1
15780,-1.0978173030466611,-0.3069101966791085,0.4007859271515091,1
15781,-1.107540338095601,-1.3242134969693995,-0.461743316752098,1
15782,1.9648140695568763,0.8028694898199183,-1.4669030991258696,0
15783,-1.1832459688912946,-0.5444057570073628,-1.6599943612027472,1
15784,-0.5693591729505987,1.1995807318100526,0.3037325259521504,1
15785,2.6172337362477696,-0.25442165998365,0.4248279884570524,0
15786,3.27197806197013,1.8354106014901777,-0.3267675279118493,0
15787,0.6628916269913988,-0.2286572818172159,-0.3233111218976014,0
15788,-2.1821348984216797,0.5761005898742323,0.161025277569293,1
15789,1.097335712881148,0.6413523230311784,1.1597504681480064,0
15790,-1.160701424325217,-0.7828734680106065,-1.4522535532223426,1
15791,1.9151345425481827,0.8449457962500507,-0.2810293719704406,0
15792,-0.1407423521582575,1.2625545695247578,0.3538699678058817,1
15793,1.016521082737126,-0.5302548933955302,-0.7701068419435226,0
15794,-1.065792486133328,1.2653941811289768,0.3395809318493396,1
15795,1.109171638682196,-0.0745821511719512,0.9820290492814244,0
15796,2.986855702754556,-1.7378573384115126,-1.064473126603216,0
15797,0.6572307036959346,0.6994950811190057,-0.1814815430983462,0
15798,0.3927302096911312,1.3655749174602672,0.6426461235312418,0
15799,1.033351455970202,0.2711919884198459,0.2570137852717979,0
15800,0.7197600287670167,-0.6114236757110606,1.0389055380719423,0
15801,0.3580313721793909,0.1475609412792951,-0.3677242496281185,0
15802,-3.3432054362579104,0.7440074395304996,-1.563820097421442,1
15803,0.8940883943290198,0.5011191477000266,-0.3886851264242334,0
15804,3.000004661299643,-1.569052514409287,-1.1401298467370284,0
15805,3.6525821720956384,-0.7083603310525999,0.9397082124822996,0
15806,-0.1666766100642707,-0.1470901706224478,-0.461266559129295,1
15807,1.1700684083779584,0.1292667694463799,0.0076335047928171,0
15808,3.565895967293731,1.244576618988493,1.5674720803363462,0
15809,0.5602144876712897,-0.8647799392451736,0.1548273320378515,0
15810,1.5228819551579698,0.1884446238227975,0.4258103653326144,0
15811,2.1798527211079315,0.0853093275768663,-0.144981184491818,0
15812,2.1313569847068647,0.3794828238562786,0.7146903648942541,0
15813,0.1191770285327187,1.42643647948115,-0.2126377331061052,1
15814,1.6939326244156665,-0.0619642937950943,-0.5157072356157901,0
15815,0.9770290495343914,0.42134879620432,-0.1883278545354563,0
15816,-2.901282090436281,-0.7838074458272735,0.8486292984786602,1
15817,1.2470545159644968,1.9752548990204624,0.4710296214363627,0
15818,-1.6804833135010917,1.16481930671179,0.0088695485898721,1
15819,2.2531588023753453,0.0270107970411106,0.5016498643433519,0
15820,-2.0514173262194872,0.3452353777105133,0.0322020442360276,1
15821,-0.4349973035211223,-0.0873576159305231,-0.5049771476844479,1
15822,1.3675808389336983,-1.0510599100042053,-1.3468830351897898,0
15823,1.6141016842990563,2.30868095057971,0.2930171810360639,0
15824,-0.5602828936133152,1.2703900722581083,0.1937348682903942,1
15825,-0.9927383232921948,1.2091735951768554,-0.6527064135362077,1
15826,1.5267597723172837,0.8691131241108979,-0.2624362508972715,0
15827,1.8990293276681944,-1.4097481132190322,1.5816725599940311,0
15828,0.0096661044444466,2.258825488919268,-0.2726061914240782,1
15829,-0.1001617604824408,0.4187603483397482,-0.1547951760841367,1
15830,-0.2302117729501488,0.8085730396713049,-1.1905526935874828,1
15831,0.3032499630536776,-0.0540752657466937,-0.0695303865284676,0
15832,-0.1635116338767361,1.8472393587283609,-0.3878586512599683,1
15833,-3.8107017457270698,-0.4777319942319235,0.4967540110453431,1
15834,2.1882880563350926,0.536845435672787,0.4940043727088116,0
15835,0.1137103595251872,-0.379648406008544,-0.1657654865500092,1
15836,-2.661704759146589,-0.8075677006947752,-0.8628130775916113,1
15837,-0.0901147447215874,0.4318874014847036,-0.4579511882382319,1
15838,5.461438379008746,1.2715842582200634,-0.5868775263972918,0
15839,0.4338614479561453,0.0356511079748612,-0.5299964003087507,0
15840,-0.9042439327240164,-0.4341552549404636,-0.3035699083514113,1
15841,1.4582587755356655,-0.059664303524525,0.4582309988862296,0
15842,-1.051070103441506,0.6576349634098019,0.3380609948680939,1
15843,-3.172014765058244,-0.3538552706608062,0.004589803806065,1
15844,-2.154850961275678,-0.784877753060148,-0.7625365284984195,1
15845,2.324898332323093,-0.3177344462284334,-0.0485298319821565,0
15846,-2.5853914784757266,-0.3664365107641018,0.5352303323909947,1
15847,0.0882901301084615,-0.8609653656700076,0.0109028948101423,1
15848,-2.5795423453931234,0.0253298790964562,0.6655130268140288,1
15850,1.2562209870336456,-1.1476700847457204,0.3114814720426185,0
15851,-3.062992889995344,-0.1993704518782197,0.3534621582418486,1
15852,-1.9086465137357984,-1.0669232314979529,0.6813220479775326,1
15853,-1.9894807556509355,-0.9618828175510098,-0.374816481457517,1
15854,2.8574875829471997,-1.5017468697419438,-0.1951242316175148,0
15855,0.2740017076376347,-0.4301849582526617,0.8284863471295435,0
15856,5.323950487617591,-0.7295085349241129,0.1819296187004021,0
15857,-0.2775418044494478,-0.25734512058096,-1.1024271488955524,1
15858,2.520722290567693,-0.8474201095888971,0.3786621771074688,0
15859,-1.3585475684127577,1.2813964232141926,-0.1119013515860286,1
15860,1.7821255978039638,-1.408413624206989,1.2087091038461326,0
15861,3.006014761021576,-0.6001012285925527,0.221704356081761,0
15862,2.352651558156591,-1.515077947328237,0.3042601188871467,0
15863,-0.6897824779176772,-2.024173260411284,0.3350241979084445,1
15864,0.9541270570011666,-0.3467505008702755,-0.5711227600114606,0
15865,1.3900983422348758,0.2607621914866002,-0.1152985184175088,0
15866,-1.5192442422767456,-0.0512297682574851,-0.2811811760999868,1
15867,3.9500530262064086,-1.43784629924433,0.4362745428481749,0
15868,-3.444571596616248,-0.315578687226009,0.305298228031915,1
15869,-1.3715340971496992,-0.5902473376827441,0.8260357857253614,1
15870,0.4637539246383642,-0.6233041823495921,0.025306359216361,0
15871,-4.81855492561563,-1.7084081317308102,0.5982962444376817,1
15872,0.553449235585515,-1.0790781170223869,-0.2016158550796677,0
15873,-1.7426721928565971,-0.6233409795523037,0.902530996825617,1
15874,3.3597738685314025,0.2531268340562211,0.9456053421027394,0
15875,-2.825438038983944,-0.1674511349059604,0.6630066011978903,1
15876,-0.2282193269122428,1.843563465488652,-0.2580146975503011,1
15877,0.4792235966545778,-1.2739842711185418,-1.646513180076404,0
15878,-1.3438546269397893,0.1807107935417842,0.9207943985308612,1
15879,0.3761045967458565,0.5254498732685243,1.1585685129224848,0
15880,-1.0150266095565283,0.864877850557924,0.3514023616582288,1
15881,-1.1034492575132868,-0.7473702254600677,1.085709048370341,1
15882,0.1096588703550204,-0.6209299651497385,1.129578593210804,1
15883,-0.1952059858690592,-1.4983825913303763,-1.8557618491781005,1
15884,-2.0639222238618045,-0.2219228398838756,0.6026738581907338,1
15885,0.8809863309294472,-1.1715158327065038,1.231965191465582,0
15886,0.3294026463674803,-0.1483865845242353,0.0115216694900267,0
15887,-0.3365527206899254,0.8707361600312193,0.463093716802311,1
15888,-1.082163823338118,-0.7320095091330393,0.1013033215357946,1
15889,0.9581536771108216,-0.4905694986421609,1.357129480229892,0
15890,-1.6447353326995593,-0.6123518157069221,0.8765107646631287,1
15891,-0.5153559149731409,1.2564215803567238,-0.1763341392718375,1
15892,-2.6057725353476404,-0.0339851905939058,0.7664194245884812,1
15893,-2.3315201587595675,1.0521244134766146,-0.5163170662188769,1
15894,-1.5992151338358087,-0.3709619452119631,0.5661992373164073,1
15895,-2.249648288228505,-0.0695124131410593,-0.38090494029327,1
15897,-1.852057359096516,-0.6444692888357648,0.3750480308866157,1
15898,3.3036472777286066,-2.3358318770728896,-0.472631492831612,0
15899,-3.8641114833846464,-1.0579260050275818,0.3216029640068607,1
15900,0.5508085419322752,-0.6653178471529809,-0.1902212779254905,0
15901,0.5829067919886489,-1.8330112828827376,0.3834662538126771,0
15902,-2.346055291998147,0.0076592208188851,0.3005192587408514,1
15903,2.9007668543306915,0.2122188939344137,-0.7684167863915179,0
15904,-1.466459736450538,-1.183686994121505,-1.4675152521631296,1
15905,-2.653960771507236,-0.1657095218746642,0.6118483230037017,1
15906,1.5830258948947895,-0.8390401831155785,0.1545620129070009,0
15907,0.9817859365727316,-0.925022374207721,-1.1519422988123416,0
15908,-0.8696961449080808,1.0351174086892827,0.3667106177626603,1
15909,-2.350827023960075,0.0746902100904404,-0.4525326937082774,1
15910,2.8933305817950967,-2.3193721661447158,-0.5617547322914646,0
15911,0.6772226623468052,0.1800370616006839,1.7977802983132545,0
15912,0.3278299492175847,-0.8818503253748061,1.3587301470012962,0
15913,-6.535207016156906,-3.325707804812258,1.1321191413628708,1
15914,-2.1985744585205342,-0.452918467687655,0.6039958714266838,1
15915,-0.6980024821762213,1.049950593447749,0.4090095314466075,1
15916,2.204903983486617,-1.0086231967971846,0.3591534672378663,0
15917,-0.502055799727625,-0.8290146912103992,1.3699986682909655,1
15918,-0.7128563598371811,-0.0896070968079196,0.4903747131777212,1
15919,0.0502902793296455,-0.4211549738836091,-0.64029873811475,1
15920,-0.4476191503799545,-1.7065118695028276,1.565003392184937,1
15921,-0.2606065585716913,-0.1854626725168984,0.6673545042950644,1
15922,-1.7539743956646912,1.055025290340729,-0.2864032371017768,1
15923,-2.3977919318728667,-0.1501722207076585,0.3952889888073476,1
15924,-2.8690174547606637,-0.1537403215753656,0.7020243697489024,1
15925,-2.1643110533171104,0.1714820216505648,-0.3100024833266754,1
15926,-2.6970156786398625,0.0928863193049856,0.2825956726348889,1
15927,-2.9786158531899045,-0.1822677254757182,0.5834528211816541,1
15928,-1.9839071336150336,1.0011952663829922,0.1022515929276873,1
15929,-2.148808761996321,1.823009701838756,-0.757284433936837,1
15930,-1.1085034089839534,0.6177294283844882,-1.0001192301418895,1
15931,-2.0815593817718145,0.6061864035040619,0.0424483643536071,1
15932,2.0717468387773748,-0.9855244233903664,-0.8562404822940771,0
15933,0.6850598581375287,-0.0410743705597319,-0.7227485120915337,0
15934,0.672197676695831,2.329287824165405,-0.1519637101619096,0
15935,-1.6799334875286769,0.1531292451605863,0.0081838193044541,1
15936,-1.7849699043621865,-0.0896716759931458,0.5225938054240096,1
15937,-2.461769441988824,-0.5828342556353245,-0.8033141087490892,1
15938,-0.409326046802754,-1.4424458337899035,0.9983866117403074,1
15939,2.622174797296295,0.5885111571859915,0.530287785544772,0
15940,-5.125994834594205,-1.705213396635786,0.0921745421577837,1
15941,-2.2248056984292024,1.3006676067955558,-0.2729007683556977,1
15942,-1.3919760572095532,0.6400391808721116,-0.6334541218586464,1
15943,-2.0545933994352987,0.0457341319778452,0.7158839632330544,1
15944,0.3872198911508681,1.2042861850693698,0.1687369192777012,0
15945,-0.8829946677754663,-0.0930230647240813,0.8302108912112057,1
15946,0.5186690713571896,1.9001881341016376,0.2005890167007867,0
15947,0.5922539670227123,2.3306992769062624,-1.3930473354779866,0
15948,1.093477401325071,-0.024065293768474,-1.3313259788255154,0
15949,-0.99928867743167,-0.8130397111350596,-1.1187161071677507,1
15950,2.901405736576176,0.5393153153914173,0.0740428825752192,0
15951,0.4280734973233434,-0.4567801138208371,-1.2155823814395557,0
15952,0.0837352632499237,-0.7048662650298732,-0.1095180999254725,1
15953,2.0639452637108326,-1.352943033934504,0.3835888133857885,0
15954,-2.199767995047978,0.4475206694867942,0.3970691502027164,1
15955,3.162114348553684,-0.5167120638125493,0.6338766878882115,0
15956,-1.1382104641533008,0.9069773330788232,0.3609576296992013,1
15957,0.4766756765465351,-0.1745993908457938,-0.2970314875747032,0
15958,-0.8402723286951783,-1.0747553263343514,0.3912865181851835,1
15959,-0.9180143257268047,0.2569035234081058,1.175484820280688,1
15960,-1.32185353283758,-0.6004704290542627,1.0467554190913837,1
15961,-1.1361915777580307,1.2360560864895287,-0.0248246901082183,1
15962,-1.3782889272225434,0.8290445968451584,0.3019042119330802,1
15963,-0.5721267987979114,-0.5049679346333168,-0.9665183921141172,1
15964,-2.035719721551065,0.8490929787319487,0.2695723663745736,1
15965,1.9927381877469328,-1.1366500754756323,0.4063308008561167,0
15966,-1.1795976643056851,1.287988213062668,0.0012572487457116,1
15967,2.10028816174503,-0.8743494066678091,0.5544403916823671,0
15968,-0.9076592573043428,1.1347204057922895,0.2028869690009125,1
15969,0.4089109236107696,-1.422080496126167,-1.4589692606648723,0
15970,-0.4462781064480715,1.2955436696480274,-0.1174723878428038,1
15971,1.8160210592757304,-0.5973776627967178,-0.3428614175676973,0
15972,0.4290853193354709,0.7477535483228005,1.047617303886547,0
15973,-1.3670476577449686,0.3537801101456729,0.2444873327360354,1
15974,2.008439053843157,0.2930324042840641,0.0433124808199111,0
15975,-1.0424330169682312,0.5713543588760985,-0.7586351855636251,1
15976,1.1628802301147347,0.1286754428719329,1.0553482655992263,0
15977,0.656710581875808,0.386944018073224,-1.208441990161622,0
15978,1.75942658962857,1.634758044918015,-0.4464289547989944,0
15979,-1.3472043430181908,1.1405900569156646,0.2399666504720302,1
15980,2.4639070045743474,1.340005841926545,0.0683361900143461,0
15981,3.1924860975151703,-0.2469411389177638,0.4433351848020882,0
15982,-1.503694617511134,1.0151448079518537,0.3667081544550605,1
15983,1.978434153768098,-0.2059258692425578,-0.0705726048579107,0
15984,3.975289426784108,-1.6131640613857574,0.1532380424014637,0
15985,1.3202909431658991,0.4687605143208284,0.4338012415187047,0
15986,-0.8133036016735747,-0.6661890446230143,-0.6346283807105618,1
15987,1.5212740488278926,-1.1960851089353128,-0.006394377393426,0
15988,0.4029792004895738,-0.5850321771742394,-0.4470891043936792,0
15989,-1.1151058643704377,0.1189317289196592,0.8036746621617857,1
15990,1.279747194559474,-0.3076112046752229,0.2757904264037882,0
15991,-3.060445280790915,0.1292087907570326,0.1091668214017669,1
15992,0.6139082888943304,-0.855064048950813,-1.476068715314945,0
15993,2.3848859053933467,-0.4732577919250527,-0.313299645709034,0
15994,0.4768860400262086,0.2860090130838687,-0.231810242906591,0
15995,-0.252130186254806,1.7580576088940565,0.103611080236272,1
15996,0.7673610554137583,-0.5209384274688853,0.7998919769631314,0
15998,3.543826025215239,0.0783775945609513,0.8414008169010773,0
15999,-5.20584513730182,-1.9086578641694527,0.8566900469582962,1
16000,2.8127147184579435,2.167400964291082,-3.232759948108656,0
16001,-0.8221423276538046,1.5876355015400074,-0.2020809543216677,1
16002,-2.2208820980592447,0.2714055251785217,0.6483553628961527,1
16003,2.456336380217936,0.2451618355405066,0.0203777594235843,0
16004,0.6579378449087576,1.0500147120546373,0.88476773727816,0
16005,2.0598721558638013,-1.0795637412899397,0.1905307592156091,0
16006,-1.048466505891536,-0.1686050873526249,0.5718723042115186,1
16007,2.2193255773276666,0.2049913591487832,0.4439784568663742,0
16008,2.3248532051186914,-0.394797973449602,0.1207051386730336,0
16009,0.3274068461790665,-0.6167059142626835,-0.4129583856910924,0
16010,0.8152828696803455,-0.5569773520153251,1.5906517089658505,0
16011,2.992788900249832,-1.6822274985600671,0.4986091962831352,0
16012,1.9589383872153048,0.5281679733351372,-0.1558606607522323,0
16013,5.215890680655706,-0.7107479246587023,-0.1350431808236142,0
16014,0.7880905926426831,-0.6327891616042107,0.3119206152472905,0
16015,0.946784491383708,-1.1226846502317451,-1.0535591670267177,0
16016,1.9327902141248745,-1.815912615773908,-0.4800788952091859,0
16017,0.8367938976221931,-0.1349678491505081,0.0490619716615081,0
16018,-0.0522707074584452,-0.7546899945416311,-0.055852788464967,1
16019,3.857375272127471,0.2876736601324236,0.8428545790924543,0
16020,0.204081916145176,-0.4252439079980951,-0.8344846578761067,0
16021,-0.636372189690367,0.4603868900629238,0.8162285605693929,1
16022,-0.5271097131541991,1.443740694341746,-0.1876881781242983,1
16023,0.0467238628951096,-0.3290914034740654,-0.0979029029420522,1
16024,0.0580090339915796,-1.1836933326186194,-0.5542592230948231,1
16025,-0.5642297561115976,0.4316423339707183,-1.2676607127203092,1
16026,-1.1860596905166605,-0.1574710786888242,-0.7930214863254943,1
16027,0.824506302705529,-0.9842959055868052,0.8963070609138107,0
16028,-3.838314426801576,-0.5431676005287369,0.3697786829406774,1
16029,5.627479821284885,0.5668106492619305,0.8650638852435867,0
16030,-1.2801751074173553,0.8853721642389096,-0.0395438257666286,1
16031,-0.2231120540324931,0.1432786590149722,0.029203369517086,1
16032,0.9440354825283528,0.6814685031446622,1.2872948933843396,0
16033,4.010414150832862,-1.006813775653521,0.3199840584307411,0
16034,-0.1373040779881361,-0.4619309495588395,0.9191679011222208,1
16035,-2.4645568834012326,0.489372220228546,0.2491388867450049,1
16036,1.4031285975468788,0.9714334736456148,-0.0145382769142086,0
16037,0.3862328553851045,0.4521734872450982,0.7686200776914675,0
16038,-0.5000857690098692,-1.3486355382812976,-1.0858971175842729,1
16039,-1.067564169910051,0.4972640780928464,0.5135032684015908,1
16040,1.307516164318897,0.0461009883602007,0.3146905788063325,0
16041,0.8401172563687108,1.3750942909114965,-1.6243412919728175,0
16042,1.4969126916765112,-0.564922447575141,-0.0446132195996423,0
16043,0.9886222053703532,-0.5972854256656188,0.1653305884669072,0
16044,-1.6067134683409032,1.0105502678834466,-0.0239160101841951,1
16045,1.696606697400863,0.4844942657241687,0.6288954232333954,0
16046,-1.7722763724104666,0.7100937862059556,0.3371528195359575,1
16047,-4.735383588414899,-0.3156698401354555,-0.1225037775531503,1
16048,-0.5691333964035675,0.1792682208730449,0.7945422398007222,1
16049,1.6482882161579029,-0.2550969303721539,0.4485658011566223,0
16050,-1.3622089725392583,-0.7768443895629068,0.5492882372202185,1
16051,-2.522082850870315,0.4759768010817352,0.3195182448099255,1
16052,-0.8163301918876718,0.3937270905222857,-0.8547639985774609,1
16053,2.231148726497567,0.5234143519954405,-0.1381904339265552,0
16054,0.957411032790062,0.8978103433053041,0.2629194901028204,0
16055,-3.0773102972127173,-0.336228282529229,-0.2178919063171877,1
16056,-0.0507834929142441,0.9660030560409196,-1.0416531388064458,1
16057,2.2674269371921265,-0.4034315379518793,-0.0567014857624364,0
16058,-4.2053558264120525,-0.937600850004396,0.1328738577381065,1
16059,1.877166479545836,-0.4663732461057018,0.9646004389703372,0
16060,-1.170222657313339,0.1096362762684599,0.6650836254302257,1
16061,-3.833098306465279,-0.5365082952034055,0.0678527085529775,1
16062,2.083941531235382,-0.5529386426534028,-0.4020624513115949,0
16063,-1.3255580425221771,0.842810482704769,-0.1840496812103985,1
16064,-2.950893344628013,-0.1385569370409284,0.6824344672428377,1
16065,1.1180465466362128,0.1912636156574876,1.5654669432062698,0
16066,1.0535915306022334,-0.4550236120617431,-0.4669567407192805,0
16067,0.9721511954897418,2.2708701614757576,0.2973905723418962,0
16068,-2.6846503039425764,-0.1784009989163706,0.7335734255912648,1
16069,-1.3491521732025775,1.2972740839624586,-0.1283998484893019,1
16070,0.0628754920897291,0.2002537622509222,-1.1348084748130605,1
16071,0.4373265899520351,-0.2191324901614164,-0.1145825506002967,0
16072,2.014578048886995,1.8714471207303347,0.6490034775796056,0
16073,-3.484488605464516,-0.2316945457319942,-0.3965990961231257,1
16074,-2.210636122906737,0.5374707650648615,0.0375315654926596,1
16075,-0.7238809831170647,1.0371845196806828,0.444948589735875,1
16076,1.815241952851115,-1.5352650118618285,-0.8281374204113447,0
16077,0.0040684960006544,3.375917089655299,-0.9196458017101976,1
16078,-1.26516867514076,0.0499256774879845,0.4935465228846812,1
16079,0.4567498291606262,0.1559428972423847,-1.251264629170358,0
16080,-0.634916194668677,-0.6840779990146204,0.2031283171663398,1
16081,2.2733992229987026,0.4447847756558739,0.3661813298717964,0
16082,-3.0775705432380893,-0.2110294743084927,0.6222280030634494,1
16083,1.1142523488886928,0.9626812352772888,-0.0787711561133295,0
16084,-1.0459299678469052,1.146209025730783,-0.1269402531932014,1
16085,1.9004928099728235,-1.1159488765800882,0.6257043743651317,0
16086,1.3670047696944685,-0.3371342274970611,0.4638657576595512,0
16087,-0.3671423385043308,0.8097141952707366,0.2661935901964902,1
16088,-0.941390418135866,1.935106835605739,-0.4401946126833022,1
16089,-1.7026813594499124,-0.2369475867116482,0.7852058390827226,1
16090,-2.506669705664039,0.3628076345112753,0.3835844281626589,1
16091,-1.6294233876562083,-0.2898188484996284,0.0311088941140456,1
16092,0.7181740502938394,0.0049525895928135,0.5246783470171805,0
16093,-5.024659581152818,-2.753223196279778,0.024802736628745,1
16094,2.1657052003472885,-0.6450041644862291,-0.2193085094293577,0
16095,-1.122636751212479,1.3367933126744382,0.0088247688174787,1
16096,0.3741252066626549,0.7981850745263713,0.5101909174525937,0
16097,-2.3680181382371965,0.1207621301570604,-0.2035784635088578,1
16098,1.7980590479762333,-0.2230720254205346,0.8536002157228562,0
16099,0.7067343739190342,-0.4969744773318085,0.1847494456223024,0
16100,-0.6987531238453608,1.6590846779464368,-0.0306988463782528,1
16101,1.7945932642369262,1.1713455287759953,-0.1428060081555941,0
16102,0.8174281267867933,0.7714477712570788,-0.7579082096265074,0
16103,2.832426127726138,-1.220064087319383,-0.0246543293007707,0
16104,1.6256502818312015,-0.2023590057498207,0.6340725044729032,0
16105,1.1999466913088723,0.9822425363430056,0.668873461418254,0
16106,-2.731596430536044,-0.887653488748267,-0.680609735964247,1
16107,1.1758007716019414,-0.0010950513623256,-0.8983800076988189,0
16108,1.3388653798690262,0.8194885225791572,0.0535807298112833,0
16109,-0.0690379440978234,0.601773212967778,0.2765928401080914,1
16110,1.471720302850491,0.2819030131603502,0.1115604924710228,0
16111,-0.7014690938328,1.4992911919864482,0.1026289948503124,1
16112,-1.6051834337066084,-1.656539361030238,0.8792025465488573,1
16113,-1.8510428229660356,-0.1147436618261372,0.0569231266429308,1
16114,-2.8220126229320286,-0.3703130699340825,-0.3050711890780255,1
16115,2.1285448020070548,-1.28343100946902,0.1669602394571404,0
16116,-0.7151371479500009,1.4198788851533444,-0.4776969325986306,1
16117,-0.444510022029231,0.0446409041061252,0.5187732059164286,1
16118,1.3906367662542904,4.119164906992186,-0.7295174836218727,0
16119,1.0213802329098116,-1.1977551367270396,-0.6530576592099355,0
16120,1.620997965720958,0.4978987133211945,0.0270889867281816,0
16121,1.1733470932336785,-0.1574296462801375,0.4458124000565664,0
16122,0.1381942279781103,-0.7402691462587802,0.3944036532734332,0
16123,-1.3349853961245748,0.197857497057788,-1.017238950443934,1
16124,0.4924981531294753,0.987638556273892,0.5706837396771091,0
16125,1.7850637517347314,0.2919366505384816,1.676193685570797,0
16126,3.53642936398007,0.7899173784839827,-0.0288796040514731,0
16127,0.1425832494145137,0.2787855273887147,-0.6176575712915523,1
16128,2.313726797663492,-0.4834673191746154,0.0837794803318764,0
16129,0.5300792624248658,1.2096821083985383,0.6766193280619497,0
16130,-0.3726861765337574,0.3795043371880612,0.8906525470005547,1
16131,3.0032880984851613,0.8602227357855264,0.1837358783353516,0
16132,-1.15854572485259,0.9928395048687576,0.2554267950728595,1
16133,4.880752299225799,-1.223744517698811,0.336602125622836,0
16134,1.473680804817769,0.0430496955312314,-0.4564892396351752,0
16135,-0.4553385440319401,0.9697100159030446,0.0671775459249525,1
16136,0.159425923191524,-0.2534655961653193,-0.0092023164421559,0
16137,-1.3360362777380648,1.3952630433408753,0.1931296023703249,1
16138,-0.2532704800136215,0.7205007231216664,0.5711344270409673,1
16139,0.4912760781590392,-0.7731955692802033,-0.4170830121461648,0
16140,0.6988269057359713,0.657807431714293,-0.3519254630840567,0
16141,-0.0196010896941542,0.7658022197205592,-0.4436242340184572,1
16142,-0.6574356642939819,1.358177954185466,-0.2810673383346874,1
16143,2.590542989023195,-1.0059425334483665,-0.8811416327248454,0
16144,-3.5051164321548134,0.0289386853474946,-0.7194084761577655,1
16145,3.2848852385106424,-0.8051912836874952,0.126329074704008,0
16146,-0.1761165643496111,0.0620362635038275,0.3632294473889418,1
16147,1.2610308922884392,0.7453296211962035,0.4060041940508859,0
16148,-1.6281320301661977,0.2041161809830375,0.118571271017182,1
16149,-0.1446285835383281,-1.5754491771099397,-1.1433699741951595,1
16150,2.089763921080951,-0.0139924201151568,0.3448164622529197,0
16152,0.3164775646447994,2.7749434596095965,-0.8925716781399904,1
16153,2.4891098782122896,0.2136945363308472,0.4503018555975841,0
16155,-0.4090763782259141,-0.1508026816717415,1.13536567728422,1
16156,3.0332787525997467,-1.0124155900793952,0.1706405602429018,0
16157,-0.4941025057928132,-0.7046507710369722,-1.0794740766809745,1
16158,-1.0768861721845264,-1.16411631062331,1.7662335833350329,1
16159,-0.0686955247698881,0.5618006863879925,0.4933102078687371,1
16160,0.1327058914274007,0.8457157045712045,-0.7857901473347148,1
16161,4.423937752834983,-1.8100294984840568,0.117471895934582,0
16162,-4.91531417466551,-1.74470508316204,0.0822089408128444,1
16163,0.7219869672852209,0.6596034487779665,0.6135369363629852,0
16164,-0.0043326574971482,-0.4532360321470627,-0.9408009438950646,1
16165,-4.774359358396082,-0.7087528409045968,-0.0975667056530176,1
16166,-1.5021943222708098,0.407828375480433,0.3865419843531857,1
16167,0.3813289078499149,0.553390206468405,0.9975578980642472,0
16168,3.499951920016383,-2.032448971714158,1.080405073814642,0
16169,1.4127296636716813,-0.1768066589847937,-1.1134997760463765,0
16170,3.0622703054618063,-0.28725784390709,1.0376117658165331,0
16171,-3.5380478484460096,-1.4044328897664726,-0.7562707313776356,1
16172,1.0541935779416736,-0.2678447516943661,0.7070846865326901,0
16173,0.8349425954387472,-0.8306434350151176,-0.347918810897185,0
16174,0.7765292703530478,0.2472856760361323,0.3479652436882445,0
16175,0.7932111283299303,-0.1303881246556219,0.4821307404997871,0
16176,0.5476791297743555,1.262575923393638,0.595927329173918,0
16177,1.2004785767807933,-0.3089791577863902,0.2931354305594695,0
16178,-0.7594873790888357,0.4320580918766429,-0.2069240616981337,1
16179,-1.920626859193572,-0.1611282430453029,-0.8927363941964035,1
16180,3.572568592476825,1.5430930964129428,0.4389265310263552,0
16181,-1.5582639485315015,0.3093832763053772,-0.9548826316378404,1
16182,2.3631538173424427,1.4619533098774562,-0.422087290083991,0
16183,-0.070170678411473,-0.1053975487723867,-0.1422086328155749,1
16184,0.079837713445199,-0.5537447164294126,0.1398481711110278,1
16185,-0.1611059864140045,-0.7554940738041648,-0.7413766787675269,1
16186,3.313970959981204,-0.6407828705329345,0.6978873048283742,0
16187,2.9189003388258605,-0.022355675975298,0.4046393093424029,0
16188,0.5557700139363595,-0.5044909353839554,0.13167101047248,0
16189,-1.7088806072508893,-1.449676304609788,-1.003222028488684,1
16190,1.4877276001321098,-0.1639612944319148,0.1362242577883806,0
16191,4.109210299566076,-0.5182124538278359,-0.7199448371114291,0
16192,-1.7956030630759914,1.2530667930082513,0.0814709255705786,1
16193,-0.6211313538228247,0.6403774258589556,0.1666034989649851,1
16194,-1.985827260149002,0.8712323164883374,-0.272513118506954,1
16195,-1.8988950636531143,1.106345552229843,0.1788037395695361,1
16196,-3.6579798704460647,-0.4397945169759192,0.185415903252662,1
16197,0.6599299247736049,0.1921356879370355,1.4167096301803044,0
16198,-0.0904297883355725,0.8068950289425076,-0.6693407091394974,1
16199,-1.3368351149413464,-0.3373651062444074,0.6077188516515029,1
16200,3.260372027400328,-0.6967967966409014,-0.4916604473846788,0
16201,1.801609698094427,-0.6473016777762589,-1.3911923022024968,0
16202,1.084603027383338,0.308446928048627,1.3709710504391863,0
16203,0.1798619131410532,-0.8393231568960086,0.4024653248595718,0
16204,0.5439603149351221,-0.2474895644292094,-0.520462729182097,0
16205,1.4425186703633486,-0.5162995113533665,0.2347850456299532,0
16206,1.7062075301481183,-0.8140861157373235,0.9740869864900096,0
16207,-1.0108172941050912,0.2073936428535735,-1.450720482514945,1
16208,1.9642722549898144,-0.1918216952803148,0.4881183172911671,0
16209,1.609805492473673,0.4524212984896481,0.2914584736337072,0
16210,4.979552223985252,-0.336432746753219,-0.84025244924123,0
16211,0.0370397901224785,0.4102296784161778,-0.2221860075700895,1
16212,0.7254376914678523,-0.3230046067901517,-0.5856188511313525,0
16213,-2.606957345704152,-0.4366131292250492,-0.8079586424545462,1
16214,0.9668451454059922,0.9578371172720194,0.3166585715266206,0
16215,-1.7953437202853058,0.0548472874367235,-0.7529277503647382,1
16216,-0.4176062034646778,1.93675262950102,-0.5430452315212598,1
16217,-1.9631019139285164,-0.2167799628928739,0.1616406702238562,1
16218,2.088322076261591,-0.4657842492570564,0.2976374280984576,0
16219,-4.411966622960929,-1.2524928020144337,0.3836485694098556,1
16221,1.5639054558222054,-0.6992445154231098,0.5508397428010162,0
16222,0.3408215548510428,1.4747179015523302,0.305604128224777,0
16223,0.1980889412070035,1.3895120501870977,0.405234496603383,1
16224,1.1378146927842758,0.0356499362566507,0.1895882998349336,0
16225,1.8118232461503891,-0.9787790198387548,0.9658365704428916,0
16226,-0.6238406702671189,-0.518107486261867,0.7476736233565962,1
16227,-0.312932450863929,0.6501266092285519,0.1750797574103615,1
16228,-0.2966876570227901,0.6632757581341968,0.6396136140851774,1
16229,1.5433707127241505,0.533328595386622,0.342277748948105,0
16230,-0.7627407531743096,0.4048470016603943,0.0894294333687897,1
16231,-0.0006612789517693,0.4691576448364806,0.9055364002674464,1
16232,1.4535351737219928,0.0917206067836226,-0.0234838055230662,0
16233,0.6915726873461068,-0.5974490406233376,0.5213061285181284,0
16234,-1.852297312619174,-0.3704343488235136,0.8290901229291302,1
16235,1.1003079856973226,-0.6558040196207475,0.3426994786678964,0
16236,-1.0570238618993804,0.7032313626974741,-0.9317276707084376,1
16237,-2.9502915240714613,-0.0274207649200349,0.1169371275187321,1
16238,-3.445236595292934,-0.8403253916606442,0.4606928600937285,1
16239,0.3334897418145741,-0.2971646369360979,-0.0477836062790784,0
16240,2.026535093607749,1.884707004728636,-1.3816584018979152,0
16241,2.8640929687469576,-1.2046211819618418,0.4510808908554822,0
16242,3.415502572203515,-0.3588976685992358,-0.1518249469836422,0
16243,-0.8776178368075027,-0.574216668106942,-0.5371435908596601,1
16244,0.6060201528201863,1.595789192615931,-0.0499657714626998,0
16245,0.9683053847701106,0.2717829681733245,-0.7084240318654842,0
16246,-0.3382818946325809,1.1151199216846726,0.5365632087263745,1
16247,-2.291313873661424,-0.4881002499574515,0.0290027078260247,1
16248,-2.396786258692893,-0.5332003765050772,-0.839480498124587,1
16249,0.9236434307011582,0.1154761962764606,-0.0511183623927252,0
16250,-0.9356238569989672,0.0086794161229068,0.5200293384736397,1
16251,-2.778377914279448,-0.0998852831543855,0.4697123107661596,1
16252,-1.6824266048984802,0.8008332538244219,0.0088044167316272,1
16253,2.928119810121725,1.3459246726908227,0.1027574491675027,0
16254,-0.1097024387318645,0.7381831605220044,0.6842838386429209,1
16255,2.6669353422836712,-0.7506437208842145,0.3819937932634329,0
16256,0.3952606650392687,1.3034426384989948,0.0925787498051819,0
16257,-4.836482654664237,-1.6514851687665688,-0.22271555301019,1
16258,3.537031783423423,0.6992344011707469,0.4395617964730781,0
16259,-1.2836873223052063,-0.4750802615612604,1.196827021136145,1
16260,-0.1810120691287852,1.563850223249906,-1.5595349878812428,1
16261,0.6904414333569587,-1.1869091089179384,-0.0409453243434558,0
16262,-0.3841048455831685,1.869982935984377,-0.1952245670899758,1
16263,-1.5397361278842594,1.0344775511758415,-0.0391840132682409,1
16264,-0.2207803367423485,1.1520626891501138,0.4818266851815017,1
16265,3.068328998687047,-0.164226812262489,-0.3827133774106976,0
16266,0.870617980819455,-1.2440453036973216,1.0893342205724703,0
16267,-2.3886750049103123,0.497990630671283,0.1762538682623677,1
16268,-0.1859704643485731,0.3184572890091528,-0.3645927975450927,1
16269,-0.3231598402796201,1.8746301896744504,-0.0482426538891758,1
16270,0.1320186322369185,2.325212648721816,-0.3636968521052734,1
16271,2.595201293141339,-1.07742634208656,-0.7617492959344574,0
16272,-1.0379869416411245,0.7891777905760602,-0.647927307340158,1
16273,-2.327040385540189,0.1107634910923608,0.6068926344592974,1
16274,-1.1845649327992074,0.93919978843749,0.2020758628413038,1
16275,1.0485249477242395,1.439192316622997,0.1609954549113102,0
16276,0.7163145585800913,1.7003459852068914,-0.4192921342410811,0
16277,-2.595433084495363,0.418679690429739,0.4703534529754343,1
16278,0.0232672562155719,0.4340960177922169,-0.1086913809912451,1
16279,2.860037528219044,0.3038855749229374,-0.0872571982443118,0
16280,-2.1930773921621727,0.7576714491674758,0.3194180317288123,1
16281,1.2085016489523088,1.685020345740208,-0.8907682848267968,0
16282,0.0100324450743021,1.0891393748787048,0.3110705112653079,1
16283,2.964551727885763,-0.2819138638274877,-0.5437294294251512,0
16284,0.6438699229796049,-0.0435188272682048,-0.3693050660202561,0
16285,-2.341036799793038,0.3329600214065096,0.5532818527073576,1
16286,-1.921083768859814,0.1012363713355865,0.5305322321242648,1
16287,-0.0499342780998519,-0.0564826855780862,0.4599194706493302,1
16288,-3.332943046875497,-0.130665208545679,0.1155496923331972,1
16289,-2.4557950014149044,-0.017411489493392,0.4486906966364745,1
16290,0.6526040587078609,1.2249406778946437,0.7925984896763233,0
16291,-4.664005001669965,-0.2126453046575041,-0.1685673381860788,1
16292,0.2975219984473031,-0.0157539483069166,0.4278685111717795,0
16293,2.326891236776399,-0.7449021536397495,0.4196964005184652,0
16294,-3.0046263091055763,-0.095061730706276,0.2266256655638507,1
16295,0.9831388447090496,-0.4808486144268041,-0.8824653477139339,0
16296,0.0291938577870491,0.8747982732112195,0.9947988031972088,1
16297,-1.5317584279886325,0.7279433524350626,-0.1662577483621521,1
16298,0.1147421508715663,-1.2264598225464591,-0.1474228316043362,0
16299,-2.3440218476685857,0.4062566610870664,0.1542995611317572,1
16300,0.5438816363340898,1.130231602840003,0.8726106978029555,0
16301,-3.378590570310677,-0.1341111757766627,0.426446420488826,1
16302,-1.8576499793457728,0.1992765364074656,-0.5593608596217243,1
16303,2.922913270421346,1.1096088010036846,-0.5009379003375759,0
16304,-1.4299034998812106,1.3000087943345635,0.2287058304481694,1
16305,-1.171117710844974,0.7164342927170168,-0.5281638484627474,1
16306,0.1557540559205626,-0.4105408681579513,1.0758622435244527,0
16307,0.2723349884717124,1.059174988533424,0.6972228001923747,0
16308,1.4717771392660255,1.0263108219345454,-1.2097106273561773,0
16309,-0.3075991838144484,0.5110167592743379,-0.2493419982475327,1
16310,-1.1976178596624316,0.4717949060960184,0.4648779871397475,1
16311,-0.1624332692586087,-0.2367862935246237,-1.0545687951317018,1
16312,-2.690802573349984,0.1978837835796854,0.0834884802425491,1
16313,-0.9621216870007496,-1.750787225909951,-1.7529237980492118,1
16314,0.2254900041246466,1.2403301280394183,0.4645300585513775,1
16315,-1.522177003433182,0.2167793463713418,0.3334277061255016,1
16316,2.5426874223149083,0.1651349949617277,0.7075305552716296,0
16317,1.144620151006306,0.6050963342352123,0.3665811598302395,0
16318,-1.1067888484226691,0.1405302237900037,-1.1820209952953284,1
16319,-2.156423395008568,0.9768908351880562,-0.918306396059118,1
16320,2.320089787693092,1.5550443777310865,0.4634227330507057,0
16321,-0.8480940008428024,-1.4699050878017912,0.4694980034290766,1
16322,-0.3336091653023088,-1.9231327317456104,-2.191873259770217,1
16323,-2.019243884293309,-0.038789843801865,-0.2502171939915419,1
16324,-0.6313483254956981,-0.6333222479207526,0.6736956822857837,1
16325,1.9624962895821,-0.3300406409444211,0.5377727197343095,0
16326,2.65204459370178,-1.784273805488355,0.280335581303567,0
16327,3.723713594159713,0.0439261648515949,0.074368206960225,0
16328,-1.8390732045466276,0.9890899049917984,0.0881086723759038,1
16329,0.4800546064687639,1.007585635127284,0.8165478192019237,0
16330,0.1566637422823134,-1.9556243488082228,0.3268233951994708,0
16331,0.3172824805322725,0.7132536420160775,0.8404565250789225,0
16332,1.5064796601500074,-1.0952407208566128,0.5683056149017743,0
16333,3.873943145794729,0.697730090509225,-1.193325459241689,0
16334,-1.4220421594172947,0.7411929778358264,0.4455377908662557,1
16335,1.187535040288507,0.8620294219034952,1.438490005258043,0
16336,1.157490110020864,1.8780665270299224,0.4056761147381119,0
16337,-2.1659848536420427,-0.7243264179602066,-0.9837189908482932,1
16338,-2.1203490395410234,0.1448409544227367,-0.4484966710119717,1
16339,-3.175741551429013,-0.6776395871663535,0.2617315701499877,1
16340,1.2280433104519062,0.7995090916821959,0.3165004878482891,0
16341,2.162606089519233,0.3007095032423137,-0.2891770052629853,0
16342,-1.6325389894559466,-1.400304539065721,0.1581922211037957,1
16343,-0.0559114586917347,-0.8371890999520023,-0.6555233649867981,1
16344,-0.1074713371826425,-0.0555439631243325,0.5002850251027592,1
16345,0.6319142031978241,0.7645997596970417,-0.6622168450400414,0
16346,-1.8137780507141132,0.5553263273449349,0.0934559602662788,1
16347,2.3233858331974053,-0.7921760924836874,-0.0388026318987257,0
16348,1.4108620381870267,-0.7603931655027542,0.4366118092767959,0
16349,-4.050229489891813,-1.312589319035524,0.3432775301441592,1
16350,1.360111521149819,-0.7510427659849711,-0.0282319355620369,0
16351,1.5555087586457292,0.1085001604207594,1.612871627200019,0
16352,-0.488240978265139,-0.488533053816913,-1.0204382115491593,1
16353,3.2993200587585947,-1.6451569475059653,-0.0711392113750247,0
16354,0.5666439001206263,-0.4032756113038339,0.3840608417784239,0
16355,-1.1118493939179608,1.149373468929714,0.0482233264850474,1
16356,-1.236853160355908,-1.3735356550480806,1.1205013071133698,1
16357,0.029743841095839,-0.583464749689284,-0.2853628337351573,1
16358,2.480695906482981,-0.6438887671199353,-1.9612782445053392,0
16359,1.927718392019552,-1.6958345331255755,-0.0395209173779831,0
16360,2.696214245120391,-0.2183209171513341,-0.8136589744267976,0
16361,0.5353069975607154,-0.9756275908836292,-0.6677113465642924,0
16362,0.2956346477140773,-1.0849867766310552,0.1659323936759182,0
16363,-2.8430696331513627,-0.9679066848283496,-0.8498266136357908,1
16364,0.0166346914058925,-0.2580902142098315,-1.2480226856444638,1
16365,1.7727378235583162,-1.1588901937827167,0.2926601488138608,0
16366,1.0109579713598345,-0.0978425237259776,-0.6381453346960417,0
16367,1.1795249668127938,0.3351024235966915,-0.2363060344962079,0
16368,0.4189764831134587,-1.5367225372033888,-1.5622192480265271,0
16369,1.7797155026434697,-0.2651751282929923,-0.267932957435433,0
16370,0.722845359823122,0.1502171387600684,0.2938592953598814,0
16371,-2.5154425523027144,0.1611337372519788,0.2069662056789231,1
16372,1.146871913295955,-0.4832378792797906,0.2502252151292969,0
16373,-1.749591661693379,-0.0435871927397154,0.5649635804076029,1
16374,1.2621375972051974,0.0695942394076723,0.4427251040315473,0
16375,-3.0245037814284554,-1.1651764538090188,0.9576253458794274,1
16376,0.8580005761329258,0.0318230092804209,-1.2840883279955324,0
16377,-0.038144028080238,1.6912187659461226,-0.4865711455038122,1
16378,-1.3539161358811704,-0.485034500774861,0.6388591170058882,1
16379,1.761050274626901,-0.2259269064247843,-1.464592425830662,0
16380,0.7985270082722361,2.283029596860698,-1.530730186734652,0
16381,-1.6648240526038809,-0.3161172183966594,0.9165957336921624,1
16382,-1.3862223303527794,0.1252023705910912,0.6869723742734103,1
16383,1.8226769689277893,0.2759459788507062,0.5584800317937738,0
16384,0.6337680124701014,0.2716445781733882,0.1773221066870298,0
16385,0.2552603295516346,-0.6884220388355492,0.4095719088508291,0
16386,0.7593482329261044,-0.0172693899476224,-0.3783649768226429,0
16387,-0.1922251512792726,-0.1178377900316298,1.1107652770311194,1
16388,-2.4872985262622263,0.4474475604396356,0.3282382580096773,1
16389,0.5654840316937664,0.1737715424334698,-0.2948179801773158,0
16390,-1.653659757525156,0.0108714807777111,0.7539257897669897,1
16391,0.4959639911263332,0.427469692308936,1.314064078966761,0
16392,0.0200965454959405,0.3368212230679268,0.8282702874479342,1
16393,3.347030708373014,-1.904750446340083,-0.2076629409975173,0
16394,1.0791461648345,0.0503210648735053,0.0873309727673347,0
16395,2.4274683603872944,-0.5293724246779458,1.2012386588254298,0
16396,-2.8165889153040493,0.0278869447781869,0.2040356469136307,1
16397,-3.108123273260264,-0.0484527037947318,0.3833812124459828,1
16398,0.6626249739684267,1.6128632043176478,-0.3060002162187722,0
16399,0.2112387660345593,-0.7568729951256177,-0.4152920433942276,0
16400,1.8752781930579023,0.087650950515608,0.8618014070065402,0
16401,3.537606334965857,-1.763854352346401,-0.90239227649737,0
16402,-1.3962627984873195,-0.2411594375260857,0.6387248260727006,1
16403,-2.3667543083889857,0.1803515960232611,-0.044446814176349,1
16404,-1.0209231107764127,0.678496932328073,-0.96760557530132,1
16405,-2.670303655855154,-0.6892487255212616,0.2729920304805316,1
16406,0.0139808838909839,-1.0016296707387051,-0.2719198110566825,1
16407,1.900867837597252,-1.3066402666722985,0.2175152729555124,0
16408,-1.5857302987338884,0.6747110922133508,0.5519730133979094,1
16409,2.877290277697314,0.05824600462788,0.5281474722341315,0
16410,-2.626779168242622,0.2255118587116832,0.4083253323559276,1
16411,0.4763023046319619,-0.9544683060566962,-0.1536371408139608,0
16412,-0.2192967466959232,-1.186866927722703,0.4952279023739331,1
16413,-0.4605212641874477,-0.0757480136815745,-0.3295302695531903,1
16414,-0.3392980947681798,-1.5753744959524203,-0.01084848518499,1
16415,0.2356065169484025,-0.3677601790995903,-0.0056316270611367,0
16416,1.9789270314002536,-0.3488190621238224,0.1869104022084498,0
16417,-5.111586774630288,-1.5322510915973282,0.3294555493831516,1
16418,0.5655911521539831,-0.6130973292502736,0.2758444887403175,0
16419,0.5203162552804484,-0.5244492562700275,0.801151321033085,0
16420,-3.4917206534132346,-0.6266108429700311,0.1394604680965448,1
16421,-1.2376053309384527,-0.0076898202340566,0.7322098984146131,1
16422,5.571706626242428,-0.4604264464376401,0.9972407148787396,0
16423,-0.9748053598529238,0.0989704972000132,-1.3722790907291171,1
16424,-1.4592598331708058,0.1931053474074246,-0.1379512240875063,1
16425,-1.5466217899875554,0.7651722725723789,-0.1024504189898237,1
16426,2.0702213233216047,-1.9246604998259569,-0.6462569604104603,0
16427,-2.1463255129142405,-0.3806207877397889,0.2391690776853635,1
16428,-0.2170848591405914,0.2903819122878156,1.1012817028130213,1
16429,-3.001126535487768,0.2281354258257434,-1.27590533847872,1
16430,-0.2074351412185143,-0.8721707425897207,0.1291907961946827,1
16431,-0.4805076355632071,0.0596262731715554,0.5540872983403466,1
16432,-1.4937799596529109,0.2498213811014631,-1.0309377032062228,1
16433,-0.814185350117977,-0.6468318649233249,-0.6650670826537859,1
16434,1.6971310155209107,-0.8673155873349084,0.4720838254600613,0
16435,0.0985856472414993,0.8623240494735743,0.977903833076268,1
16436,-1.5204721649330923,-0.3259172402146377,1.2968959360468055,1
16437,-1.7395883133651369,-0.0254877799806177,0.5057030386624616,1
16438,0.5297229114428684,-1.5556861776599225,-0.6910415944484194,0
16439,-2.265323870813547,1.0500465790926468,0.0250173163032723,1
16440,2.4907625556891557,0.0847234989721815,-0.8073745024212254,0
16441,0.2323913537305356,-0.478312930907512,0.299727403928588,0
16442,1.2703359128763838,-1.8294403184217745,-0.9490363062945664,0
16443,-3.165968143157406,0.3100887797568359,-0.2313418936969874,1
16444,2.175178130550843,-0.8644910200834616,1.040125215125154,0
16445,0.0303777239900126,-1.0791475705781175,0.228426074123561,1
16446,5.579249752716524,5.437567015390923,-5.474795675805419,0
16447,-0.3335478130666098,0.0511267004449087,0.2869088079322159,1
16448,-1.1921861744949191,-0.0900232231374058,0.3570426583834634,1
16449,-0.4915854458517458,0.7035800539332775,0.0368777793492787,1
16450,0.2772038639307466,0.9563317060734716,-0.1124833920857815,0
16451,0.1710219599308022,0.3039845810894367,-0.0432171298183801,1
16452,-1.82034642031734,0.2577051932407728,0.6462816159356519,1
16453,-2.0870248002967693,-0.1304439364284455,0.6981898772856202,1
16454,-4.395673480794883,-4.197735953982853,0.6457842041622166,1
16455,2.044850913640816,0.017468395900242,0.574915701466107,0
16456,2.569652024935324,0.3570522044799412,0.938230944608954,0
16457,-2.145746735937188,0.2545951654899879,-0.3060780651450726,1
16458,2.9694971803005323,-2.0102783291376336,-0.121837450197073,0
16459,-3.622742136244314,-0.5459156456980703,0.5966609766816465,1
16460,0.6281904408056012,-0.316974807579532,-0.2446880170571732,0
16461,0.9751868111470864,0.9903508765952176,0.4616104255455658,0
16462,-3.5539201765573893,-2.041844391507873,-0.2707067852773984,1
16463,1.0128691785124924,-0.139214644327303,-0.5336374340687076,0
16464,1.135255637960714,0.087607406644285,-0.5834583509401694,0
16465,-0.4576122432054129,1.0296674965189656,0.4149650826522295,1
16466,2.2077383302692906,-0.7507161682527872,0.7417426112633578,0
16467,0.9811488326020272,1.1182094752757454,0.7991171793422006,0
16468,-0.2527680333475059,-0.0352293054125755,-0.1462638895128453,1
16469,0.4425155359550035,-1.141655139171724,0.1577639929391273,0
16470,1.7860871840948689,-0.693835218064904,0.9364832878663588,0
16471,0.0707931221398058,0.5008621938648218,0.6175266624356267,1
16472,-0.6821328981754581,1.061190178468944,0.3241885129034548,1
16473,-0.9938501445335404,-0.7178970079549087,0.6239253739258885,1
16474,1.7388441394531269,-1.0680633450133126,-0.3605687180852753,0
16475,-0.7807091815372329,-0.7584685268295971,0.2294852752557614,1
16476,-1.4790623302571615,1.0358526850551066,0.0252310601646741,1
16477,2.1813836034133085,0.0169321946998717,0.6812807917293671,0
16478,-1.165165852536858,-1.3453626792783069,-0.5022296289619853,1
16479,-1.013448304674862,-1.3107204289054115,-1.0555361507804064,1
16480,-0.0235975994753424,1.3537180330773677,-0.930582737673467,1
16481,-1.4784778236985368,1.4921341762689302,0.0126141104672883,1
16482,-1.1067437375054918,-0.5174871753502656,-1.337652328883679,1
16483,-2.5453994801553925,-0.3339546394659137,-0.045451313313732,1
16484,-1.2363637838464625,0.0226988431820003,0.0932446444408461,1
16485,1.3079588762125518,0.4912074902883147,0.1872621101858964,0
16486,-3.263614961876068,-0.0332889705677071,0.1751151669173308,1
16487,-1.991133326202345,-0.317721721381985,0.997655898360411,1
16488,-0.3392308207170216,-0.7485777472652826,-0.3440738423270776,1
16489,-2.672639621065769,-0.0747174637941311,0.0603969009707404,1
16490,-2.240043973437825,0.4417165598537231,0.1062507249543596,1
16491,0.9571544774874567,1.1172248102525542,-0.7560634688971577,0
16492,-1.3923244055819377,1.2330934040183232,0.0858378223722815,1
16493,1.261820821570665,0.0203895743234674,0.4471688840430332,0
16494,-0.1337759180491949,1.9162204459341687,-0.3239392432005383,1
16495,0.4120375506484622,-1.3530064943441222,-1.3743343358158608,0
16496,1.852276754911656,-0.4219498875964061,-0.6544628298500866,0
16497,2.82569708822446,-0.5638488162474987,1.1198124689694098,0
16498,-2.896179931121722,-1.5983344620338136,0.5180644707402213,1
16499,1.11138744522612,0.507727638125996,1.2446673209197332,0
16500,0.2030523352472105,-2.3316501335191187,-0.57129625852694,0
16501,0.5283954405347153,2.3449797259547247,-0.0269473880476493,0
16502,-1.6261057952863545,-0.0579545963407296,1.0458374972380406,1
16503,1.8041786191193343,0.0215899001747225,0.9309686103931571,0
16504,-0.025622929970645,0.4227232144571196,-1.093634974509765,1
16505,-0.5748479227291661,1.188444598243828,-1.964880371430917,1
16506,-3.0755847202706974,-2.36171866969432,-0.789329832430701,1
16507,-2.2342005309737587,0.0907665815145372,0.6826003250492776,1
16508,-1.8351336452742864,0.6878961945881347,0.5002835355668852,1
16509,-1.905741843884276,0.9044334626905498,-0.3872873837720164,1
16510,0.655468864384725,0.4853627332222705,1.127875430711316,0
16511,1.4380405481044585,-0.5161516838229359,0.0381458174221446,0
16513,0.3210556157151221,-1.1902517027176365,-1.2441499795492676,0
16515,1.890207835341777,-0.2301752716775859,0.602114440907288,0
16516,-2.70388955609663,-1.235775852078875,-1.034159154152633,1
16517,-2.2953643599071194,0.0137988694265358,0.0662130496430944,1
16518,0.1975371757592579,-0.2633522848869068,0.0647363128007349,0
16519,-0.8286687308206467,-1.4761014232567744,-0.2138926823653544,1
16520,1.3004493024415562,0.4314760491459798,0.9798613113607542,0
16521,0.5900504395116968,0.9444396783552224,1.0008513091987483,0
16522,-1.4852331322514096,0.4258503256245858,0.3793862295034592,1
16523,3.9532921638335137,-1.235796052841603,-0.5371738214696666,0
16524,-1.3182288773429685,0.0208507601928679,0.8699445892253128,1
16525,4.723863289980709,-1.137044008276718,-0.4221182811133968,0
16526,-0.634458191331104,0.6644049109796328,-0.1273598414251588,1
16527,0.4730637637372669,1.0416976006357044,-0.4864142430076065,0
16528,-1.0005091020582884,-0.9113543937432044,-2.094888489549403,1
16529,0.76224738693886,0.9250000807216424,0.3557474703261001,0
16530,-4.414265537225247,-1.068889531830944,0.5681017658734955,1
16531,1.6884314213347886,-0.9741384409975052,0.3151943224241988,0
16532,1.5807710246587072,1.6926084408372573,-2.1295188657515247,0
16533,0.7658165893075025,-0.1470935032830777,-0.6255810993757279,0
16534,-0.999252244991345,1.8011944878213435,0.0183908914550396,1
16535,0.7907372632329702,-0.6840604717207345,-1.333700999403261,0
16536,-0.5513044968851687,1.064693192090029,-0.634234613458117,1
16537,-4.573393194783739,-1.7813956777712243,0.965872649449476,1
16538,-1.301739580274548,-0.1526770694816286,1.0849905658386751,1
16539,2.055208048158937,-1.1395120073053455,-0.9961293736365174,0
16540,-2.040718067962388,0.3963006325057789,0.2448996288449402,1
16541,-1.307363580670421,1.3996363486445034,0.2975842238111403,1
16542,-1.6735056335010372,-0.860288066171254,-0.4231158585016185,1
16543,-1.607951608124033,0.9875256329681252,0.2182247093767207,1
16544,-1.965841802483261,-0.5807414039585266,0.9363685031269458,1
16545,-1.1185840297328042,0.6776726325377578,-0.5233801678333503,1
16546,1.924144144771029,1.9693494338862052,0.3325160479509714,0
16547,-2.6010501921479743,-0.2548159654231835,0.7098540553007496,1
16548,-4.847583639074803,-1.699211637492534,0.8419224059962067,1
16549,4.349374581359077,-0.937810988295122,0.8091433053884649,0
16550,3.089310712452843,0.3785898839044593,1.1851786603067451,0
16551,1.230481363576908,0.1424693378947566,0.4745432101135045,0
16552,-1.4449739074490726,0.0859950476485577,0.1865440387560925,1
16553,3.7797222477826486,0.4360059030280767,1.6192770444249691,0
16554,1.603724076205119,-0.1027367391211116,0.1953388626134299,0
16555,1.2139054617357663,-0.155392813989542,-0.1076255778322045,0
16556,3.0447904068234863,0.1770937596727989,0.9418778310125936,0
16557,-1.577937157620248,-1.040587896975098,-0.9050032411876412,1
16558,4.594649948069936,-1.7805928908822393,-0.3919541572097816,0
16559,-2.447298328858744,0.183483280969205,0.1743144630978565,1
16560,1.8832940931769424,-0.171218075820151,0.0326979689739293,0
16561,-0.3058262777576405,-0.8329402086716389,-1.556183247381376,1
16562,-1.6182775176346866,0.5856543816536209,0.4029541019409364,1
16563,1.854265065134818,0.9345726273051876,-0.3130625747882449,0
16564,-3.541253483997603,-0.4350095056885201,0.3596268149937429,1
16565,-1.2857659376105914,0.1160265256881822,0.4039843515980347,1
16566,-0.4679933723577955,-1.4886110782171649,-0.5825345994840273,1
16567,-0.0788996411055878,0.9919588256212826,-0.0580231554169518,1
16568,-1.0139292874735013,1.4414661807856932,-0.3024206182197368,1
16569,1.0187224562862711,-1.03580575294103,-1.5362091354343614,0
16570,2.978081319955684,-0.5983649281470177,0.1872177574068786,0
16571,2.4349449162454464,-0.0635214429964173,0.1464569139347923,0
16572,-0.0376858300878361,0.4400198685630739,0.0197657008891986,1
16573,-0.3854388797049076,0.3500356916505494,-0.330449624759586,1
16574,0.7192722488767475,0.5382948033498555,-0.1387861216589905,0
16576,-0.953341494493506,0.6583296884331786,0.4567668611638284,1
16577,-1.598601696999628,1.2531222433927574,0.1629648675285207,1
16578,-2.6437592665850604,0.2749516624064237,0.3157362525398814,1
16579,-1.9204310915071583,0.8327223777409258,-0.0610115033782623,1
16581,-2.640306456092542,-0.5490928908553802,-0.0589123126321463,1
16582,-1.7817404213746328,0.5104702898811725,-0.9040886102876472,1
16583,-1.803928020898762,-0.0628240111735454,0.5027323926769627,1
16584,1.4593584815949123,0.9218463390347794,-0.1191036045150794,0
16585,-1.8299994383198548,0.2447619648584412,0.6224648281520605,1
16586,-0.1440497799243489,1.0594258111270285,0.0264493521620711,1
16587,-2.1923979836686334,0.3016412249634225,-0.2618458561815956,1
16588,0.2901075011151661,0.7687203204193604,0.8032223239349111,0
16589,-0.3157300406704058,-0.6866384761430793,0.2388589829131716,1
16590,-1.0179851952414252,0.7560671303147601,0.3078542008908549,1
16591,-2.2509031491502136,-0.1868085727655807,-0.9024411883243532,1
16592,3.5989969672422086,-1.4720111742884854,0.0580487267409909,0
16593,0.2140471044847563,-1.1701173247495456,0.5221655028334444,0
16594,-1.7150005504449295,-0.375041145424764,-0.3257783166491186,1
16595,1.5290534561046407,0.0936829254762692,0.4810185096178254,0
16596,-0.76212186999594,-1.550984768200914,-0.5216538514086041,1
16597,-2.012313537478464,-1.9680714885932304,-1.8214047917014236,1
16598,-2.6402590728203568,-0.0996950722625736,-0.0114822738078742,1
16599,-2.26848331863275,0.237162294095115,0.1330000377537548,1
16600,2.0474314327986387,-1.828550483005256,-0.2895254237360412,0
16601,-0.0870101414656146,-0.4126635032046755,-0.2254437540713251,1
16602,-0.0865230819613923,0.2330113173378989,-0.8142246927881035,1
16603,-0.5695951303624606,-0.0165767719423389,-0.2591923356626983,1
16604,-1.7429081095050898,0.5134633645386372,0.3717150836508971,1
16605,-3.850807556539059,-0.6311838273168842,0.4282794892680702,1
16606,-1.7277115906782938,0.16558318069881,0.4174106559254173,1
16607,2.9816209140594525,-1.1679152524532674,0.7868903911118995,0
16608,0.250879832383364,1.638448794559415,0.3900500229662028,1
16609,2.600602783102095,0.4908917037054802,-0.6072011308768835,0
16610,-3.2669743545238528,-0.8883250179206224,0.0527216793128784,1
16611,0.7416680107594408,0.2587567472106188,0.7722309738918989,0
16612,1.7646118746751096,-0.196028744500238,0.1220532856573429,0
16613,-0.4865602991918764,1.077531259273344,-1.0271868399170012,1
16614,-0.1446510440204085,0.7079259766483814,0.0704165900508364,1
16615,-1.7286704345923167,0.9741063933977966,0.2365200977086787,1
16616,-0.3459995444963864,-0.525941436116581,-1.073511770901676,1
16617,-2.707705201085156,-0.0742094428227506,-0.2764192473188412,1
16618,1.487596567542679,0.3795528759774401,-0.4287528599911141,0
16619,0.8477938114341451,1.024398635345311,0.5882547600419711,0
16620,1.5132224557126577,-1.013389385144289,-1.0377734572546111,0
16621,-0.4057938445198129,-0.4945082097067353,-0.2297320954696954,1
16622,-2.524898570596948,0.5579415562759854,0.0917091589051092,1
16623,-0.1868146489310414,0.2646251236633555,0.5964077181399173,1
16624,-0.0978340967294759,0.5708335046416734,-0.4090251628804177,1
16625,0.6461657797316726,0.5694587215446061,0.8253590320896868,0
16626,2.842516314769288,-1.863810702520676,-1.0886068471242991,0
16627,-1.3212824074053895,0.3776924654040841,-0.7893009057141087,1
16628,1.4005964307301768,-0.2481444667082087,-0.0581025314490648,0
16629,-0.5100938723661262,-0.2235334177089094,-0.0411742166309142,1
16630,-3.2123727841518366,-0.2863658802565089,0.0896756071460696,1
16631,0.3643574696978659,0.4443211981120394,1.1597189166275,0
16632,-1.3937423928534092,0.391774390843954,0.5547239073716194,1
16633,1.743319732748799,-0.0037562738552258,-0.4963083454470769,0
16634,0.6997438163115681,0.2639333271419145,0.8694246570094816,0
16635,-1.1041199054574322,1.3711976483197497,-0.1176602987315847,1
16636,1.3210068286686831,2.0047377216055757,0.3999779781607305,0
16637,0.6646817797828675,-0.2393502155055806,-0.276308625215747,0
16638,1.7474129253237063,-1.3724322076246067,0.6527202091585567,0
16639,0.96953149425275,0.1869509294884697,-0.4695734810306576,0
16640,-2.2468541158543247,0.2797893789610374,0.144292817006676,1
16641,-0.5277470737980312,0.2456038847476539,-0.1528971577965875,1
16642,0.8192152967807951,-0.5486936835744273,-1.4536178520051153,0
16643,-0.1426400908999786,1.0887121172875676,0.0798706583896967,1
16644,0.0510807957937947,0.8856571801249078,0.0687542732172432,1
16645,-2.4938066037584794,0.3439494091060345,0.49471126141742,1
16646,-0.3797215918177301,1.8868544035773276,-0.1336483132828362,1
16647,-0.778307190480656,-0.5373248174671517,0.6050936169553126,1
16648,-0.1840620179085126,-0.3675632067527666,-0.3140826027626933,1
16649,-1.928936723755962,0.9028368066143028,0.0842485722580442,1
16650,1.088153387904074,-0.1473718963172711,0.4127718752858051,0
16651,-3.0388665814274223,0.075993307122599,0.2240387313613746,1
16652,3.5550535792912457,1.1539831476472913,0.2487038346342414,0
16653,0.7852977346581995,0.4853034927675901,-1.2353589972840815,0
16654,0.4711207599319493,-0.4429628545074364,0.901831556520065,0
16655,3.202104358865743,-0.147384438956149,0.2725209644927702,0
16656,3.4149058117568765,0.0043756300517232,-0.0076158944699656,0
16657,1.030016377292052,-0.953775992836717,-0.4413060966943918,0
16658,-0.6558317779560073,-0.6111497126604605,1.3433843101367242,1
16659,-3.99592504334196,-1.6119107555585852,0.0779288954795036,1
16660,0.8099922165049214,-0.6475530288817085,-0.6437777119790407,0
16661,-0.4187083120461273,0.4150702457734558,1.0309068318959116,1
16662,-2.563847901307698,-0.0363708575336943,0.3413749277831934,1
16663,-3.204645590889909,0.4431242978457164,-0.079257370147461,1
16664,-3.391448051027325,-0.2463938281325858,0.3349161347752175,1
16665,-2.8349028050560388,-0.1069349483331528,0.0953238059155135,1
16666,-0.9375312650782373,-1.3753923530168484,-0.4765553482756072,1
16667,-0.5057227017129369,0.0642974193424899,-0.3125286711132614,1
16668,0.3017723590910489,-2.413218227640905,0.3600019370453966,0
16669,1.0800743556618375,0.1879055653406154,-0.541006903310012,0
16670,3.3065064676771287,-0.5010544087751059,0.4315869304368595,0
16671,0.0065186870218041,0.6333950673563878,-1.5490912171286535,1
16672,2.754102276172188,-1.132519704605322,-1.2655160316627352,0
16673,-2.3951934365019296,0.3626921528046901,0.4912952381811682,1
16674,-0.8413710908746407,-0.7298278908159599,0.022094182756834,1
16675,-1.0377795750170946,0.8161809626488311,0.3075937810320309,1
16676,1.3679447017842998,-0.0031496379482473,-0.1055942929821772,0
16677,-0.3569335206522877,1.1974263511064658,0.3165875019593691,1
16678,2.325936386703069,-1.403031664436729,-0.7197790930937447,0
16679,-1.1173415563789002,0.3170347161292731,0.4253759578922523,1
16680,-0.2635624245096337,-0.1504172627430702,-0.5421721028552168,1
16681,0.6953693936908357,-0.0940595821447775,0.1074343318281323,0
16682,0.4816439656584991,-1.2217783737666923,-1.2740196583935763,0
16683,-1.676477045692979,1.019748631795259,0.0956028748616345,1
16684,6.7602098042341465,1.005939930112307,-0.6146021755414718,0
16685,-0.703311374594003,-0.5573234934143576,-0.0215098035128261,1
16686,2.882736869580365,-0.4444602097589741,1.1294376805464683,0
16687,-2.502964553139392,0.1475344879823659,0.0775530507361387,1
16688,1.2686135840962802,-1.2959903691910617,-2.0220377715121307,0
16689,-1.1261275725152893,-0.1427371196143402,-0.4778937661021569,1
16690,-1.4108485184994914,-1.3025011118141048,0.1563023161634505,1
16691,-2.525665777808675,-0.5998336514360516,0.6512945576437035,1
16692,-0.3217993778887662,1.1204636422180267,-0.3146675528282261,1
16693,0.7064341519700778,-0.3185670803350126,0.4746367391902306,0
16694,-3.768972061513472,-0.2435575589401052,0.2833663486520541,1
16695,-1.9922861987363991,-0.4165121318280441,1.0528448593077029,1
16696,-1.3331054400980962,-0.415829766010678,-0.0044415749561581,1
16697,-2.8798739648739504,-0.5240989925143994,0.1514138936647392,1
16698,-0.185184516258539,2.033616672251619,-0.9339199634111288,1
16699,-0.1055532536497004,-0.3584441713776869,1.3801038132279078,1
16700,3.645188831404361,-0.8998919741018915,0.3273822079258662,0
16701,3.7136218350098713,-0.7721838223781651,0.1926259052235928,0
16702,0.1373802234325468,0.5419373963507799,0.9962852730142058,1
16704,-0.6315204663929647,1.0148034189177,0.672276671939169,1
16705,5.84972011779212,-0.5489029772168255,-0.8069297768216235,0
16706,-0.1938550910524363,-0.766733784509614,-0.0229422249162076,1
16707,-0.6786325494131751,-0.3025568520345888,1.234420462335484,1
16708,-0.404178061016518,1.0058207976933258,-1.283327512178639,1
16709,2.906218488939972,0.6557150654181381,0.7264624728110383,0
16710,3.286927079238455,-0.9699638944691388,0.9210515744462024,0
16711,1.6129427032614088,-1.0852046508016082,-1.325507115983753,0
16712,2.713820787241872,-0.8681311054984321,0.0328383127641066,0
16713,4.204733234197437,-0.4987527916496661,0.8958717912514977,0
16714,0.5840410765264133,0.6648772105690279,0.591896886320262,0
16715,-0.1781742909474159,0.3511629188342886,-0.3780707084753517,1
16716,0.0082835364754862,1.6223418704675845,-0.4155001654547202,1
16717,2.9761094436290265,-0.1145325488315462,0.3397922364899309,0
16718,1.3685249650908036,1.3492805046039926,0.8126090050109408,0
16719,2.3875727303895,-0.9829871106735768,0.3373430495841325,0
16720,0.3971873801883165,-0.4590558038660173,-0.2791338119578423,0
16721,-1.4046274098608331,0.6481446699407124,-0.0123566553760136,1
16722,3.310198305468273,-0.5532838702076983,0.3902774851185613,0
16723,0.6905545350245897,0.1619390409275746,0.3176491801123967,0
16724,-2.544177699281957,0.0096402506221171,0.2749573447510698,1
16725,0.9387488304595392,-0.8766753548779845,2.086500086073221,0
16726,1.549960186951742,-0.4436396407590593,0.0903877168721583,0
16727,0.6736942117058785,0.7388803891741978,1.023181463431145,0
16728,0.8250753772705608,-0.2944276045011526,0.2448565019570661,0
16729,3.113732215301622,-0.4022293404034484,0.8971509884218362,0
16730,0.3023197131964086,-0.177436290015139,-0.0466814822208475,0
16731,-2.0637708014471503,0.3304275207564265,0.6815026654354717,1
16732,2.3531899895350445,1.251608363163672,-0.582647881302538,0
16733,-2.1267107214779584,0.7667608362347218,0.062305073050284,1
16734,-0.3094040370370358,-0.3798258353761917,-0.1808252764078824,1
16735,2.642491023054568,0.2431610582349951,0.8349927968049929,0
16736,1.0882834241350134,1.397754429122099,0.9191159060897596,0
16737,-1.0028510628959642,0.6000198266409045,-1.4587113500493798,1
16738,-6.752650981940877,-3.994174086584549,1.069737187515418,1
16739,-0.4338612577602755,0.794245185916386,-0.1149909010637327,1
16740,-1.8830812148767613,0.4841757446043895,0.2250585823447043,1
16741,-2.5936449774455976,0.3575406668184108,0.2992186944544892,1
16742,1.5551675561324096,-0.7912748142649663,0.6187127476769964,0
16743,2.355579681438784,-0.5115703993338816,0.4366273862283418,0
16744,1.2940307762427392,-1.290109216002576,-0.0381051232233823,0
16745,2.8298299167767453,0.1982010151606537,0.971329543351633,0
16746,4.667207686242617,-1.0244602993125207,0.3413259052709978,0
16747,0.0395239928890209,0.3751287761171789,-0.8384599317874974,1
16748,1.9057538151649505,-0.83847997984635,0.0482026004295103,0
16749,1.257103301522048,3.119102590141777,-0.1526935105305919,0
16750,-0.2804117632439643,-1.2070141405742274,0.3339191009557059,1
16751,0.7855165534002704,2.0554357618187318,-1.914090557134772,0
16752,-2.543078127176193,0.3655510549220623,-0.1049617620302748,1
16753,-1.3196106825868197,-0.1377624990322021,-0.6075364684791364,1
16754,4.529679698574887,2.5659990406288737,0.844181666057693,0
16755,1.7723390263472385,0.421258975826475,0.7497660073110642,0
16756,0.3210050187481922,-0.2461015071366024,1.0424162719488057,0
16757,-1.9010719692494604,-0.1985740280702342,0.4016165406338238,1
16758,-1.080887908040682,0.4723828388215935,-0.9098910215705768,1
16759,0.3437541943342883,-0.7413309934302647,-1.1526583165454878,0
16760,-1.9503845127817545,0.5680027545791623,0.1390916105892543,1
16761,-1.2834707203166118,0.4909973310672367,-0.7510200091218441,1
16762,0.5001697152850239,0.0050384913347009,-0.8792929438328414,0
16763,-0.1337371373695786,1.0622939177103945,-0.0713413950334357,1
16764,2.27077754897556,-1.615269604275123,-0.2712850940513101,0
16765,-0.8679714414923944,0.3271676784338883,0.5005789878103982,1
16766,-0.3482148179373157,1.3997942641068657,-0.2509797201104923,1
16767,3.2383331138964198,0.1481685761683684,0.405731283502815,0
16768,1.0210224798761738,-0.8252125033219185,0.5896160514736382,0
16769,-0.0665785306753898,0.3392746359994404,0.6982572162845557,1
16770,1.3269255408067837,-0.7160645730040742,0.8421627600201503,0
16771,2.4304377802673938,-0.1370056853882184,0.437967117096964,0
16772,0.9037660789917376,2.2764433215455804,0.0405720834557263,0
16773,-0.688436473682786,-0.8483918048315396,0.1043194576687753,1
16774,0.8214288405182518,-0.6260760874684884,0.63098517312106,0
16775,1.8816727408273133,-1.5903248534265313,0.2129538286512407,0
16776,-0.0236069400962136,0.0835561875074039,-0.1701090974043354,1
16777,0.5843782983384679,-0.1844856684888506,0.4329568647319103,0
16778,-1.6056955242308135,-0.791990574937919,-0.182380463020974,1
16779,5.376495781451436,-0.9589676218141964,-0.2072947276969527,0
16780,-0.3202699709093251,-0.2700601718333748,0.3027611207209203,1
16781,-0.9440261455468096,0.7339968110183084,0.3316874433512232,1
16782,3.842232194625661,-1.430070647206478,0.9223194388434084,0
16783,-1.4246676165536265,1.1524214364583665,-0.0217134897012384,1
16784,0.6151390260942928,-1.0534542322838405,-0.0080358331400501,0
16785,-0.8647223369696851,1.501791452137593,-0.0785102549835984,1
16786,-4.063381223684951,-1.0469845687546735,0.1776482065923129,1
16787,0.0254333601689611,0.3980635610499188,1.050089960465622,1
16788,1.3776474104814511,0.4065401243767583,0.7556583913290903,0
16789,-2.8585555491053167,-1.9596670414096733,-1.6186969262454154,1
16790,1.3796445828662585,-1.1768100687658132,-0.9557583522992988,0
16791,2.5063297441245576,-0.7724547603279931,0.8183986847394008,0
16792,-0.4368584013765333,-0.5770422691407602,1.273799549261008,1
16793,-1.5767916496658023,-0.0378427634117294,-0.868152552262864,1
16794,2.436944141438798,-2.6061376434344585,-0.5809077245973175,0
16795,1.2473780942154702,1.5519922135350293,0.757970940106928,0
16796,-1.37718410464153,0.3704835255718136,-0.7256496608318281,1
16797,1.0189647302705669,0.7209428417340513,1.2813671570808292,0
16798,-0.3294384515150994,0.6151830838495349,1.085511321657999,1
16799,-0.997299383457315,0.3891568957172771,0.7652257547974803,1
16800,1.0623388658056343,1.1324833655638016,-1.7499434411383832,0
16801,0.4344829619265756,0.6119399061179691,0.3182819298614961,0
16802,-0.8124674756862591,0.892883440602125,0.7610598116369727,1
16803,-1.075053193520087,0.3652723181711086,-0.8245997409990645,1
16804,-0.3021927218385647,-0.8899851566267751,-0.4144911389006098,1
16805,0.7565702259264047,-0.0747760910153254,1.0746619781646174,0
16806,-0.1608662617236573,-0.3721299061118279,0.4312757309803053,1
16807,1.151132940997605,0.3869118514862108,0.6498734768998158,0
16808,-1.4490895325354494,-0.5302780950342544,-0.0529122642105126,1
16809,1.2962149828093563,-1.0302402593523916,0.2669919957273042,0
16810,-0.4027483165133863,0.8920417542467737,-0.1053123394576221,1
16811,-0.0479466893679668,-0.7696807031582533,-1.6659011315205072,1
16812,0.949408366998982,1.3660492908414763,0.621743647766362,0
16813,1.8344083172560728,-1.5878605599899,0.1207972461683241,0
16814,3.7057788012104576,-0.959931231372478,0.7052963783898926,0
16815,-1.0412712371529094,0.3195463760333296,0.8088717166519437,1
16816,-0.995753354243076,-1.0155435455863795,0.4764907492599617,1
16817,2.0681396461325385,-1.771167833323155,-0.538452314299571,0
16818,2.308457543001569,-0.7989562801178315,-0.064629823567437,0
16819,-2.0807132563159514,-0.4905591172546225,0.8585227774056471,1
16820,-0.7454932232298057,0.9516244598608758,-0.8062044972810759,1
16821,-3.507064458346816,-0.3724126801628649,0.0642085882297303,1
16822,-2.3460239589382774,0.4899214397985044,0.3621584236462317,1
16823,1.1591339410900283,0.3610249495216444,1.0599836056369278,0
16824,-0.0872517658112709,-0.6886133853681398,-0.8257279939977772,1
16825,0.978255138538372,0.0638589051262593,-0.2739121802927259,0
16826,-1.171223497545172,0.2892824917949336,-0.9999357393691012,1
16827,-1.865500405289453,-0.951539631812362,1.0290317600702683,1
16828,-2.723198779331732,-1.478094912845525,0.0020241687844324,1
16829,-1.01250956377768,0.2557218257041763,-0.0683090299080547,1
16830,0.5687269399426651,-0.1424288529568546,-0.2254515808107889,0
16831,-3.398482504897696,-0.3829994197585118,0.3865428599326284,1
16832,-1.3590020332780166,-1.1357144187051869,0.8238374626081114,1
16833,1.9717622175963183,-1.1508728181522596,-1.8306584373395287,0
16834,-0.0866311080888195,1.0599231593213532,0.0460488642249272,1
16835,0.3502010799192755,-0.1115683589278435,0.5587469849530653,0
16836,0.0066280283487881,-0.6112192351703128,-0.1313501105513156,1
16837,1.8549994372719676,-0.5227233654207508,0.3409297363401772,0
16838,0.0626782883198844,0.3390079057763446,0.4840277205185042,1
16839,4.319375478804365,-0.6490108399149295,0.2754630410931818,0
16840,-2.769969641288333,-0.7225910666529792,0.9075465258797052,1
16841,2.3953090529646985,-0.291753683842858,0.5499795760874256,0
16842,0.2986135286786658,0.6244331401814062,-0.1524219058209122,0
16843,4.367541102332792,0.079406560187502,1.1058594130856303,0
16844,-1.0234046558012928,0.8947911630490204,0.4696533593194607,1
16845,-1.886994213795778,0.800257837637703,0.2983980618465109,1
16846,0.0466633337521404,-0.0777818827331844,-0.2886500320125584,1
16847,-0.4461364755095303,0.0192828404713618,-0.6537689848262606,1
16848,0.7114330919077705,0.133201607922931,-0.1134405161753113,0
16849,-2.9842036478556238,-0.4520085062329398,-0.2355801984869714,1
16850,-1.4577245005416262,0.9205735820040312,-0.1142737845437175,1
16851,-0.6911409987321648,-1.9101517105476655,-1.338348304103892,1
16852,-2.187326202743543,-2.0972688334169005,-1.0799795814115971,1
16854,0.3978611613801229,1.753707723974876,0.2615804321761094,0
16855,-1.1676267769143385,-0.8676065586420648,-0.8192506861780947,1
16856,-1.0697851201767077,-1.4485618337692658,-0.7804423680506767,1
16857,-1.761447380308394,1.074501309781583,-0.1715871003061637,1
16858,1.4120907555472637,0.7820572847284608,1.1292572727456789,0
16859,1.100312200231887,0.1021802046338792,0.8054589608233461,0
16860,0.0820904955619237,1.3937683056268313,0.3620767879976332,1
16861,0.0949631232886232,-0.5576203711266599,0.1544903543630683,1
16862,-0.7041676798955567,0.0815260522006254,1.122362308626519,1
16863,0.1667854511434467,-0.2297314649876498,-0.5202735783297361,0
16864,-1.419336536831339,0.3784407138139862,0.4372270676395884,1
16865,-2.420095332997553,-0.0626475732758743,0.3436828035952344,1
16866,-2.380409829997464,-1.350721843167891,0.3628068386555527,1
16867,-3.5144195496268584,-0.499438312547908,0.5785473895224245,1
16868,-1.416157488084178,-0.3541293106682201,0.9807062110637346,1
16869,0.5014435482764712,-0.7819545153586047,-0.1440463375800776,0
16870,-1.1306192088757987,1.3596965978310362,0.0032593369548666,1
16871,1.7490079242065546,0.0559135613521891,-0.3222224580096173,0
16872,0.0331766319797376,-0.3682998924800006,0.0432533245393643,1
16873,4.147350167685164,0.5173263538180523,-0.8972406277511846,0
16874,-2.0291607132949405,0.3606021072763335,0.2331498798669271,1
16875,2.111250660491246,0.061129031140168,0.6506024428313281,0
16876,-2.101971304106351,-0.0393192575963,0.5319257443980442,1
16877,0.5813539711795953,-1.5267491384134846,-0.119402472619899,0
16878,-5.067175269392178,-3.1481085670197264,0.1852521033756423,1
16880,1.2580600994226183,-0.732308016322501,0.3005724997751071,0
16881,-1.463707250503723,0.8266826860951697,-1.5739264017574244,1
16882,-0.2682011187035632,-0.1819069192597714,-0.1242541159250803,1
16883,1.2460589430129183,-1.1112319174649288,1.9202217536854091,0
16884,0.3853916826496382,-0.3023058367432528,-0.1996451088586585,0
16885,0.3203336532583031,-1.1540219431383745,-0.26764734957309,0
16886,-2.9854381141741904,-0.0508209350039715,0.1689097696245477,1
16887,0.0967879634247299,-0.5090269030543833,-0.1613642999691942,1
16888,-1.2696973205351607,-0.1953491107548081,0.9266234365279548,1
16889,1.4030854367971357,0.6722743595208368,0.8303586822734721,0
16890,-1.7744857520518809,-0.5252967248810391,0.994108220500532,1
16891,1.983047960935466,-2.2013279133523964,-0.4298783403478298,0
16892,0.929295947203512,-2.70919674344629,-1.0845340988666932,0
16893,-1.522963232563286,-0.3386229341402429,0.9582629619669436,1
16894,0.3967157174683001,1.1164190739670252,0.947977220482434,0
16895,0.4951043014678554,-0.4382212040579729,0.4275397193278743,0
16896,-3.2547060398602854,-0.3573146498307727,0.5343976068493975,1
16897,-1.7736158337736518,-0.2451815052748702,0.5573815296185497,1
16898,0.8271209834474018,-0.9713712698422744,0.2682239225014285,0
16899,1.3463596199970365,-1.2539132052286783,-0.3779480316021262,0
16900,0.608975824447207,-0.3681897802324036,-0.6593495107223756,0
16901,-2.461010860665523,0.5192579281494116,0.4415828927912721,1
16902,0.5480186298747814,2.4018126934178987,-1.1514826046113915,0
16903,0.7993887880418435,-0.0493797864936979,-0.3234622429481242,0
16904,3.2158127744310807,-1.7095891257425555,0.2023255225518175,0
16905,2.711362631157154,-1.3077794451104336,-0.1974761786465234,0
16906,0.8525877777375187,-0.5410841339512501,0.8209306932888437,0
16907,0.8433553808406472,-1.187568245355239,0.3948788119542197,0
16908,-2.2295114855046934,0.7794331181258972,0.3173081642709553,1
16909,-0.9093103221820236,0.5942042046835576,-0.8831059830636999,1
16910,1.8043564729833488,-1.653325721980397,-0.3325098322891994,0
16911,-1.840383483471782,-0.0721025700836969,0.9640255256695548,1
16912,2.1938494148430827,-0.6024564029815656,0.4555081502963674,0
16913,-1.3788514944681638,-0.2640037213343144,0.5778220822016068,1
16914,-1.6413945510650438,-0.5364685115681447,-0.8451231878804063,1
16915,0.6130488430750288,-1.8339501471912607,-0.2278570245458475,0
16916,0.7592722687471721,-0.6707100938191835,-0.0410266169937839,0
16917,0.4561593766690458,1.9221750104844453,-0.2040181796655718,0
16918,2.1656629711749176,-0.8925042164318776,1.1540950769084013,0
16919,2.280002567486456,-0.6030396983345367,1.822936639231822,0
16920,-1.7296360994272495,0.9810631410663856,-0.0636624123617509,1
16921,-0.5669080896598446,-0.8671647420934423,0.2586099877088198,1
16922,-0.4402952489987504,1.7051621037964253,0.3396160188554935,1
16923,4.063757452987737,-0.7411205712098206,0.6347773304128341,0
16924,0.297566615087515,-0.4051308901488039,-0.5928688401594098,0
16925,-2.5242968895570117,-0.0329208173039458,0.5355984903549353,1
16926,-0.2832826790185938,0.1858208962053593,0.9706176844843416,1
16927,-0.9543660967509072,-0.1521000538192398,-0.2041260797786937,1
16928,2.100838567791096,-1.318754873901568,1.6664397722440945,0
16929,1.0790402942453745,-1.5592332674228455,-0.8708983189929699,0
16930,-0.5679181682529159,-1.2011552568902513,-0.2282613898687935,1
16931,3.30304130041529,-1.664855438570337,0.3628067330165208,0
16932,-0.473350253541677,-0.9368311579742612,0.2816070304697167,1
16933,2.658966517003348,-1.4338837489251748,-1.3054172413829697,0
16934,1.2470467466189772,0.0117368077531444,0.2337939445468761,0
16935,-0.8378224816774161,0.0424788690357962,0.9004414631456125,1
16936,0.0501738230794253,-0.3028649760941122,-0.4992437751293892,1
16937,-1.8410324990240143,0.3905574802495781,0.5423430328289359,1
16938,3.5509545958251265,0.2361916564630635,-0.3495633667049937,0
16939,-1.2159683002586457,-0.0938458888934064,1.007426218309146,1
16940,2.9683190830850057,0.9001864940228224,0.2875521339811991,0
16941,-4.881305184534112,-1.519464998164802,0.6141781004079918,1
16942,1.5002603127804857,-1.1469302169691786,0.0250894301758139,0
16943,-0.5065528041196113,0.1339047658949842,0.383935006740616,1
16944,-3.466115546199505,-0.2922974369636134,0.3785706015134508,1
16945,3.39488921873182,-1.0359768412070942,0.9903569961217962,0
16946,0.0678847046506311,0.3045840456475293,1.0422557842165492,1
16947,-0.0574321678946594,-0.0975569083274404,0.8638163490586117,1
16948,0.0411212450832286,-0.7251841305162656,0.7944691986990009,1
16949,1.054495022444612,-1.3698961557003264,-0.9889277571032145,0
16950,1.9193225905067803,-0.031068250387765,0.4807981982612903,0
16951,0.6123692450723454,0.7566374979099514,0.1444220134219135,0
16952,-0.1091246705859607,-0.615191056879385,0.6649040432848894,1
16953,-4.836263571940263,-3.008542542903704,-0.7048719263406297,1
16954,3.2187450310516126,-1.711337821697387,-1.07621967054168,0
16955,0.008783319171475,-0.229848259683138,0.7328344392892125,1
16956,-1.253393895127271,-0.1784969367786786,-1.5405232654699956,1
16957,-1.4857468744717277,0.1709906713486872,0.0875484944345158,1
16958,-0.2081136992372747,1.9436471130948136,-0.027991211853248,1
16959,-2.80419887332952,-0.7413728007420765,-0.5763873600061978,1
16960,1.760444806069551,-0.5575549234583645,0.6459460666445587,0
16961,-0.1462881715707693,0.1292942100757651,0.1589691114529252,1
16962,-1.9270039009698277,0.6586386354498792,0.0339397509604466,1
16963,-3.097119330488819,-0.574062221286737,-0.2058579070956903,1
16964,-2.89449786835082,-0.2683755635978155,0.6605549461159106,1
16965,-1.6162909176951654,0.2382390041725012,0.0411214699048461,1
16966,0.9725315905823808,-0.6469396467467015,-1.227624065570494,0
16967,-1.258304667235853,0.7014090940570926,-0.3195936365436639,1
16968,-0.2322758884938648,-1.1172493971045796,-1.6387527725820357,1
16969,0.0005692919200791,-0.4098082001466017,-0.282345825443981,1
16970,-4.307615498411855,-0.6776773298390582,0.2518125399776501,1
16971,-1.1257860616151023,0.1644341338235902,-1.0477090769011226,1
16972,-0.6888878718472689,0.9271413194061264,0.3596190174897467,1
16973,-3.012050271468052,-0.1401456407717649,0.0610582364441996,1
16974,-2.3447443189862818,0.2677447303309564,0.2034399157504583,1
16975,-0.2712542306156636,0.7482346433385472,0.659089233923001,1
16976,-2.593578425996154,0.546872329647888,-0.6560649013383559,1
16977,-1.360023211878193,-0.4178843602667823,0.9573115460584108,1
16978,-0.1834543056181396,-0.083057690882823,0.018052056481546,1
16979,1.9938591315882577,-1.0262688632914885,-0.8736944259308301,0
16980,0.5587666097818219,1.0587391301338636,0.4335058342875437,0
16982,-1.0726500503100305,0.4869622422035695,-0.9651978131482426,1
16983,2.284922083433855,-0.688207324552473,-0.0375742990191734,0
16984,3.4894704542261343,1.420135516758226,0.5856393544837857,0
16985,3.2042633242792826,-0.3582989837117934,0.2080717492880228,0
16986,2.127356944291999,0.0011034794768953,-0.0309748512605794,0
16987,1.941523062444404,-1.6182543810886263,-0.6310729122834867,0
16988,-0.7470838765398927,-1.2262962478274195,-1.621212087766599,1
16989,0.3143040908777156,-1.2126267856163098,-1.1757039958330222,0
16990,-2.276445836820442,0.0259347762913704,-0.4152257198842137,1
16991,0.1779194463656369,2.2796474854968176,-0.1433461717634947,1
16992,2.751431858402678,-0.5039945598513309,-0.0945802145637133,0
16993,-0.2020288311751585,2.1165896731752345,-0.2710689776222292,1
16996,0.9272824515033904,-0.6762393175622632,-0.0556117418971387,0
16997,-1.148044754023329,0.3529204633876207,0.1180687756151938,1
16998,-2.161925064116051,-1.2045710930695332,0.2008148298121777,1
16999,-0.6502295727951668,-0.4186931628011418,-0.9715533092163036,1
17000,-1.246215064297487,0.3285620647278932,0.5119319366670108,1
17001,3.346160713051508,-1.557688888975734,-1.1024161810803903,0
17002,1.1889774026109297,0.2277716106941103,0.3138078851813239,0
17003,-0.1615284175593422,0.183170056894912,1.1248983229637404,1
17004,1.111602608866055,0.6838986606383821,-0.5186532834963009,0
17005,-0.9013592665311084,0.9338467830804916,0.2709662544343695,1
17006,1.306786893245597,-1.4744948790108403,-0.5958429163566776,0
17007,0.4735844729546163,-0.8973690595423149,0.4397208799342035,0
17008,-4.072365691846553,-0.6008005840705436,-0.0623716531689947,1
17009,-1.9057998909953424,0.7826633847080404,0.1320346344937303,1
17010,-1.7099177361313955,-0.6651391893651014,-1.4081556441711247,1
17011,-0.080167501848208,-0.4463420700901557,-0.539710587519062,1
17012,-1.3503589389680015,1.2460005039224549,0.3626178423370411,1
17014,-0.0195394476692976,-1.1538464700483944,-0.9352659421030638,1
17015,1.6174145763294507,0.636176014693331,-0.4896538395223807,0
17016,-0.855165854405563,1.646185369964474,0.1064635562833206,1
17017,3.980277406594465,-1.0323391987411767,-0.4121200924181724,0
17018,0.6195239888144217,0.0322621515333348,-0.415770738139567,0
17019,2.630529858694852,-0.7400608544773496,0.09268427602666,0
17020,-0.0500416275894152,1.384646256517408,0.5467025163840127,1
17021,0.0011786144384631,0.1380524081928058,1.1497383724846055,1
17022,-1.420703682507374,-1.0257067180081345,-0.6232190340220157,1
17023,-0.3821224736152473,0.5724838038590743,0.7416306710500383,1
17024,-3.145108203244197,-2.505548219176285,-0.1461560108581943,1
17025,0.3985220325350029,-0.1288072903524459,-0.0519072913021444,0
17026,-2.6496813928839518,-1.371336228641224,0.3901504161218129,1
17027,0.7240975337973761,-0.9623954823565152,0.9822730095430404,0
17028,0.420490839081145,1.450844400925238,0.7385049863131095,0
17029,0.5978796479225729,0.1569255120283602,0.2050525173376037,0
17030,-2.103069751747377,-0.5417458855780966,-0.6593031511819122,1
17031,1.476829952837267,-0.0909718641717903,-0.947081573011978,0
17032,1.3960579539325626,0.7992712880964674,1.5340558691089226,0
17033,0.335630949665897,0.2711023577031647,-0.0693919352860911,0
17034,0.6876970310223265,-0.6700553411884165,-0.5469007367972554,0
17035,-0.8017978061345324,-0.2922781378383923,0.7164245248830671,1
17036,-2.475872431403052,0.2111462936393079,0.0761659318364071,1
17037,0.5722040894912025,1.9620833822385844,-0.983932684818738,0
17038,0.162770350190478,0.1378101183742942,-0.7414556858001472,1
17039,0.373120772901258,3.1059369067850704,-0.4308014817791892,0
17040,-1.271207965537156,0.1110212385152716,-0.2176089659429091,1
17041,1.2018485477798206,-0.4430891747536792,-0.0549443680905536,0
17042,1.0960455664752051,-1.4486464492075952,-1.1020701221871891,0
17043,1.805578331750475,-0.3009529161570231,0.2527368116807677,0
17044,3.220360897954588,0.8451785723104459,-0.335910068336161,0
17045,-0.3166066117169569,-0.548670433413834,0.5081251757913618,1
17046,0.971015325428102,0.5713975119264508,0.4963432797945413,0
17047,1.2697728180007726,0.2809376551660605,0.3744017040208968,0
17048,1.018258451360745,0.0710477075023302,0.6446035966888037,0
17049,3.846264961172173,-0.7826087295395874,-0.4875511760090298,0
17050,2.220934984689248,0.2861587453491386,0.8312041992805623,0
17051,-0.0774567197895204,-0.2391461720619294,0.908042290555143,1
17052,-0.4025761994953911,0.2446977541783579,-1.0188644052014255,1
17053,-1.3115386802478877,1.0219638937028777,-0.8912942860519147,1
17054,0.7622288614243058,-0.4177638384672549,-0.2338813588540227,0
17055,-2.0461796637362326,0.5429867706883963,0.1952556740866129,1
17056,-3.293156531088542,0.0243204504278823,0.3816397769358223,1
17057,-1.55740620297843,0.9007046801005829,0.4232617527802085,1
17058,0.2786387137826224,0.4635284455652279,-0.1922014908196253,0
17059,2.7413358989540173,0.2222253337604497,0.2466883778800309,0
17060,-2.134816779164634,0.499171510660717,-0.3840111014916412,1
17061,1.8054106126420693,0.3474645615029339,0.2963647458073188,0
17062,0.0004353785081308,-0.3506342317824217,1.33031497537476,1
17063,2.1735591127951843,-0.7304007055636447,0.3128107792354874,0
17064,-0.0852863051037878,-0.0435729863974562,-0.2143366676312522,1
17065,-2.760539018277035,-0.3519739213307154,0.656032580604683,1
17066,-2.2309088317211287,0.704553394331272,0.3513874090251255,1
17067,-1.649523993826565,0.170628359250242,0.7913649820172459,1
17068,3.516930143638532,-1.7101554040110842,1.0276585827797209,0
17069,2.707463051285719,-0.2570590652523962,0.4244108291140123,0
17070,-0.5813099742681387,-0.0774473965662456,0.2375624999205174,1
17071,2.1353384538720817,-0.5849750222903353,0.4120017962714682,0
17072,-1.759283471072065,0.901205830106846,0.2808877948218122,1
17073,1.1424274581233382,-0.2271673546520925,-0.4634679768841702,0
17074,-3.1875978279775703,0.4389019548015296,-0.1462959671977071,1
17075,1.546423945642876,-1.0092755283742891,0.1864608228020399,0
17076,0.2735948295962629,-0.6811673221787207,-0.1240798208627408,0
17077,-3.001499631061361,0.9770246810248264,-0.5490915479343013,1
17078,-0.52585189782097,-0.4875497475745393,-0.5077945530097348,1
17079,-3.322857551122947,-0.7710823313168006,-0.9393890898444204,1
17080,0.1490276682437347,-1.3297463422368412,-0.1263728818029361,0
17081,0.6078009889877884,-1.1853146089362332,0.26774353997982,0
17082,2.2482519854774523,0.8159501276390926,-0.3782843950428686,0
17083,1.386651990083447,0.5168992813990891,0.2599141662705361,0
17084,2.617926649359834,1.819173061764877,-0.768031520237785,0
17085,3.0274049150122853,-0.3800220782450275,1.8108174860662265,0
17086,1.6645872012133078,-0.6250178210737388,-0.8292239012768181,0
17087,-2.308079532480187,0.7029033178616887,0.2966655788396516,1
17088,1.2117772392485393,0.2968245154382296,-0.510672120341082,0
17089,-3.281455891107873,-0.1495079224020122,-0.0658337465967343,1
17090,1.9115764654186724,-1.4478252636619964,-0.6792514757113303,0
17091,3.4980602732247887,-1.0920836814718091,-0.428318435394814,0
17092,2.728513320064567,0.27198489813131,0.5590643626893192,0
17093,-2.1906621461253164,0.6966473441562673,0.1835067555709475,1
17094,-1.4464507444000518,0.2384685274261137,0.303598036738901,1
17095,1.713379566613024,-0.2129691675313216,-0.1450082534892297,0
17096,2.203006156000276,-0.6064384852286937,-0.0021825195013715,0
17097,1.4133781776413576,-2.357472003716126,-0.587357004370976,0
17098,-1.5508438853890634,0.1742654303821729,0.3618892994497499,1
17099,-0.8002851389637171,1.6803063596630594,0.038196541742067,1
17100,0.6106340019534406,0.287559892750532,-1.0739741400923184,0
17101,1.4999632495017514,-0.5146004663632525,-0.7356568420435301,0
17102,-5.50275538383828,-2.159030062373042,0.144451862880853,1
17103,-1.0510185039061153,1.4682421472269458,0.3003853112427582,1
17104,-1.3908319723557745,1.356388868393171,-0.2058079584036707,1
17105,-0.0679038430060727,0.5783908264076746,0.184577684319857,1
17106,-1.0288902263045194,1.3081294948058382,0.0066357092738807,1
17107,3.94252789918622,1.4794146402377948,-0.1265809755420529,0
17108,-2.9506765335155016,0.3337616552284158,0.2193039660312795,1
17109,0.9537703294908998,-1.1343337265440032,0.4150780396527515,0
17110,-1.0616208814718846,-0.3348187216231973,0.3972830192535398,1
17111,-0.3729281818949202,-0.2229480958681945,-0.3761556169784723,1
17112,-1.856301407932628,0.4085409504656697,0.517348039455217,1
17113,0.8535865712020476,0.9043453310349192,1.2730281164631696,0
17114,0.3615938686272622,-2.2540981604964347,-0.2677426299998791,0
17115,1.7421183521184644,-0.5269229622261792,-0.7341097120040652,0
17116,-1.0243544747211166,1.311308890734804,0.3825155861329988,1
17117,-2.8640080780575428,-0.3411089841974407,0.0705535223523185,1
17118,-2.3710517440223837,0.0722433919091417,0.0416578564725,1
17119,0.1163317483708213,-0.8610779093939206,-1.899482774919665,1
17120,-1.690973998176208,0.6681707748687359,-0.3005722388133383,1
17121,-1.944874193991472,0.8834166615984635,-0.1642620632988116,1
17122,-0.7582817960626502,-0.596897174650378,0.3565710161547151,1
17123,-0.0607311950429754,0.5042610710948332,0.143357675423759,1
17124,-1.4807892980494015,0.5267167474164878,-0.2419626603027709,1
17125,-1.1468683577551446,-0.1287988581898755,-0.6691090240527985,1
17126,1.4614748425674893,-0.2525358733950223,1.3535922857376157,0
17127,-0.4334698981753926,0.2904454786217914,0.8517803779175261,1
17128,-2.491911389622097,0.0304666099466791,0.1102509669122439,1
17129,-5.11623959086091,-1.6636317039401762,0.5104718326733331,1
17131,1.6746939580008198,-0.3287411308812684,-1.2736862286581492,0
17132,0.2121795082693678,1.626293748362516,0.3281371072852652,1
17133,3.1595624251829864,1.0129624536285298,-0.9915706756905042,0
17134,-0.8583090079649742,-0.2213457114686638,0.0332199841933239,1
17135,1.455915952555647,-1.2663743997125647,0.1829405486643882,0
17136,-1.9525674536880635,0.7647866268510441,0.3086469232292596,1
17137,0.2672497662151107,-0.0376541906680077,1.4751072485985226,0
17138,1.963067712672208,1.191320367324072,0.9715391482275936,0
17139,4.445433650172664,0.1732128357672869,0.3722434032598392,0
17140,-1.1641747050846722,1.181775124906271,-0.4441082938996464,1
17141,-0.1714659344972752,0.0262767022316615,1.3129645039338085,1
17142,0.0863244645208019,0.4618044489465002,0.6054297563686525,1
17143,-0.2744811355140248,1.153593432987119,0.4620337785084415,1
17144,0.869507039741048,-0.6765463483923057,-2.585343860173629,0
17145,1.52864438432185,1.8110860352810725,0.8490683577822348,0
17146,2.301958002137752,0.3376413461238746,0.8728111722183,0
17147,1.7775766591723654,-0.3348376728987396,-0.0613114370755379,0
17148,-2.425867571619728,-0.8195880454860944,-0.7595715005994731,1
17149,-3.312678295708644,-0.0359694186478908,0.0093798506446031,1
17150,0.0549171716520617,0.1519843979293527,1.1151011350981082,1
17151,-2.9000037991484637,0.7250475979263343,-0.0425245313207238,1
17152,-0.0483563654950028,1.0215961360830164,-0.2434957260120741,1
17153,-1.6590088318736027,-0.4878789300554655,-1.263628513719134,1
17154,-0.9088186585003268,0.4511626395207783,-0.7245792779092146,1
17155,0.4704659738290799,-1.456517230931507,-0.0225062724586591,0
17156,-0.7159711232917958,1.6869337828357889,-0.0023896624677756,1
17157,2.4629870028213965,-1.171631505201039,-0.1202229712790175,0
17158,1.1842547311448777,0.0611075265619916,-0.2980941734487531,0
17159,1.4989290031249642,-0.005873990644076,-0.375739271414044,0
17160,3.4905490554436303,0.242269471627268,0.4259179919986179,0
17161,-0.2206864569697632,2.0693295145692616,-0.1381417429511069,1
17162,1.113965169513927,-1.1000862018690545,0.3838848809306691,0
17163,-0.1151165385341676,-0.9163323369692488,-0.4751530378353701,1
17164,1.5148966465696885,-0.1396297902545396,-0.0095862707026874,0
17165,0.5956759428431997,0.4027562786621395,0.933318648008617,0
17166,-2.0156190652153585,-1.2439279546309543,-0.5438752795162024,1
17167,-0.2723363882160234,0.6042792647795595,0.7230749153637496,1
17168,-1.3984745196881012,1.246339369179987,0.0021197827023374,1
17169,0.444240251544612,0.3257951081646327,-0.2777031098760034,0
17170,-2.448727112160676,-0.5926445949748848,0.5496677707939733,1
17171,-1.3347971540871355,0.1445607862029914,0.3631820924120457,1
17172,0.258885030443981,0.2790531636724229,-0.1367869624444022,0
17173,1.8002878253026149,-0.4692391685036555,-1.2482253361474784,0
17174,-3.701415191906852,-1.161611791552553,0.0462484124639861,1
17175,0.6025327697272309,0.1261079911312126,-0.3606415928325702,0
17176,-0.2131379433283892,0.4792757205005749,0.2772782818491233,1
17177,-2.7371393845050984,-0.2030740179421255,0.5895338098385253,1
17178,-1.526379834817072,1.3922364427868432,0.2000977574114801,1
17179,0.4711306092498618,0.0409801438555955,0.7789663104136413,0
17180,1.666614633595058,-0.7171258804671812,0.9147508916930268,0
17181,-1.1145806053764649,-1.15539230398583,0.0893601885864177,1
17182,-2.5436428684289494,0.0458703704565112,0.1028002067492748,1
17183,1.7034166258416117,-0.0411866733966096,-1.1863619980406632,0
17184,-2.5005082945079677,-0.4080651485717609,0.793219069551253,1
17185,-1.9379061156582464,-0.7706632744903751,1.3714637354796748,1
17186,-2.6443345915302894,-1.4390374401506274,-0.7136803642315704,1
17187,-0.9993386773864928,0.3287206728260751,0.1443859702375749,1
17188,2.535106094891752,-0.6650331672649533,-0.1151929020392976,0
17189,0.3032103158410473,-0.3996780040172131,0.6712142569848094,0
17190,1.439528464707746,-0.3350692859605167,0.6104729450502479,0
17191,2.503638408664936,-0.6631526708344895,0.6673248162320035,0
17192,-3.1839097157839644,-0.6657174954191467,0.752986901404348,1
17193,1.0973591701575411,-0.4777512908699505,-0.0123077431062314,0
17194,-0.3049740320132833,0.4270635135064659,0.5690553929336979,1
17195,-0.8174166388763506,1.7506787500536911,0.1087176936295476,1
17196,-1.1713256329103288,0.8967645096395823,0.3747234572316782,1
17197,-0.0916080070173454,1.3119117668443685,-1.702120006749182,1
17198,0.1362955427724442,-0.5883485042389938,-0.3879698496436626,1
17199,-2.5427503900460757,0.1436514585871479,0.3687257276767082,1
17200,-1.313636600479148,-0.7218039640784425,1.162563838370327,1
17201,0.8676590891173692,-0.1047352029404327,0.2068708791420324,0
17202,-2.7910572461753005,0.1304205428158813,0.0500321878133569,1
17203,2.739687295696579,0.3335816981903216,0.2303068001406448,0
17204,2.059487303082294,0.9813898118834996,0.6949513405700931,0
17205,0.4292416515630981,0.255335553140303,-0.3999439637220447,0
17206,-2.1548988975623664,-0.269674390768851,-1.056675909598333,1
17207,-1.3523632137835988,0.9567439721464328,0.5387762966984914,1
17208,-2.568793939079944,-0.2894344371368559,0.4783248418228373,1
17209,-0.6909440485860884,0.4275683833125376,1.0361622062275988,1
17210,-1.4113698954754508,0.631463766895516,0.3349351307783502,1
17211,2.315607239739496,-0.613557355627022,0.5196372095924359,0
17212,-0.3616273119349337,0.4393042410933959,0.3949223907280467,1
17213,2.254053128921288,-0.1831107696587588,0.4394922756414368,0
17214,0.1695754818045331,-0.7665824443787903,0.4072055863401548,0
17215,-2.4047856836578148,0.3550435038081503,0.1373662517466809,1
17216,-3.683975486752524,-0.871288254352834,0.6985176831472976,1
17217,-2.0010562273030845,-0.6504635071235599,0.5301536840709364,1
17218,2.76335860366427,-1.6818367956671598,-0.0495341966683074,0
17219,-1.0921351023581662,-1.054476626741996,-0.3461437594941126,1
17220,2.786448895214308,-1.1573461542333112,1.0237929399257142,0
17221,0.9359870503281212,-1.2718040528743833,-0.5744975895367563,0
17222,0.8725421531304509,-0.2307069877118676,0.3604639102593727,0
17223,-0.8944811044254706,-0.0148433738458706,0.7775532764374892,1
17224,-3.12645321230971,-0.3103749749241066,0.3691611775455565,1
17225,-3.273369255099201,0.0044043938396362,0.1682186320505856,1
17226,-0.0716447736696632,0.626008654837944,0.5884673852823696,1
17227,1.3250481643232506,-1.3476601169651097,0.2523755273760066,0
17228,2.1932015401544347,-1.0981078095929533,0.398552811596733,0
17229,-1.181401799308737,-0.458925386989862,0.0425284047438935,1
17230,2.630916291782809,0.7449522227808498,1.3701703885763177,0
17231,3.461205018920425,-1.1160752347211218,0.7175067104442818,0
17232,-0.3745518359495416,-1.2993036430519678,-1.785056357371206,1
17233,-0.3073219402855865,-0.6875553720828985,-0.2413190260376815,1
17234,-2.511028883431575,-0.2436445114532938,-0.1693776325621783,1
17235,0.8568467945678363,-0.9349314146331492,0.0229003131075627,0
17236,1.4419649210024394,-1.5246185609364906,0.2204241919254206,0
17237,0.5520470949173241,-0.818982839477023,-0.7133343610268955,0
17238,3.750559245075541,-1.888162717480556,0.2709873729822151,0
17239,-0.3581718461109414,0.5642271799428306,0.4066276744582053,1
17240,-2.8482402623696,0.0686587971402777,0.3210569982071932,1
17241,1.0634061009329772,-0.0059973222836867,1.6311138901374949,0
17242,1.1416346564755355,0.9191709628422526,-0.0367524237405689,0
17243,4.9571773838896975,-2.1695372138411284,-0.0336203950271786,0
17244,1.222594465071546,0.1386812980294869,0.0951719356609531,0
17245,-1.2128463154386189,0.0150039408857584,0.2254130524595712,1
17246,-4.189111262035589,-2.1923575840470426,1.311572945406052,1
17247,-0.9246430062189338,-0.398666576997622,-1.2694512197649956,1
17248,-0.4961397943761094,0.1067396875883506,0.156380803699092,1
17249,-2.9483622563530543,-0.8245433841814255,0.8070764943870113,1
17250,-0.3549569139622601,-1.338663909101921,-1.4560368080006414,1
17251,-0.3607876665757281,0.4897493341578026,0.7385708105712467,1
17252,-0.8743218659035635,-0.3229289716299789,0.3042248870018824,1
17253,-1.931548916033431,-0.8512107459491693,-1.2951731410239569,1
17254,0.2974593133234495,-1.5447017180357476,-0.8296719168104095,0
17255,0.4813005702869199,-0.6529735339253155,0.2483766661931468,0
17256,-0.945611435332272,-1.089409223162486,0.5243194157720326,1
17257,-2.19448913077131,-0.4826250442129628,0.7427674142464783,1
17258,-1.1869862686831356,0.3038835355259942,0.622961794278497,1
17259,0.8645557886754959,-0.0760427582054993,0.9613811298894712,0
17260,-3.3501890455482117,-0.2353927781035558,0.0613500440167415,1
17261,-1.875620324365024,0.5191971522869534,0.4436958266981327,1
17262,0.5248360318892992,-0.5859761076594622,0.0401546611574492,0
17263,-3.154511028095781,-1.1870211493645757,0.4146716112144017,1
17264,-1.2776782438595302,0.7036143704890816,0.4393745364751443,1
17265,-0.2718583443430306,0.2734446695355196,0.2579791628245111,1
17266,0.2705068970836335,-2.4835002056181152,-0.9502888519248812,0
17267,-1.3045508585276973,-0.3796227797782402,0.1537511149485582,1
17268,0.6025392412104495,-0.7164729859020073,0.8044786593742854,0
17269,-0.5313889535330157,1.346045145295535,0.2391497071880772,1
17270,-0.6991530521304147,0.8159760225110323,0.5615224099391258,1
17271,-1.93164225153138,0.5609217523991358,0.6838782411818405,1
17272,1.3085409019113952,0.5765351023643809,-0.401273540503518,0
17273,-2.4952330998223182,0.0343878392721683,0.2663872697384454,1
17274,-0.2012001286429554,-0.1510113406080631,-0.5210415409166332,1
17275,-2.620920649857375,-0.2988256652161032,0.4535770041475881,1
17276,-0.9474929285842768,1.3800839636098556,0.0072635598676655,1
17277,0.0150022112792759,1.1911285946815977,0.0481572794791345,1
17278,-1.7352574218984664,-0.2936718802810374,0.3410379323615022,1
17279,-2.3358112933782804,-0.3667997606252537,-0.9669189671609112,1
17280,-3.0223380612110304,-0.1567149830512098,0.1647163525439783,1
17281,-1.487707409059662,-0.3296499851021345,0.520726935606288,1
17282,1.5307043112584977,0.7114889466183842,0.5467262793550347,0
17283,-2.0918209251918385,0.3257876063700346,0.1448620305164679,1
17284,1.982792404199292,-0.0152506467291633,0.6587525628599519,0
17285,-1.4342673351364714,0.413557373733413,0.8001968489021999,1
17286,-0.2763160384780574,-1.2473954806491951,-0.1447527676776571,1
17287,2.430144146875354,-1.3036378080747293,1.0158886667828977,0
17288,2.1416781714280138,-1.2299832978397052,0.0591483141145224,0
17289,1.595539531029508,-0.7516798516064356,0.50389439895536,0
17290,1.6866683339291138,-1.6296028024610534,-0.4590446646886623,0
17291,-2.222508246513608,1.4603379574270616,-1.0959199128636117,1
17292,-2.046551205531882,-0.0870469841130201,0.5844036215694053,1
17293,2.4468923232781745,-1.3849819488822324,0.1049678832956891,0
17294,-1.3850216581487316,0.6726350687530428,0.5779145225808714,1
17295,-0.3141781234307478,-0.7765683593643301,-0.3331530765630353,1
17296,-1.4671333970906628,1.16978370845794,0.3730433301243732,1
17297,-1.7160966263670612,-1.2438507722034289,-0.8747492867025143,1
17298,0.2514602396434808,-0.3714208642728417,0.5329243305844398,0
17299,0.8695721351533996,-1.2989689143711274,-0.1970796911128562,0
17300,-1.0198544742134743,0.3042541026447941,0.6384221668804355,1
17301,-0.5663110216298862,-1.0819735080147848,-0.3553049780725922,1
17302,0.6622994774681227,-0.8457234560298461,-0.443151042797454,0
17303,-1.5202326279449858,0.556353028333182,0.3008153393674627,1
17304,-3.1652111973652173,-0.1553459225551959,0.2466440547340624,1
17305,0.0320311057031062,3.3136782892933714,-0.8271203317525618,1
17306,2.9804627554785235,-0.3150523895574894,-0.4838227766169004,0
17307,1.2378579831645382,0.705574426471727,1.0155298843372491,0
17308,0.956499250707796,3.229147343969521,-0.9246857889946976,0
17309,-1.2534839491612746,-0.98147849949487,0.3342746434886381,1
17310,-1.3366201977227588,1.4633203462472737,-0.644584529300824,1
17311,1.914786712910484,0.7941022040181822,0.1863490454438153,0
17312,-0.9264077364951864,0.0019206849792235,-0.0706879772820539,1
17313,1.092722625784352,2.38207920227659,-2.033415977895836,0
17314,2.6903409764655053,-0.6894887280542509,0.618826811654029,0
17315,4.09464724039348,-2.1142588527991606,0.1915858115405281,0
17316,-2.5802997891613444,-0.2211251179219144,0.5377215127364233,1
17317,0.5997008377669347,1.2573545654050935,-1.291794067169302,0
17318,-2.653152167925769,0.2649580369363163,0.5080207012348785,1
17319,-4.849146644706809,-1.6263493878934707,0.8024123349837089,1
17320,1.1934945130046128,0.41865782651669,0.3426958869583594,0
17321,1.60527594192063,-0.9132929427565972,-0.4021269272776067,0
17322,0.0955342839597536,-0.0165252461131728,1.3208622593753023,1
17323,1.5313623491082389,-1.6903896682654307,0.5112550965792668,0
17324,1.625297072126599,-1.2413373508293144,0.3229310801919769,0
17325,-0.6232181330348168,0.140267163296251,0.6253863803890745,1
17326,-1.318896793256049,-0.0497547960385288,0.913932381173156,1
17327,-3.1532665278332064,-0.7660140525661692,0.3972451425087908,1
17328,-3.154334790934717,-0.1425316808031373,0.4373105872581689,1
17329,0.5420518678880809,-1.0360709892166675,-0.3854493605130444,0
17330,-1.3856805220360604,-1.498872147587151,-0.6320194154178383,1
17331,-3.373777492491522,-0.2004341900325479,-1.0436433433692407,1
17332,-0.0850437824117611,0.0202484076389238,1.449857802035191,1
17333,-0.6435332728351576,0.9180560631891364,-0.8238731684839069,1
17334,-0.7648673433568552,0.2499304831917378,0.4771286440728733,1
17335,-1.1136059010405457,0.5043575590646476,0.4476778601033026,1
17336,-3.884206768314063,-0.5269989632195257,0.022341815935011,1
17337,1.4995483168332506,0.8168822315540651,0.704205222198078,0
17338,3.948642697414328,0.1443564264025144,0.3200707508445914,0
17339,-1.6953722360443804,-1.005993292094136,0.0485100920110983,1
17340,4.176061289138011,0.8625327442982966,0.2596239232405993,0
17341,0.7793626536984023,0.042100188114024,0.9169676955654954,0
17342,-0.190028974334365,0.6431075253249151,0.6244959910099366,1
17343,0.0346553178673604,0.0605489515153896,1.1184000235599527,1
17344,-0.5768827038015174,-0.3217977903550373,-0.344673874460786,1
17345,1.6538415593918183,-1.3892043240372547,0.3572874427922989,0
17346,3.394539802460628,-1.922994475509661,0.4087003926285435,0
17347,-2.3109924418341805,0.1428324142425804,-1.2021810285710997,1
17348,2.288197999101866,-0.7722103486150746,0.2345561612677388,0
17349,0.0155923746076483,-0.4273749154130365,0.9519115404368258,1
17350,1.6086507480526555,-0.9307645982312182,-0.4797598303742472,0
17351,0.7037257365433877,-1.1620628651733158,0.3736899026538543,0
17352,-4.535661522486007,-1.3900509623276422,0.8295437108552909,1
17353,0.7270774908096511,1.5053105416864496,-0.6570624290138726,0
17354,1.734555009279334,1.073132763721838,-0.4237822701080442,0
17355,-1.5080084206295936,0.7383100481541834,0.1509142902280765,1
17356,0.1159361937885102,-0.0066599106743795,1.1203166043391717,1
17357,-0.8185761299020893,-0.7299482545062909,-0.6994725129507966,1
17358,-0.003771433057377,-0.1936248816205842,1.2559653090339995,1
17359,-0.8052308614556153,-1.2851736895549777,-0.9281366189171988,1
17360,1.0566829985154027,-1.028144524483264,0.0342171393435641,0
17361,0.0107259504771696,-0.7584674566602607,0.1433163825492792,1
17362,0.1802084495515636,-0.5176142164816894,1.3163459262486237,0
17363,-0.3981640904165288,0.7181049872090248,0.5525531396484505,1
17364,4.569834155601183,-1.476423984036178,-0.5593869593384709,0
17365,3.669414828933208,-0.1413641740619184,0.1680859787275212,0
17366,0.1469851884404939,1.403353180703115,0.5087775173209718,1
17367,-1.8924661899951103,-0.0009830504943555,0.1777999395486413,1
17368,2.1013091611818857,-1.1059974481404868,0.6442429456573215,0
17369,-1.0024888373535403,2.410599472428564,-1.0376607552106212,1
17370,-0.6355805168175125,-1.0147967503718356,0.3467757873562233,1
17371,0.2352378006704898,-1.7319465322979894,0.1946901981694257,0
17372,2.5845164476075224,-1.4387872862420907,1.5472841823952352,0
17373,0.5708775116517807,-0.9320563104355902,0.3150825322187341,0
17374,-0.8266486793482472,0.1841400214660231,0.324609753293773,1
17375,-0.2612448172723365,-0.2949554264796329,0.8615812267326282,1
17376,-0.7706501201214109,-1.0701619978149215,0.3542651324703714,1
17377,4.352693182544837,-1.4551577446833808,1.7357554855204582,0
17378,-6.305296825002469,-2.9468492007679625,0.6818470999562464,1
17379,0.033739900908546,-0.0309500330353301,-1.3988742419714169,1
17380,-1.498895680794046,0.3841179780428143,0.2543081682983622,1
17381,4.785170355405244,0.2561176864106882,-0.3046493833921505,0
17382,-0.3210374665549917,-1.2146395438934867,0.3981630508273243,1
17383,-0.5669583632974246,-1.5887854847974667,-1.366729374771276,1
17384,-0.9773647628810506,-1.0092737202926496,-0.8755418951775443,1
17385,-0.8767005162875312,-0.4458554939785829,-1.2516631053102865,1
17386,1.6141400076539834,-0.4072699803182718,-1.006897784459322,0
17387,0.2870753251241827,0.0005127371795068,-0.8954627656967704,0
17388,1.333140547066248,-0.3256013113258707,0.5928407615233605,0
17389,5.403411726734603,-0.7215609661956968,-1.0887949536092143,0
17390,-2.7566648018498725,0.0275361447835169,0.1792805005641882,1
17391,-1.5146026653020932,0.4019115179296308,-0.5837817934243614,1
17392,-0.5054507955385981,0.1043183237433994,0.8262201908034954,1
17393,-1.1971815252122773,0.2325309793052083,0.6912856324368625,1
17394,-2.231738507468004,0.296608695298757,-0.4505338623195323,1
17395,-3.4261690725336056,-0.3088767665840635,0.1730660678436028,1
17396,2.2118261013447698,0.3726945142092066,-0.1650308644220252,0
17397,0.9087810599703552,0.0149143826500135,-0.5552533937525891,0
17398,-0.6128484097526118,-0.0965025802848314,0.0804217414222409,1
17400,2.3093571729738063,0.7847169426403616,0.8136392245133054,0
17401,-3.1413556983129065,-0.1970583588828035,0.3837213683764945,1
17402,2.4754736184280155,-1.7513317176257963,-0.0470348369345963,0
17403,-0.8024005467264101,-0.5888266135692518,-0.4700312110321565,1
17404,5.463002460409934,0.9762507113926738,-1.049475714019637,0
17405,1.2170675678492806,-1.1540929548056904,-2.077825174997045,0
17406,1.756473542171593,0.3407833939344532,1.551358645414733,0
17407,-0.8815440399595047,1.5792893755867938,-0.1860652697044092,1
17408,-1.8915319143006544,-0.7648730175929589,0.1963644904114372,1
17409,2.190522918877253,1.2965423388432171,0.4624852254368827,0
17410,0.6635349868993147,-0.7385584295779734,-0.4890635991000657,0
17411,0.9003430423526817,-0.6669252711410528,-0.6527427572786064,0
17412,2.7896108738651657,-1.4903944852981894,-0.4419470636982325,0
17413,-1.314510042945531,0.7247868338595272,0.1205361559284736,1
17414,0.9447672109986002,0.2678599668218296,-0.5915008942725574,0
17415,-1.2007040236594768,0.8709832478269736,-1.1176109643667131,1
17416,4.074573096171696,0.4335052091357319,0.511715650123913,0
17417,-2.509897574738675,0.2382324230052385,0.354980865338847,1
17418,-0.1459412816820909,-0.3806043885784088,-0.3005333499716167,1
17419,2.9523484072385155,-0.8154298635406041,0.1682856017328149,0
17420,0.0736598571024919,-0.8851039611491773,0.238763748497653,1
17421,-0.0373463817098753,0.8854698168187298,0.5798745039007736,1
17422,2.3947281965600373,-0.557675942823619,0.0662070995289503,0
17423,0.3483199992709726,0.2427282362546712,-0.4928764523567575,0
17425,0.0569158876624448,0.0057301178572772,-1.0816822839295797,1
17426,3.448162345261255,-0.1261202354472496,-0.340883419729564,0
17427,-3.3278084516291697,-0.954815431463708,-0.877537946699094,1
17428,5.549323060569874,-1.0239695267345503,-0.5798308409238749,0
17429,0.693565321322771,0.1116446117355594,0.5672457132643902,0
17430,-0.2945727156118622,-0.9241719684848322,-0.2082145181667594,1
17431,-0.996134035383199,1.0923163446389197,-0.0296134352313656,1
17432,1.5329592603501,-1.1418189327618424,0.3174890306135184,0
17433,-0.3233454540186489,0.1549676590953977,-0.060648667115173,1
17434,2.0850810149535914,-1.1105450997450743,-1.2803544667228397,0
17435,-1.6510994685367777,0.9788063141382798,-0.0894997983082678,1
17436,-0.5839315380065487,-2.339975528222524,-1.6407266622090282,1
17437,-1.0933788904454231,1.160265756452,0.322380300946224,1
17438,0.1732805011999476,0.3543611730796637,0.6876826638106392,1
17439,-1.7513248180865,1.181870623565151,0.0191260674556959,1
17440,-1.8583548776023453,-1.0792998540606178,0.323285874175696,1
17441,-1.6751076609783009,1.0392650933794545,0.3413443501969189,1
17442,2.4906072355468125,-0.4559741444229432,0.6874797189361254,0
17443,-1.5821563404071155,1.44469789101417,-1.1290378924528426,1
17444,1.5780853939631223,1.7137497214428674,-0.0367622234995674,0
17446,-2.605816982172356,-1.2393856067029574,0.3345127581295345,1
17447,-0.39642493745877,-0.1030315581984265,-0.6241431294872961,1
17448,3.752585870153136,0.1199639961700551,2.8010809932193106,0
17449,3.15270914916168,-1.2015173913384127,-0.7416084949519677,0
17450,6.857737119444078,1.9013664163150532,-0.6919536835643505,0
17451,1.8033762431016505,-1.7103007742796046,-1.5179456046408275,0
17453,-0.7239085694260294,-0.5118329805910966,-1.1313780954899648,1
17454,0.6405301482102757,-0.6128141657419348,1.3565520921789165,0
17455,-2.748288070609578,-0.3164995626289529,-0.1832590857156729,1
17456,-0.1329605267966681,1.267011096926409,0.2884339631502041,1
17457,1.7855150609504298,0.3998556187800728,0.5755735687647361,0
17458,-0.0663872678628669,-0.5200243064309478,-0.8614487660666759,1
17459,0.1246978913614988,0.1080742187478461,-0.4133559205280939,1
17460,1.131401939867053,-1.124530570216866,1.304160720625014,0
17461,0.4812606417715406,-0.4900548556047699,-0.3524836662958124,0
17462,-0.6028017758251475,0.2415442767450831,-0.6529677038013234,1
17463,1.9848272779771468,-0.3892442918021753,-0.112838245492592,0
17464,-0.1639258209268953,0.4091848715714216,0.1474697335826557,1
17465,1.083430890423746,0.7393306277525589,1.2085554778931014,0
17466,0.0871951178826571,-0.2201309909017005,-1.4089254352843237,1
17467,-3.623268663473079,-0.4239281075498169,0.0242414666467107,1
17468,-1.6491501022718302,-2.218813307544152,-0.8422687118461823,1
17469,2.5891126351567637,-0.828972015213444,0.3160302254050033,0
17470,1.7784693015531998,-0.5642778424796078,0.6130244497395305,0
17471,-1.700118223686923,0.9690253377375984,0.0400222109843512,1
17472,0.3358742926842166,0.0325547187261523,0.9191285739658268,0
17473,-0.9055175679051132,0.763172890251035,0.385487897111993,1
17474,-1.1186153333713609,2.4075543683236016,-0.7011155629788057,1
17475,-1.793163633153148,-0.160011742389791,-0.6259343242791257,1
17476,-1.163130457731799,0.5091716683358477,0.431139543928228,1
17477,-0.4595713508866032,1.572455921208051,0.3295030821617161,1
17478,-0.0758861643307012,1.6136238213746583,0.1074009456654297,1
17479,-1.4562508667348626,1.3136532418994071,0.0986732315523496,1
17480,0.0706041730148941,0.65818902707401,-0.4246084449993618,1
17481,1.1817980174451728,-0.8318269242834742,-1.2764388528063455,0
17482,-0.6500580577306997,1.0667812303894393,0.4503326223470983,1
17483,-0.7166641321346469,-0.7801139805817224,0.0354921538023898,1
17484,-1.9886309728933484,-0.2416718733438102,0.8590930766981563,1
17486,-1.2814099445469755,1.0067821578255858,-0.2720272362196833,1
17487,-3.0161100659966817,0.2859706650530031,0.2859376322873209,1
17488,-1.7765531879032852,1.1126714463970395,0.1382563130684218,1
17489,-0.8120273569534782,-0.3686030016481939,-0.3080273357636376,1
17490,2.2873453957818795,-1.5320095812994303,-1.4699884502047602,0
17491,3.167936305191309,-1.584265445478108,-1.1441155613904106,0
17492,-0.2100724215218178,0.7769705237356797,0.2141198306664297,1
17493,-3.090302900108384,-0.4006215632327224,0.2423533090425385,1
17494,-4.14156912589812,-1.0031319797876654,0.3970412669337846,1
17495,0.1862505682507273,-0.7499407500436466,-1.2054378343085126,0
17496,0.1926522861416021,0.7743675030993465,0.6902528003545462,1
17497,-2.426407804725505,-0.1172519969502745,0.251971621152234,1
17498,-1.2218985238787992,0.243077989441716,-0.7151087302328615,1
17499,0.4268256895082885,1.587864226347262,0.0964972963691618,0
17500,-1.4056060002065267,-0.2308701932052311,-1.80978202103848,1
17501,-1.714133578671894,-0.2699132507113303,0.2733530833852185,1
17502,-0.0884628037500077,-1.2508694078643194,-0.9278879280006462,1
17503,0.1788612477971641,-0.9275878980938452,-1.8302680976621013,0
17504,2.986021704236247,0.6768221106022999,1.4170670124307156,0
17505,1.0964684127471032,0.8297426331976279,0.3983652839311538,0
17506,-1.5258726109818752,0.2956778943666299,-0.8750375524207892,1
17507,-0.4430783148842027,0.5967320158139734,0.4254330370516921,1
17508,2.0493201242121346,1.0821833431298034,1.0629584066121132,0
17509,2.2979743060579843,0.9223895950888464,-0.0708914677453001,0
17510,-0.4149704172053193,-0.3124621402640251,-0.8660946187446057,1
17511,7.410403906106818,0.9146295529561804,-0.3918205292481508,0
17512,2.6444489295245104,-0.5476174518676787,0.5309713306820361,0
17513,-0.144909077386501,0.4213127548560658,-0.5345653945024175,1
17514,-0.5234049888163497,0.182945136587013,0.123267598355283,1
17515,0.8832934857884336,-1.0535902241517623,0.3445961876033277,0
17516,0.766736885769379,-1.3323330136565552,0.0189357566351694,0
17517,-2.4776947372920644,0.009964291245364,0.038194333828602,1
17518,-1.1270386535386967,0.073860631688478,0.9077983346216124,1
17519,2.578235502456006,-0.6654441672522364,0.2314888783177827,0
17520,-0.4633559608800552,0.8699706277069148,-1.0760500512357225,1
17521,0.7097022002109608,-0.460626589479129,-0.1679210158923998,0
17522,1.1355191679359915,-1.5360382660506542,-1.3668257200047669,0
17523,0.0922835768251993,-1.1871405843306362,-0.7590612002717999,1
17524,-0.8600835407812499,0.0752832426328795,0.777050881298283,1
17525,-0.5136919825572829,0.9402050509626472,0.2203194316836743,1
17526,2.144935469273312,-0.994368707579809,-0.7095250139374986,0
17527,0.081061018563269,-0.3197530507671257,-0.0673019065833168,1
17528,2.824326351092393,-1.0678503397310928,-1.515173818454059,0
17529,0.1827850822049087,1.7209233552663157,0.5115844959080033,1
17530,2.814686354996881,-1.9638185272623765,-0.8345928348746783,0
17531,0.1217621955641283,0.8040403418435952,0.1705243426508917,1
17532,-3.839014979084979,-0.8974114528906058,0.2555530460357604,1
17533,-4.712129996591909,-1.5157627903717716,0.3553214749507017,1
17534,0.8737961064887807,0.0266415988910882,0.0229842326947518,0
17535,-2.268052095052899,0.0621860175737382,0.0176581828823397,1
17536,-1.4770229653195743,-0.5970367837950847,0.3814158699131022,1
17537,0.4459345300820204,0.3436770478648489,-0.7620587722825548,0
17538,-2.323428129150524,-1.278069743027228,-0.94154834476758,1
17539,0.2650204322341039,0.7213655302690806,1.2780434851004825,0
17540,0.6655089253013625,-0.5332352827702217,-0.3354482857478207,0
17541,-2.685907975719262,-0.1928632895465169,0.6155109772258398,1
17542,-1.0449226637626263,-0.5489501335045847,0.9732544224552496,1
17543,-2.876243610687125,-0.1098521916758106,0.4451210623442173,1
17544,-0.1508926842515762,0.6954003288226399,0.7502252139643714,1
17545,1.0557639056744692,-0.539712231016517,0.4175853864273257,0
17547,-0.9430741142004452,0.9380502903273212,0.1396797364520522,1
17548,-0.6215206058849279,-0.0779197967725551,0.5582081069499277,1
17549,-2.1020457928991374,-1.6678799415189154,-0.7452035834613108,1
17550,1.4019414015037857,0.053762184516759,1.3018873615817153,0
17551,-1.511801514051189,0.7300664454056673,0.1425103211804315,1
17552,1.5519212990870273,-0.5337674268611643,0.6876844831585087,0
17553,0.5211507776542184,1.7140099026080096,-0.989241237974974,0
17554,1.885564568735292,-1.06930745261416,-1.962518247415393,0
17555,1.0185594165884864,-0.870974180607674,0.0628225510278135,0
17556,-1.7304655968471432,-0.2266527385979301,0.1452588181144413,1
17557,-0.3323899676120732,-1.3189055355054746,-0.6129939072623241,1
17558,-2.0212475684937266,0.5841158402745229,0.099248260744958,1
17559,-2.182493346438195,0.3338578340801784,0.3117776380435776,1
17560,0.8317371786106501,-0.2225471911199313,0.5018730540689543,0
17561,0.4154761776781356,-1.054016569109828,-0.0856355135393483,0
17562,0.6710228914005238,-1.3058466772038846,-0.2345790469067912,0
17563,-1.3865575258414404,0.4029366473348433,0.7069042393729272,1
17564,-0.7456511171688642,-1.0774447629724695,-0.4586023196675285,1
17565,-2.5233281301856407,-0.012790239870292,0.6499672813051904,1
17566,0.7193111952294081,-0.1585784936371294,-1.279717076398773,0
17567,2.654209827883955,-0.2321544150030772,-0.7099499026488879,0
17568,-1.0729091137734212,1.2252093269393076,0.4405600292370515,1
17569,-1.4304353771222744,0.9102986025324784,-0.0495658077742287,1
17570,-4.677148352500544,-0.5839882337091177,-0.3615094608956379,1
17571,1.3674592170753996,-0.0686802782242306,0.3668900113326562,0
17572,-0.7164384099620895,-1.8660512664551496,0.752899678089017,1
17573,-0.8370261420826074,-1.139841042781568,-0.3615290269390725,1
17574,-2.4736339690264635,0.1284828535314865,-0.2606419123416063,1
17575,-2.8840598787084013,0.3908318549032607,0.1389946402852573,1
17576,3.746349418391784,-1.7018109461603197,0.8609314238867082,0
17577,-1.7055562452773902,0.297742295826749,0.7180115113163029,1
17578,0.017928585542236,-0.503954103363703,1.1121424578395522,1
17579,0.5133344327928656,-1.3992781435624952,-0.9113691718811696,0
17580,-0.6875529938746984,-0.7877400556087131,1.2325242262424587,1
17581,4.900432233016232,-1.614314664570568,-0.4052593317847008,0
17582,0.4382090346376875,0.3290726110352514,0.8181185639376868,0
17583,-3.0123354642775317,0.0471428691209821,0.2341437868698258,1
17584,2.516361441506151,0.4379179282149861,-1.2518539302668998,0
17585,1.7046419333632468,0.0495828414634888,0.9836393400736212,0
17586,-2.768533603247177,0.3179097757743081,0.2231043695404965,1
17587,-2.202202883006747,0.3176912896968406,0.6268698668918942,1
17588,1.087915253906418,0.4550107308533205,0.1635364700539951,0
17589,3.962154937802028,0.6772849211026286,0.9217695256569772,0
17590,1.643803639245354,-0.5562227496518568,-1.7183875944718678,0
17591,1.215991701634952,-0.1449498321258506,0.4956136930460635,0
17592,-2.9207965218602228,0.1877495162009542,0.453273575592106,1
17593,3.670066184525008,-0.1241245461895849,-0.7607877324128303,0
17594,1.208014758348244,0.9595543555967012,-0.1586801736397297,0
17595,-0.3879024672021502,-0.9471454375279492,-0.8708663524398216,1
17596,2.925776171010198,-0.4049260524096372,0.4890727925887616,0
17597,1.5879520945331116,1.344900278384769,0.4590699522695102,0
17598,-1.7363355149446784,1.1739982470338457,-0.3563413749938681,1
17599,-4.420876567158999,-1.1277420535388667,0.3518587043943693,1
17600,-1.7401203734655957,-0.865863647859682,-1.2621849454991458,1
17601,-0.8233323325538505,0.1377948389761049,0.5228162984605488,1
17602,3.8873912932868806,-0.8110030591111836,-0.7081017163311965,0
17603,0.8662330032693714,0.4957267033895028,0.0282130448714614,0
17604,0.2850704359962473,-0.4358414577457649,1.2731941210683544,0
17605,-2.626583593858803,0.2424079608255899,0.342719446196108,1
17606,-3.5276349249826757,-0.3581810702018013,0.5286781860958913,1
17607,-1.4056573904373018,0.964128275541719,-0.0183043539821759,1
17608,0.0671026825126343,-1.2407265359529849,0.3186556386878724,1
17609,1.6747269458747935,-1.0491504278115846,0.973103302653718,0
17610,0.5078141323454398,0.6706735871223234,1.2659249734599332,0
17611,3.935093018724995,-1.2634419679500295,0.6077511737238095,0
17612,2.6337460288247594,-0.4205058357944177,0.9949984787071025,0
17613,2.5310231309562004,-0.5552952226407688,0.4242346340004865,0
17614,-0.482932317585218,0.4291493165415855,-0.5922183363032494,1
17615,-0.3419822348055618,-0.8869910798160023,0.8389200750244072,1
17616,-1.5600974611454217,-0.1089326506602961,-0.2766351053001673,1
17617,-1.4609657234171671,1.2562795359599872,0.0416050172258061,1
17618,2.556802435921392,-0.8238606239691427,-0.404478160864121,0
17619,-1.5576897700140624,0.3170003926950234,0.3774144951055424,1
17620,-3.108255274780509,-1.2317080532647433,-0.6889793165747966,1
17621,1.5557402723330689,0.1966085727831738,-0.6157921805656956,0
17622,-0.5793188682374029,1.6183733173283246,0.1335128929348458,1
17623,1.404175686040522,-0.2421418273589669,0.0681756565665771,0
17624,1.161202450644523,-0.1647782761887169,-0.6957074273166551,0
17625,3.097113557302011,0.4433530034303251,-0.1427457100433156,0
17626,-1.8573642948270692,0.80937679818381,0.2702271464523744,1
17627,-1.508683105736139,1.00548950017433,0.0063724919172804,1
17628,-3.0740205675896632,-1.199924638775472,-0.4475679353135102,1
17629,2.0436057912804078,-1.2059683216053725,-0.371894149657448,0
17630,-1.1505677453124536,0.2421798188400963,-0.0495747253397773,1
17631,0.9591021006402556,-2.1162881286370028,-1.0263699712464975,0
17633,1.19874391799075,-0.3911954315259374,-0.0032074927223635,0
17634,1.574065892835842,-0.5814015286126827,0.4754887629544471,0
17635,0.1547262340869166,1.0987859377206013,0.6046158487784208,1
17636,-1.1072407853740036,-0.2237040813771801,-1.3929020414542947,1
17637,-0.4624416738507048,-0.2097632654627482,-0.7596154207244784,1
17638,-1.4241274462631746,1.4065530140004217,-0.192019348368368,1
17639,-0.400778247138083,-0.7921706595231711,1.3557694145740262,1
17640,1.3338076026041028,0.7054332324421514,0.0140939189352434,0
17642,1.0060605543754195,0.4209477460924883,0.4248167334952015,0
17643,-1.2201544428238156,0.3697751281603448,0.4654590304743303,1
17644,3.38279278497713,-1.7584076220754177,-0.9046872929978188,0
17646,1.59374310784418,0.2210986365135188,1.2335642131161495,0
17647,-1.7255832826481716,-1.0837379928102635,-0.166761614184134,1
17648,1.2358723040499242,0.3703348609257303,0.0554376786530592,0
17649,0.646672767022906,0.9492641179320338,0.0664781211008403,0
17650,-1.8868994317174304,-0.7643836683980492,-1.320430545346744,1
17651,2.970936046898725,-0.6742823881280858,0.1447822554139986,0
17652,2.36188189080061,-0.2111470673243179,0.1269776785468508,0
17653,0.6654731353764286,-0.09729883657808,-0.3142798856075024,0
17654,-2.718145977210352,-0.4085781878354439,0.2442999063037919,1
17655,1.7598158724325417,-0.6510329015940557,-0.4489638193510445,0
17656,0.9273845019813004,0.1685613784226084,0.1570708182455066,0
17657,-2.9931611636029167,-0.1182875571138544,0.1519515558180098,1
17658,-0.3564984533130575,-0.0941503404613379,-1.0273030108154373,1
17659,2.183627546535884,-0.9260948696407604,0.2862607468532206,0
17660,-0.8782731906611787,-0.2565636569384669,0.3818081684302479,1
17662,-1.687940329215615,0.5073756706344553,0.5576218832847202,1
17663,2.488685587828138,-0.6377192389013979,0.5119555173374104,0
17664,0.8227159055086022,-0.3940344223247513,-0.5110676739465673,0
17665,-0.8146619331416702,1.6989188602034613,-0.1326732389863807,1
17666,1.399163649941573,-0.5378257694402475,-1.5155874767125426,0
17667,2.0145110365934804,0.2688692251444999,0.4535799465644371,0
17668,-0.7906803132725959,-1.888749794284826,-2.4527564825049937,1
17669,2.4168545149729224,0.5168726365228649,0.026244189163979,0
17670,-2.1761568444312487,0.2319372762214123,-0.2428205788031768,1
17671,1.1754077586191511,-0.1510187273589871,-0.7241302997035398,0
17672,2.499034061473924,0.9504141044730644,-0.019384192964069,0
17673,2.984997786143424,-1.3358068504945086,-0.7590845160317297,0
17674,-0.5521276388636364,0.1703601747819705,-0.463536073167649,1
17675,5.641317340912278,-1.455393881274761,-0.2959824451472339,0
17676,1.95457593766092,-1.3323506388838635,-0.6777225264378276,0
17677,5.508716359031155,-0.9143160663111712,-0.172511685970601,0
17678,-0.8016529349273047,0.632878729792746,0.1503137400193561,1
17679,1.6648501156819149,0.4487205244515583,-0.0338960514631764,0
17680,-0.8684141812707066,-0.9480827882232504,-0.667978622379535,1
17681,-1.01940684560926,-0.0517141372797809,1.0393140405755577,1
17682,2.25280839038694,-0.5856386509622356,-0.3913834301616231,0
17683,-0.2821498949981103,0.6046228611025621,0.6740714306895127,1
17684,-1.5641729369544135,-0.1421594345144546,-0.9977782690034712,1
17685,2.639952400871,-0.1942030206985329,-0.0786734555740051,0
17686,3.39965793727821,0.3443808414280207,-0.749694892368821,0
17687,-1.2511795024727543,1.2642671672570949,-0.0633418933316464,1
17688,-1.7975218002973077,0.8257981123833774,-0.0371407462375937,1
17689,-1.5742583947166031,0.064901226795687,0.5130210778910695,1
17690,2.9263281543711703,-0.4945718219546384,0.7213114451959245,0
17691,-0.77521303291472,-0.1374545031847608,0.936204222615211,1
17692,1.5632812846734538,-0.2055960921058489,1.0569252529860869,0
17693,-1.751575622906686,0.0695250020105977,-0.3333402026310562,1
17694,0.7565512369831003,1.1058018264520162,-0.0446440031524043,0
17695,0.800203800143664,0.4438958556498399,0.3296605422944591,0
17696,3.125484328530264,-0.6787287239831395,1.05481164615026,0
17697,-1.679882596266203,0.7606695639318867,-0.3429875475381464,1
17698,-2.566834107777217,-0.033533741777896,-0.127710767038386,1
17699,-1.4737363163798043,0.4738672853846046,0.42640675712924,1
17700,3.0549874333380016,-0.2177618373633082,0.1667015701415502,0
17701,-1.4086587335425431,1.0159659877633638,-0.3438779952838772,1
17702,1.9131163448360773,0.3218670333158546,-0.2239880814981825,0
17703,0.5813600962834962,-0.2682139971369846,-0.2223734361684094,0
17704,-0.4413394422449224,0.9082191064153008,-0.2551078056239005,1
17705,1.7518812852769534,-1.7535161416016405,-0.6985571501665387,0
17706,4.654300617909009,-0.5673070662740194,-0.1272744522990694,0
17707,-0.9442905868052632,-1.2620762431638843,0.947955454802131,1
17708,-0.1956622902983021,0.0039613114568361,0.5991052323492194,1
17709,-0.6107459488447707,-0.635818645412867,0.7574213827293336,1
17710,-1.7217649587730577,0.8306279453312168,0.0466897648147652,1
17711,-0.7250262969627337,-0.9309874189887128,-1.2035659017254732,1
17712,-0.6373497756405274,0.7259347174686562,-1.1787542739079448,1
17713,0.1793589426229499,0.6384520574988803,0.8272053567556082,1
17714,0.2657723648879513,0.4152206334706654,0.8988909521106483,0
17715,-1.6643346116399471,0.4560083107896802,-0.568809110695219,1
17716,4.083407544848428,0.1315911928607486,0.5189054531105324,0
17717,-1.204011068100774,1.1454107920235208,0.0325802289337812,1
17718,-1.172717262362911,0.2354203231733808,0.1725545770630835,1
17719,2.3515875953397205,-0.2711433217122398,0.4680588289065288,0
17720,1.6143879774100678,-0.6204893096351011,0.1421562991452191,0
17721,-2.081430775348365,1.024340520116111,0.0578543108543681,1
17722,1.910990008399948,1.078970653096134,0.1900269389444407,0
17723,0.463043938635592,0.7264929732733737,-0.2603756969501467,0
17724,-0.1035183450008896,0.2353071178925506,-0.3112297199757128,1
17725,2.1208068464733247,-0.6290661968826221,-0.0098056056420106,0
17726,-0.1483804091194937,-0.2683166560630849,1.3369001617019254,1
17727,0.7249674880219614,1.1804069508066315,-1.7636051940440072,0
17728,2.6848426111333605,0.2106228425156596,-1.3537395693430598,0
17729,-1.2969924789062826,1.410696938000204,0.0707095312097571,1
17730,3.533028287792381,-1.0884515485614916,-0.4614744045153575,0
17731,0.789940145315931,-0.0865493488320583,0.3659282737481004,0
17732,0.8443849596245465,0.3167507492798507,1.293663370256409,0
17733,-0.1907091505706306,0.1615840650533785,-0.754267978774469,1
17734,0.7220225273872192,-0.3935812532702885,0.2526053988738563,0
17735,4.708033259042953,-0.7325759967406249,-0.5245056206997745,0
17736,-0.6999852577387582,-1.555704162841804,-0.9226154432097332,1
17737,-1.8891233770414435,-1.9217228515799936,-1.1939114638139423,1
17738,2.4650771229589634,-0.5903644335255576,0.2571686144277807,0
17739,2.613841846663096,-0.492819144459405,-0.2632307020973407,0
17740,-1.8221519059583304,-1.0473458776768405,1.0163685171426653,1
17741,-3.0693844775571058,-1.193134688833583,0.7816843254093027,1
17742,0.7339402807594975,-0.570194392386788,0.871989887009879,0
17743,-2.638363501851777,0.6111137745119631,-0.2839227441884335,1
17744,2.3536822021971875,-0.7119080311919335,-0.9105356026485968,0
17745,-1.1635477030998158,0.7774527636902024,0.3833231635829703,1
17746,-0.2391433912333466,0.1712961992351921,0.582708902643661,1
17747,-4.11936853730764,-1.2310674062859144,-0.6637077282917464,1
17748,-1.772545990655456,1.1047651837228292,-0.0107131435423349,1
17749,-0.0567421717165702,0.5480808879672127,0.2302309599776221,1
17750,1.9233715487232783,-1.4617762502723064,-0.4062362256076237,0
17751,-2.071251415534771,0.1250702269053455,0.4581691655815467,1
17752,-3.4115963550981827,-0.5324232500725331,-0.0254442668579531,1
17753,-1.3241205869460504,-0.6954917682036303,1.3973641543350603,1
17754,3.236640469650243,-1.474455581466222,-1.114858024751892,0
17756,-0.4821949279746261,0.4114826913684746,0.7540943617633702,1
17757,4.18529778964846,-2.7821741031851506,0.1322048404653314,0
17758,2.920562642520565,-0.3141722130211485,0.3336907837316351,0
17759,1.053028482608385,-0.6741297038274994,-0.2679956959313592,0
17760,0.1974559317936965,-1.4271863063649428,0.0619668266563195,0
17761,-0.2895614105763538,1.0217263177066345,-1.5523664117230525,1
17762,-2.4909284420634754,-0.0463466914080919,0.4128349170624348,1
17763,-3.245229924818356,-2.4978240555713844,1.330576619320304,1
17764,0.9050774903850828,-0.1365049767030233,0.1660279282161107,0
17765,-0.7003088777505878,-0.6807291291851384,0.7966059823655737,1
17766,-1.7493243863357877,-0.0556374043945875,0.5492481448091293,1
17767,-0.6452167637201669,-0.7834799295787537,-0.9827732724992668,1
17768,2.26962819579883,-0.2788406055742743,-0.6919979972252581,0
17769,3.2161383755343103,-0.5373726800704491,0.2592671653927774,0
17770,-0.2068379784220962,0.0203920261846321,0.5520914106975867,1
17771,-0.5742017229203183,-1.304576205963398,0.4664073799468147,1
17772,-0.5475832481574776,-1.6423495546100093,-0.4859995373076342,1
17773,-0.8843289350988593,0.7614429930435512,0.6150168069682624,1
17774,1.9391401656958784,0.1394797878815498,0.9016349390423264,0
17775,-3.6811744559922808,-1.1285568412028069,0.1201583964106168,1
17776,-1.0853483277831977,0.0455250487456893,0.8732653975346246,1
17777,0.3377180368459013,-0.6438380377978755,-0.1930169626801163,0
17778,-2.2341943121198677,0.5911284728915772,0.2922352816115559,1
17779,0.079557184149062,-0.6865342097700325,-0.467352740283188,1
17780,-1.3327667132143757,-0.2899244669903532,1.4262702742179263,1
17781,-2.5791148865704137,-0.9357493311390062,0.1381110983046206,1
17782,-0.6369387317681816,0.9159859954641918,0.3046343584815049,1
17783,-0.4652253217157105,-0.8769264579527886,0.4445722239174828,1
17784,-2.7559721778333763,-0.1820042150618977,0.5805092956469661,1
17785,-0.772862567500157,-0.9231548012962096,0.0590117766521335,1
17786,-1.150686132158801,-0.7058972706594575,0.1761644206192549,1
17787,0.8212302035896543,0.7646491027411186,0.32941049955661,0
17788,-0.9182655468599266,0.9368538747981054,-1.3141804696466977,1
17789,-1.31762312268254,0.1592944182148072,0.3473459048435539,1
17790,1.934772331425805,-1.580157957672511,1.017409377481614,0
17791,-2.5884158017764736,-1.223088135525964,-0.9451739725686712,1
17792,-1.3919372378079609,0.2062291022890326,0.7416193603978577,1
17793,-0.7589581535300822,-0.0975528445810642,-1.04093899850663,1
17794,-3.1168731986202083,-0.6754657606965769,0.8306868059735102,1
17795,-1.05903512149236,-0.1402101257158782,0.3568151262527712,1
17796,0.6606266365790443,-0.9530300587516656,0.466832621445342,0
17797,1.6253184508899337,-0.7634947851294387,0.2527835325358047,0
17798,-1.952425633108382,0.3479051587609196,0.6342756725424233,1
17799,3.209801154124011,-0.7307535914525934,0.8313034630296666,0
17800,0.5285206471046764,-1.2786080182904442,0.4387139648333243,0
17801,-0.1847605300251055,0.5729302438653068,0.9071002316137314,1
17802,2.454804904847081,0.4272218296315803,0.7460361223883623,0
17803,-2.108535382134369,0.2517725804016356,0.288521370586195,1
17804,-1.0532182513992667,-0.3574615457313032,1.1393677425009938,1
17805,-0.1989316942390989,0.8018539581030323,-0.8523350632399266,1
17806,0.1712059664426179,0.3708285246515695,-1.689797172436261,1
17807,-0.8458039929902168,-0.1792425772607095,1.1339713926748116,1
17808,-1.854509264504894,-1.0080898185969331,1.4614711413699109,1
17809,2.865739931344393,-0.2387072566914338,-0.1295854523700752,0
17810,-1.4805897850428955,0.3195893752953708,0.9244615897118996,1
17811,4.090230695287695,-2.0306620448246666,0.7008850983298462,0
17812,0.7475677302456364,-1.6478351520521344,0.1236831641242248,0
17813,1.5635232348010368,-0.4674677909256485,-0.2611607576622599,0
17814,0.7812310153207169,1.8717060378831272,0.2853690999075415,0
17815,-0.8918569871385054,1.6849493474083117,-0.3675622045893434,1
17816,-2.143184279659506,-3.5755086454407508,1.0908712057969152,1
17817,0.6676944605547868,-1.989763140266965,-0.6065490408279296,0
17818,-2.420884164797267,0.0065015703195159,0.8874086490366219,1
17819,1.989650962130592,0.3686586230954979,0.3388804466602277,0
17820,-1.9567673997974828,0.205608016276002,0.3810942003047433,1
17821,-1.9798717429294752,1.0066783448406948,-0.3348980425911677,1
17822,1.059920287582063,0.998623662321975,1.073524738065836,0
17823,-0.8341819962239698,0.3981942246803714,0.8042019970594279,1
17824,-1.1506604870418835,0.2238295727801106,-1.014163738746396,1
17825,-0.7899563796413356,0.1895840449196558,1.045625957411649,1
17826,-2.328152928590455,-0.1391041922348141,0.4700690657291433,1
17827,2.179872497645442,-0.6316159888242866,-0.7597665540296062,0
17828,0.9060214657509252,0.1378083488746606,-0.7279638928718494,0
17829,1.8922905104881305,1.8158748293046143,0.5085277565586491,0
17830,-0.7576461305387983,-2.0486032655858493,-1.7853524000684924,1
17831,-4.272571415266221,-2.416193074004428,-0.7934911389276064,1
17832,-1.3450997151797826,-0.6051833476874725,-0.3374003153211456,1
17833,-1.6356595968541363,1.1453297657078678,0.3096131054417703,1
17834,-0.3807596505308407,0.946782935557746,0.5089814710019831,1
17835,-0.2436475258088171,-2.028657994767825,-1.205280941924252,1
17836,-2.1816637420948024,-1.0208202720969433,-0.5044697789994926,1
17837,0.8426857705465739,-0.8415091587331635,0.4457439940805436,0
17838,2.623206521139859,-0.1277855713538239,0.2365175261268553,0
17839,-0.7675039321388061,0.1463097027468295,-0.81251233653457,1
17840,-1.925658210654226,0.238432788263916,0.514794796491547,1
17841,6.955090912748104,-2.165859710160441,1.3525094043979156,0
17842,-1.7066054596277265,1.3352159819680165,-0.0366809294646977,1
17843,-1.1701077794359216,-0.0660701718904167,0.7035678494313568,1
17844,-3.5442220688279185,-1.5528112941193546,-0.1532002718561507,1
17845,-1.0159450907303944,-0.1024034768976779,1.1817861524431592,1
17846,-2.0945543780099807,2.2300015990721067,-2.550402488192405,1
17847,-3.221804070812732,-0.9485777571264132,0.7928863873537593,1
17848,1.758410913597763,-1.493185420546062,1.6470152891373395,0
17849,-0.5154109436563954,-0.6949002062081261,0.9511572381511764,1
17850,4.495603071191297,-0.2184887297717498,2.795615405163869,0
17851,0.7578305567796899,0.3513146332178453,1.4362772985988368,0
17852,0.217026060194667,-1.5561070638027577,-0.2549849647627579,0
17853,0.3881664665852246,1.3134329522370596,0.5492085744289985,0
17854,0.330461572442255,-0.3426532102728755,1.0743898259560172,0
17855,-1.940534513412001,0.4355544060378494,0.1240158747227583,1
17856,0.762008176527204,-0.8758710433816527,-2.132381691697441,0
17857,4.153736557571941,0.3084891700479459,-1.2621393712801514,0
17858,3.798824743404792,-0.9071887725440037,0.0159428449275837,0
17859,-2.3009808167144308,-0.1116173813245503,0.2599899118919627,1
17860,-0.0324424578618033,0.0060372818980258,1.2671587336734185,1
17861,3.3627103708593875,-1.4412050363240156,-0.1953983130529456,0
17862,0.1607168653604361,0.5605664949684502,0.8126195605495066,1
17863,2.554767865345274,0.2119739799037602,0.5906869395465364,0
17864,0.773382337608452,-1.152213876386086,-0.2671690711275349,0
17865,4.643668711761178,-0.1261360258902065,1.1081006366090895,0
17866,-0.1970176491628963,0.6358656918953167,-0.1632059432179223,1
17867,1.06607916943184,-1.7908991719165848,0.9005496607151485,0
17868,-2.1236513507506447,0.4803714290529635,0.0663287915022392,1
17869,0.0166304527705365,-1.0318967341430223,0.9590545313537931,1
17870,2.496439045711918,-1.8416096852569577,-0.5657753753687945,0
17871,0.1424379351163503,-0.0296482075304645,0.8090085966107069,1
17872,-1.927748713748988,0.5737851208764705,0.0374000191247263,1
17873,2.3205854272813813,-0.059920956124669,0.8054590561128965,0
17874,-0.6960731025062196,-0.8557936586688444,0.9377661889985824,1
17875,-2.3169590194023306,0.3323528957823107,0.5821234231812372,1
17876,0.2876036501865225,2.3495614206375945,-0.5993515808081548,1
17877,-2.0186397457030902,0.2817480366184641,-0.4365843477465252,1
17878,0.8420911558092555,0.4451498167939966,-0.404362477686244,0
17879,-2.6890073670250327,-0.0509793301826561,-0.4968430352255949,1
17880,-0.4099662699418726,0.5573772111452715,0.6274759984608328,1
17881,-3.0343874319547144,-0.2176777169495187,-0.0420014381632613,1
17882,-1.557574293707517,-0.1306395370720881,0.7618542405331133,1
17883,1.094890350121104,-2.0412390887483203,-0.6136080538015177,0
17884,2.652195239225788,-2.2217530275405566,0.3030944497040724,0
17885,-1.3310192728004953,-1.1079890888571144,-1.1009678847110431,1
17886,1.0759932476851353,-0.4994158900997609,0.1218487307876419,0
17887,-2.958821397701359,-0.7127291386754759,-0.3061941325125314,1
17888,1.619846302252481,-2.432115684934768,1.2589480164941034,0
17889,-0.1400899465203143,-0.9238860370251804,1.3916050033297924,1
17890,-0.4356111932692532,0.6351694921585208,0.5746856972941281,1
17891,-1.3607427452413268,0.1500386095530969,-0.0366041087049644,1
17892,-1.5813574964197896,-1.4805344859671394,0.1369347075556359,1
17893,-2.4772696843513176,-0.4782394087678336,0.1655441377757241,1
17894,1.5202638901309091,-1.3420381366154002,1.4837453124511677,0
17895,-2.303381388464009,-1.1590737760657428,-0.5545511361553737,1
17896,-1.7468054014213985,-0.1692661950419625,-1.7518607908450277,1
17897,1.1989358254606146,-0.1849832146667794,1.2754848657008435,0
17898,-1.059781855489832,-1.4694183030850851,0.6854289676342997,1
17899,-1.8789631211942532,-0.2099549869366759,0.0011225953484443,1
17900,-3.096879709157356,-1.349730163074939,0.2564248567853504,1
17901,-1.7962338023715996,-1.6920685916158975,-0.3160275625966039,1
17902,-1.5716295672201774,0.6538452125803081,0.4318924421351044,1
17903,-1.2820707757006615,1.055550735985031,0.0844209739161305,1
17904,-1.6547782762537042,-0.7854911884816412,-1.054757926223189,1
17905,1.3817093359310486,-0.9079168463953026,1.0755069261807582,0
17906,-3.388915955553058,-0.9749395273332244,0.2436288312456696,1
17907,-1.3588730690145607,1.1047742993593643,0.2414103189709004,1
17908,0.4257590296903092,0.20300365252725,1.334524158948181,0
17909,-3.321849657398107,-0.1272937519978057,0.4736188419248222,1
17910,-1.921045016274585,0.8570574216076782,0.3989936031066557,1
17911,-0.4931118288345,-0.2111941271772731,-1.680533889410279,1
17912,-1.1729252866029762,-1.352646736124253,1.5410973370158585,1
17913,2.043133276753199,-0.5785778013983566,1.0011555271448975,0
17914,0.0070461743348792,-0.5742296835916417,-1.8059075328476155,1
17915,-1.826629394577351,0.6279404555602747,0.3855996697028296,1
17916,-3.567067684129031,-1.9926075227928093,1.5966239464445846,1
17917,-0.7893574869729062,-1.2138780427836924,0.1870945622149833,1
17918,-1.1933474838190767,-0.151590012635979,1.0580947094777893,1
17919,0.792588814692111,1.5820401184168371,-0.7578105798927766,0
17920,5.154775400450686,-1.1857926128576233,0.5150450996683815,0
17921,1.5668265373929464,-0.5129292869481609,0.8731149084884883,0
17922,-2.82990160798505,0.2721500828706981,0.1344098772307973,1
17923,-2.0325216912094803,-0.0568370040369589,-0.0420065439914785,1
17924,1.4505685562038542,-0.3214432645173922,-0.8362704096544301,0
17925,-2.8796396634622985,0.6282741457531212,-0.6053036659733054,1
17926,-0.1326898234152673,-0.1845579205134126,0.383970219854279,1
17927,-2.1590971904637204,1.0105288416478084,0.0993469515361293,1
17928,-1.0662845976415651,-1.1396646300645557,-0.0892276390352853,1
17929,0.6616448228240402,-0.9902768670489768,-0.9031064480003528,0
17930,1.956184744606939,-0.2731504395007071,0.166098790204667,0
17931,1.9820845729787544,-0.3152241052467124,1.451526553546343,0
17932,0.8252865916318639,0.2500808582214109,-0.5911235313389563,0
17933,-2.957712272106153,-0.1095185687438417,0.5136481628146111,1
17934,0.1782143680665692,0.2003894887772526,-0.4377031088709242,1
17935,-0.4387167164427751,-1.1732873048670418,1.0735950804815493,1
17936,-0.123246223217857,-0.378452769827913,-1.819442908475409,1
17937,1.7119822522296309,0.1128734776653608,-1.302679062746889,0
17938,-2.4735784712935893,-0.0394201046594523,0.426178364243328,1
17939,-2.9443088672267383,-0.7560155674845275,-0.0868348683192169,1
17940,3.964217961751422,1.953277857067361,-0.6053728222905267,0
17941,-0.2051201009171326,0.5777151660920576,-0.3641017194480088,1
17942,-3.0742453318277327,-1.965775857388912,-1.776935351637012,1
17944,-2.89201037222471,-0.7145342931730214,0.7257467984313294,1
17945,-1.220906603681338,-0.1970026630088554,1.4154865593743555,1
17946,-2.455701294094242,-1.0214279681971927,0.5765226463916382,1
17947,-1.8770329867352835,-0.5046676223684958,-1.0492864991357689,1
17948,-2.1963320364711327,0.7875212867509522,-1.193489133121961,1
17949,6.371925867619453,-0.7909071883814194,-0.7503370918258608,0
17950,0.6641167252909231,-0.773869306426401,0.7778689351795929,0
17951,0.3471242937307024,0.0277911891789418,-0.52213138984212,0
17952,-0.2173582845404758,0.1085856459614442,1.1027554511232402,1
17953,-2.3804583862453974,0.2070549507018506,0.4340528518373308,1
17954,3.0653083360132,-1.7064793733973445,0.3209937503476395,0
17955,-0.3853535570826847,-0.3626142591293221,0.6566022971000047,1
17956,-6.1204688732622445,-2.927392319272036,0.4211989861308959,1
17957,-1.7743759466780282,-0.8260634160201918,-0.2062632544786803,1
17958,-0.2711187249499407,0.8681561940611441,-0.4176701455125939,1
17959,-3.365637054366489,0.1358286159644835,-0.0292980499428632,1
17960,-2.320190690029958,-1.8039422213453653,0.998368199269602,1
17961,2.5204428656563347,-3.937468018567092,2.695693834067686,0
17962,0.1117935967640333,-0.4038295078078096,0.8857392017177288,1
17963,-0.4703224833796959,-0.0700541290817839,1.3252989150633796,1
17964,-0.2877694385415752,-0.413717564823558,-0.4270281609998704,1
17965,3.352233141019156,-0.9465244339029256,1.4562184538724865,0
17966,1.5924368538278084,-0.7704002279683447,0.5256689860486871,0
17967,-1.7289556659053278,-0.4480448197418784,0.9350000510838246,1
17968,-0.4552258338330474,-0.2416651137154656,1.2816016876286391,1
17969,1.193116529434603,-1.1580890416603769,1.7981668632234808,0
17970,-0.6305098228843843,1.3822985274913946,-0.4572626528132414,1
17971,-2.4944159714036043,0.1986109129957086,0.4193895324583384,1
17972,-2.5239910980095144,-0.3210590834654507,0.1860589689102722,1
17973,-1.2757023711015167,0.3025617509387932,-1.0764031370577631,1
17974,1.5974845632482304,-0.4647349244246267,0.175487812276807,0
17975,2.9605858111028907,-1.0480906043248506,0.5795864079421996,0
17976,-1.4496622789626754,0.8124896479657245,0.1808611974090284,1
17977,1.2567345313903602,0.9780855075660628,-0.9177192912846368,0
17978,0.2874412755207026,0.6011699080530054,0.8690637423457924,0
17979,0.2115269675892077,-0.7822775757483119,0.1036389909485205,0
17980,0.0349346926826509,0.1710925385202337,0.4254695263841394,1
17981,-1.7707891396385185,0.6345065891024837,0.1191827231850998,1
17982,-2.6157116326624594,0.1574802279651549,0.5125123375115249,1
17983,-2.1879316399683684,0.1872259342276325,0.2914443641757036,1
17984,0.7716843381116006,-0.0868926926704254,0.9470784492938572,0
17985,-0.5491364704627832,0.6945340903250282,-1.7180543415581635,1
17986,-4.955223025811588,-2.8007894419721926,-0.4111981474263091,1
17987,0.4659391591353373,-0.1807424647819132,1.0410057326390652,0
17988,-0.0457239170190141,-3.3553413492193678,0.8932363022741157,1
17989,-1.6816999020277763,0.4439152951738903,0.2692665959348135,1
17990,0.2840665836635626,0.190658947154857,0.7519971904031809,0
17991,-1.6339444610780405,-0.8142302110269629,0.7641440737382915,1
17992,-1.5835429852369391,0.5899317053333848,0.3037464966430029,1
17993,-1.7463647246972005,0.59948239872128,0.619523556856337,1
17994,1.6494714622447928,-0.4365556948917498,1.3339966190588672,0
17995,-1.0680644071770091,-0.1100648637138037,0.6107904973097452,1
17996,-0.6276748135988152,-0.0185925354743519,1.0247115347096298,1
17997,1.4458718053636592,-0.2947271797132376,0.7297203759218053,0
17998,-0.4606365955361775,0.2916540975077592,0.8572246738166818,1
17999,-0.105883062599502,-0.769323872213243,0.0269200470764655,1
18000,-2.9181710109745858,0.00173367433766,0.2837854839262917,1
18001,0.8743727144978212,-1.390425976743496,-0.1046068031647198,0
18002,-1.8580476999724915,-1.282172055097489,1.4333044121360083,1
18003,-1.316861283246293,1.032138267479001,-0.0293513246053264,1
18004,-2.2383012560715367,0.0291884501607604,0.3573293527146411,1
18005,-0.9753066998447796,-1.953849801785354,-1.25233099100294,1
18006,0.2813425777020755,-0.5926993732933479,-0.4335165044826147,0
18007,-1.5327600080064046,0.4612469056287178,0.4071310555655176,1
18008,3.4975102399299134,0.8492361723747632,0.4939638156873951,0
18009,0.9351801822267582,0.0998757457589091,1.1819960538708747,0
18010,-2.432398479169281,0.0437849572754558,-0.0801288374675854,1
18011,-1.2076551756841185,0.2260795576512002,0.6620185645783261,1
18012,-2.9540991653802378,-0.0619443448707941,0.594454545536036,1
18013,-1.619386860211302,-0.8438355837893621,0.4920819602642523,1
18014,-1.801591764842044,-0.7978721697566334,-0.8931398954228578,1
18015,-1.2406339807039712,-1.7362158031932502,-1.490454609816937,1
18016,1.3506608968691194,-0.4298685658782795,0.1380715649367964,0
18017,-1.3625654594492225,-0.4130820638090046,-0.5857223013535928,1
18018,-1.2375612731970806,-1.4097348907193634,0.7538516118211168,1
18019,-4.212221292938355,-2.2367633627212613,-0.458818621881177,1
18020,-2.525030305866793,0.4007893636773785,0.197894128307042,1
18021,-1.8893092798109337,-0.326007882071367,0.9602575078833122,1
18022,1.474780650415431,-0.2481795098684781,0.2815517625109987,0
18024,-1.3222967046129446,-0.0590868568911696,0.0006312458672148,1
18025,0.3340209697091112,0.0531955897671522,1.3137940674478603,0
18026,-0.1247469496601495,2.2686671903619446,-0.3467824383945401,1
18027,-2.35593043867796,-0.7278431306702247,-0.2064749639899863,1
18028,-2.64702083015908,0.5171942171900187,0.0058140689875218,1
18029,-1.3918224915461983,1.4342063554680686,0.0491732905390769,1
18030,-1.6414362214029112,-1.8784748776522584,-1.7564034998008535,1
18031,-0.8811670898733368,1.2741203222651207,0.0535095388318458,1
18032,-3.559226535168763,-0.8029370821145196,0.1983297522972376,1
18033,-1.9331203670485024,-1.0315762618348665,-0.1273137794316377,1
18034,0.763043112249262,-0.4860816714038396,-0.2227785187875932,0
18035,0.6952756504864607,-0.3835700013741146,-0.1153267999811914,0
18036,1.2681258248582872,-1.3754677100082282,0.824163548869721,0
18037,-2.254337529221621,-3.784122615823064,2.218404126663849,1
18038,-2.4650117780689267,0.065449085043525,0.5520679638833655,1
18039,-0.2842578502163049,-0.3028060163189094,1.412852084452805,1
18040,-1.108186323506667,-0.8578718786099543,-0.990130660380849,1
18041,3.779471634595889,-1.5225779984128285,1.0742665128402504,0
18042,-1.8275948706995504,-0.8112322593603188,-0.5071740093512801,1
18043,-0.1091687937994594,-0.8965713791320449,-0.2069897633788227,1
18044,2.380271341558475,-1.7871368130174905,-0.1913455701299337,0
18045,-1.4633919578904324,-0.5024776559153312,-0.5708951364326744,1
18046,-2.441502754288829,0.3977429661923168,0.4586529197615613,1
18047,-1.3214733805695362,-0.0242114146112661,0.8305596555319574,1
18048,-0.9563172726549688,-0.4974484702755868,0.7490913147903924,1
18049,-0.6377640903359669,0.5644081111601107,0.7758405500439216,1
18050,-1.3328000485467089,0.3045643824387262,0.4040750461801382,1
18051,0.6528162145485455,0.7973592058026209,1.2094689090959037,0
18052,2.3734893932161496,5.235393897010473,-1.388092395060921,0
18053,-0.5490460135278435,-0.3850504763065823,-0.0735373638466227,1
18054,-2.4381817885586505,0.23600639900169,0.0808374106396886,1
18055,3.62065994710005,-0.0601689216784184,-0.3982644269466622,0
18056,-0.8959571081306257,0.5678026429835116,0.233762303185248,1
18057,0.4286749078858701,0.9916655246801556,0.8010508451128885,0
18058,-0.2398758257865882,-0.6717998225596994,-1.374191144016799,1
18059,-1.1240749113254616,-1.4527115446060523,-0.4638488890335517,1
18060,0.2482915800849241,1.548268347433524,0.3380502434531704,1
18061,2.260436354297228,-1.1322765143984908,0.4204520773651476,0
18062,0.4621005687012774,0.1580121034053731,0.6120835409222505,0
18063,-3.151279266622074,-0.562438987243253,0.1864781565394126,1
18064,1.7261750793588022,0.4129570022970106,0.6612061062789001,0
18065,2.9859208145538725,-1.7554202794745906,0.336012020184208,0
18066,0.3098483656424436,0.6594770324671352,-0.4232610326211818,0
18067,-0.7947390434420463,0.3643608490093665,-1.0480954624083938,1
18068,-4.222883862806885,-0.5742332258027887,-0.4296640871906536,1
18069,2.907129365592576,-0.2212655750315974,0.5591986391828028,0
18070,-2.19649006574238,1.0466187735536447,-0.0077555854412141,1
18071,0.1095081392446691,-0.0940894046908668,0.9849655989811872,1
18072,-1.5436345150369404,0.4128556700078872,-0.2501984460705739,1
18073,1.4162165738231285,0.1176731000959257,0.5327058533718386,0
18074,-0.3651551628305446,1.3192088257915144,0.1348824612434686,1
18075,2.7760811060445136,-0.7689445282105697,0.6196334265703064,0
18076,-2.481179812621781,0.1045545621020019,0.0921575721298987,1
18077,2.5935507054210314,-1.3511349697028523,0.1227297213296248,0
18078,-0.3436322337454756,-0.1738005992453894,0.7961861011550944,1
18079,2.447433004923852,1.125818849540985,-0.2940464016220916,0
18080,-0.3392242126282407,0.6771828844113493,-2.016442007678878,1
18081,-1.2713471025649687,-1.190230011352119,-0.3740817784071354,1
18082,0.2425800180237181,0.8737213839105378,-1.306535549150536,0
18083,-1.0053734072119356,1.324957399423347,-0.0243639913780105,1
18084,-0.272946092948241,-0.4223609949755239,-1.2610706032107937,1
18085,-0.0030284555117094,0.6803263199129387,0.5929437228345718,1
18086,-2.898166609323834,-0.4688060886684148,0.0784572760690041,1
18087,2.9953006982291046,1.0903607287166035,0.3558186730509275,0
18088,-1.7222895476226754,-0.4885267234355444,-0.4614881672228823,1
18089,-1.8523591240885595,1.260754574376833,-0.344666504562762,1
18090,-1.1640636964103517,0.9415763594309812,0.2609980425705483,1
18091,-1.176501540915475,1.2431154297019404,0.2304820968827451,1
18092,3.742977579125309,-0.2848359676627899,-1.42690422664322,0
18093,1.7760653306557428,0.7561328375070554,0.1553670304437032,0
18094,2.249667759649188,0.4362808289193407,0.4520897749527292,0
18095,0.7410787407836054,1.0375365896277668,0.5357671879960717,0
18096,1.776951195777687,-0.753055824474226,-0.1179594576405778,0
18097,2.4523350543771367,-0.5059163293402109,-0.5470958873066973,0
18098,-0.6859891009364761,1.4176426634476766,0.125538998563085,1
18099,-1.949970605865236,-0.1835559094445182,-0.2639206331675517,1
18100,-0.9939920561774126,1.4442106277801912,0.1208630076865433,1
18101,0.0920778161133524,-1.6771046952683142,-0.2698155353555177,0
18102,8.594497305328673,0.6760218442741119,-0.7674163190537752,0
18103,-3.352928594129223,-0.3037770763578864,0.3856696872888892,1
18104,-0.0697337959987019,1.089268452919641,-1.3508397290895324,1
18105,-2.396440402265215,-1.0930226211007843,-0.718538597400243,1
18106,0.4286668913167847,0.1620708815704591,1.2187970330683364,0
18107,-2.225838942843575,0.1333351483855237,0.4644479481891586,1
18108,-0.4982482716121122,0.4292553819384982,0.4099290372392035,1
18109,3.8450363381083057,-1.9207891178997487,-0.1022097093372055,0
18110,-0.6199833437442749,-0.7750227719290099,-0.6970119179692003,1
18111,-1.3208904706702271,1.3107408511383911,0.1416865029494345,1
18112,0.2800124637484993,-1.0513599053902012,-0.6129073269952778,0
18113,-3.759775194776192,-0.6486273481984685,-0.0410625781280985,1
18114,-2.0821688375671203,0.3045613721136894,0.0375735566428163,1
18115,-6.05786881455301,-2.8426383541688223,1.2575105559452084,1
18116,1.6645846305749747,-0.982059886282062,1.3014088908194583,0
18117,-0.3145079551637483,0.0231313783235908,-0.9036217493701366,1
18118,3.3033031843543204,-1.500002914559344,0.8370691024520499,0
18119,-2.017207915761164,0.2198206297000637,0.3014367318661339,1
18120,-2.8791495404144984,-0.5640577004249676,0.0682767905354651,1
18121,-0.5616160208030563,0.546825703776125,-0.1414639706671284,1
18122,1.7947318888385375,-0.802119857208504,-0.4157889365817326,0
18123,0.1024094579634419,-0.5724331416165087,-0.4770754227560417,1
18124,-2.912016297657203,-0.3667639523226846,0.5442718980071136,1
18125,0.9230312110822396,-0.3291453387396628,-0.0607438266288655,0
18126,-1.374091947170035,-0.2793433129075379,-0.4370288666084003,1
18127,-0.2529791091881593,-1.296537022805979,-0.2814242195870841,1
18128,-1.1917047192785206,1.239852505697547,0.2185690495900577,1
18129,-2.847368728863426,-0.469233669859385,0.0780281256247134,1
18130,0.6655140572484254,-0.2034179455972856,-0.8853631692918742,0
18131,-2.109433048823365,0.8032516371628753,0.0512296241143285,1
18132,-1.5201437878880244,0.5483055589546519,0.5754072399679179,1
18133,-0.8455374392567825,2.1112515173976827,-1.364385323295117,1
18134,-1.51081712301394,0.5062009274565354,0.621857073748216,1
18135,0.3662038371665576,-1.416881783279719,0.1895199910812875,0
18136,0.8314768930721473,0.0524338561352815,0.1101859926530187,0
18137,-2.591770032864805,-0.7915519190537429,1.075196925368744,1
18138,-2.874231149631274,-0.0682991331304437,-0.1128682423599699,1
18139,2.6459957440316546,1.353191061409328,-1.2258650955730497,0
18140,-0.7048557545474673,1.5577565412238568,0.0896666629306674,1
18141,-0.4239975359240365,1.195446069027406,0.2572790469476605,1
18142,-0.2633985958542983,1.1692464239535678,-0.563998496436646,1
18143,0.1385247990270275,0.9234728776109024,-0.2525988754218295,1
18144,2.2888645620517734,-1.2097431935311145,-0.2069526902818488,0
18145,3.062964285196556,-0.1329648184807546,-0.0899699280067143,0
18146,-2.274487933484085,-1.0431771122426652,0.1982660438827558,1
18147,-1.9974472705058064,-1.262042579857689,-0.4537212907759432,1
18148,-3.063765359420252,-0.1087648701220898,0.4614084202610004,1
18149,0.7310576918101652,-0.5187342151075405,0.2488931391578444,0
18150,-0.467647669699428,-0.6729672890824564,-0.4564852867614607,1
18151,0.9267842932279228,0.2111841335267398,0.64077362184516,0
18152,-1.9656501161783684,1.3592260717506064,-0.1568221091425651,1
18153,-1.9194608949216152,0.8062646430944265,0.3120685589880654,1
18154,0.614103614768269,-1.564622772134057,-1.2830553220419492,0
18155,-1.1575390238270569,-0.8504902504262108,0.0283674402825947,1
18156,0.2187139994857743,-0.3078850290931946,-0.9918173091933208,0
18157,-1.9731885548705892,0.5675127725521446,0.395336939700527,1
18158,-0.4215605584397542,-0.797396730083647,-1.3348731357928425,1
18159,-1.1994527143885794,1.3535640351428109,-0.37658376971907,1
18160,0.2151867480041223,0.1520805470250556,-0.2663926894129454,0
18161,1.121794773795063,-0.5451554308860077,-0.5216889075013187,0
18162,-1.1500429019255858,1.2896244141446724,0.4425118368551214,1
18163,-0.6001964519392876,1.9897179059825163,-0.0601657613286608,1
18164,-0.9152547175470568,0.3617042795544321,-1.1967774578665609,1
18165,-1.606072325460239,0.6309050136147026,-0.5276829783314685,1
18166,-2.5800366423638894,0.3829009919373809,0.273917686926627,1
18167,0.2583698657777177,0.2171237794849933,-1.0927986380928991,0
18168,1.8684155919935617,-0.3883646662787636,1.631343573309427,0
18169,-2.178833327260488,-0.2550778894821541,-0.93848633358936,1
18170,1.423063528963459,-0.3173631857018371,0.0164408639447996,0
18171,1.215308728903104,-0.3289001531870725,0.4291054646253486,0
18172,4.037700686815618,-0.9995784799870104,0.8399822564478769,0
18173,1.0972776309338224,0.7926895295461136,-0.1629436222592823,0
18174,-2.4716212741304378,-2.0021993938067486,-1.720259964031024,1
18175,-2.778044710743202,0.4095261789925816,0.2093611548690193,1
18176,-1.0077838632966936,1.3305730939785887,-0.1325521158254267,1
18177,1.2870069711213004,-0.6270581035322303,0.1479332130695703,0
18178,2.5337472842410715,0.7131506677810089,0.8772462879203343,0
18179,1.883232456545053,-0.7131431801920672,-0.4768266434359144,0
18180,1.7421788234472937,-0.8730401447521293,-0.8454536981416744,0
18181,0.8110856981028753,-0.6761484392172233,-0.0591354733032323,0
18182,-1.9477927398800483,0.8809266722407394,-0.0802367518169391,1
18183,-0.6354510971539354,0.6295921068767512,0.1295457042987048,1
18184,-3.526241220130056,-2.190382321350784,-1.3509339182949192,1
18185,-1.6001142251515308,0.7090939923697761,-0.2549579009064177,1
18186,-1.6909435554478909,1.2094055087723128,0.1320373830518794,1
18187,-0.6115613556640814,1.969919509069828,0.0574180567532873,1
18188,1.958210813967162,0.13855781106139,-0.6413384429818468,0
18189,0.6742807431486614,0.6438844695713313,-0.1647317009766567,0
18190,-0.4248006062217662,-0.4423519335074727,0.7695532457329837,1
18191,-1.1177088952966183,0.5088815752303579,0.0503993106018235,1
18192,0.0215163609863303,1.5627873357048985,-1.1141295485571812,1
18193,0.3877051645832033,0.7413492085897536,0.2196865818445612,0
18194,1.324998265126809,1.0182895223633084,-0.3390233005812463,0
18195,-3.237458022341605,-0.3819149838429801,0.1317278839419411,1
18196,1.060579965078218,0.340194693403996,0.4388361124836979,0
18197,-2.2029214955668146,0.6984201130694901,0.1119637953825448,1
18198,2.844406175659928,-1.1448394989986883,-0.5303061252172591,0
18199,-1.833970186883312,1.1357217214585495,0.1661134197375473,1
18200,-1.973792122779097,-0.4079058962789196,-0.2039246183680534,1
18201,-1.3453698115983468,1.4736119130314675,0.1789791741757294,1
18202,0.2570803893536031,0.942048616320085,0.1632050969072389,0
18203,-1.1102041238125775,-0.7675994315273421,0.6363099076808665,1
18204,1.2984253908501235,0.9845894062762404,-0.1690710945848609,0
18205,-0.7008584719618806,-0.2405634327166642,-0.7237892794475548,1
18206,-1.5994019861991324,1.0272107803648514,0.1492779994098527,1
18207,-0.9155027222061832,1.5963241426826458,-0.0256680990411627,1
18208,-1.8749414837812413,1.114304711669071,0.0031661313542998,1
18209,-2.3743923967756526,-0.9144925861134526,-1.1351727616722114,1
18210,2.214955183636253,-0.9552191307289488,-1.323119823717684,0
18211,-0.2772139852609345,-1.3700992314740137,-0.0602354838258572,1
18212,-1.0901099982233848,0.4621049317242091,0.3806051207334092,1
18213,-1.7625816188582764,0.4174575108956599,-0.1644345327915292,1
18214,0.2957497992093066,1.1987929730380416,0.6891098492539542,0
18215,0.9647487782085072,0.5461461049590207,0.0341822691036547,0
18216,-0.6870697153113757,0.511014673755979,-1.346412386564089,1
18217,0.2300652562566337,-0.479874329088398,-0.4211175869568638,0
18218,-0.006920393325636,0.4022512424426036,0.3742758994556034,1
18219,2.263711928472893,-1.8361796219059645,-0.4636993462132064,0
18220,0.3586965164610122,0.4994179299607516,0.427017164018992,0
18221,0.9538679828511536,-0.6829493592660334,-0.1650973522016705,0
18222,-0.9033475057979834,0.8310432393802102,-0.8403701009515602,1
18223,4.006155136219734,-0.6309824923916751,-0.2231890048290022,0
18224,-2.572707570010062,-0.029728783798943,-0.0971735518341944,1
18225,4.186642537428572,-0.8884816598132239,-0.3342889893075729,0
18226,3.669288179636601,-0.0945773193006607,1.01041716845037,0
18227,-2.427911136330914,-0.0378168443995419,-0.2609419096338684,1
18228,-0.4962210907348671,0.3887794596415426,-0.7667163369366513,1
18229,3.035062165389029,-0.8122023329909474,0.1146006912309785,0
18230,2.024040666894308,-0.2614152626388495,-0.8521334962060626,0
18231,2.5601562713156207,-0.3689104598976233,1.9036478289638143,0
18232,-0.6210393653295654,-0.7034004678818204,0.2292580440671227,1
18233,-3.235786881083952,1.0516620236844554,-1.1112853885906882,1
18234,-2.222454406442309,0.3175901839480632,0.4793961809680293,1
18235,1.1540438296769011,0.9222509891794104,-0.2244949343315424,0
18236,1.0381478539491715,-1.3176107261534868,0.5253976703222226,0
18237,0.7092754787989445,-1.5090855572862611,-1.2683607699094843,0
18238,-2.034800016754405,0.7991731494504317,0.0677913888239504,1
18239,0.6639862568052036,0.2653895057064437,0.8644459045492507,0
18240,-1.464178212258582,0.5219527879852524,-1.48862554490392,1
18241,1.991531836617656,-1.871766104776972,0.397574187575931,0
18242,1.823882693165553,0.3642051765576226,0.3671288006037311,0
18243,-1.0981701043403544,1.4555991671913706,-0.1548515799819514,1
18244,-0.7890655943871835,0.8076931540798261,0.363839155311295,1
18245,3.419339041876424,-1.0619799817932056,0.2096421371718989,0
18246,-1.0117154413799845,-0.3953352906471117,-1.306951396959699,1
18247,-0.6648433632050391,0.6144662752372432,0.5472644028701185,1
18248,-0.2094964055585856,0.7088111474367723,-0.2378216807678862,1
18249,-2.3164758175768583,-1.453010830955799,-1.1571092746172147,1
18250,-1.4425088080490471,0.9313390957566494,-0.1605529090293204,1
18251,4.146749037298017,2.6639675174199247,-0.3135718605041523,0
18252,1.0249325639928804,-0.5620895926701501,0.4842456966273952,0
18253,-2.133684891816673,1.0821110533056195,-0.0704023745473995,1
18254,-1.869710487598557,0.8552967070886893,0.192297490123302,1
18255,-1.470911483224547,-0.4989552434473988,-0.1959533582323257,1
18256,-2.6261830596459848,-0.2340052469257201,0.3152975838293499,1
18257,2.4253760122385595,-0.1541697598058679,0.5275006265325842,0
18258,0.5787512426495786,0.8172785527600563,0.8985600742407467,0
18259,1.6768828394783326,0.2965701311807328,-0.5379407629838354,0
18260,3.018693971542056,0.3264028060942636,1.5075508169434206,0
18261,-1.3242794276870191,-0.6952556623176475,-0.5451997460111233,1
18262,-0.4707742760412219,-0.1392414871910376,0.3421949787957573,1
18263,0.8486965950808062,0.1669866362000416,-0.6558356838767239,0
18264,-0.8801752726722064,1.683367307578288,-0.0537506219210829,1
18265,-0.2232549697470935,0.4890510017334466,-0.4845051832116432,1
18266,-2.001306552275418,0.6714194668720147,0.0354203776161184,1
18267,-1.9761084621400635,0.8858058755951475,0.2555351574190251,1
18268,0.311420757041322,-0.0281799338713342,0.4629712553368671,0
18269,-2.669047827595293,0.1629909184035931,-0.0533525545190367,1
18270,-1.0019354624010566,-0.8922505511097638,-0.4215452823235075,1
18271,-1.023252568455663,1.0552708153132702,0.3825853449984399,1
18272,2.779912483363971,-0.6279410993248812,-1.0272646213926733,0
18273,-1.4801018624892968,-2.433931483797321,-2.0658224564976377,1
18274,-1.9770437426440648,-0.6296987963307626,-1.1329018070688497,1
18275,-0.8646958770658584,1.1497429187604324,0.3302277856631396,1
18276,1.049028216686781,-0.2771258016936328,0.1348375140198896,0
18277,0.2738308575229408,-0.3600406146709268,0.0937511631851324,0
18278,-1.2066190252140594,-0.2541675340909012,-0.3743787678478927,1
18279,-1.652362010854958,0.745335495239015,0.2273034615087502,1
18280,-1.1542652522570065,0.3793225506858773,0.2490438304145965,1
18281,-1.9970073695541155,-0.7356370409195174,0.3361886423095364,1
18282,-1.713082960713113,-1.9171294976709368,-1.1798625097013815,1
18283,2.5471499339554926,-2.40905485616245,0.4113171274004501,0
18284,-0.9179524838520282,1.398706594641943,-0.0151931332292119,1
18285,-1.710222365378654,1.4047691726103175,-0.0638661965879534,1
18286,0.1313966565821133,1.6763917354410696,0.3184613076558818,1
18287,2.173073541440128,0.5660692883352767,-0.0338546992757245,0
